[2026-09-30 03:15:45Z INFO HostContext] No proxy settings were found based on environmental variables (http_proxy/https_proxy/HTTP_PROXY/HTTPS_PROXY)
[2026-09-30 03:15:45Z INFO HostContext] Well known directory 'Bin': 'C:\Devops_training\DevOpsCICDProject\actions-runner\bin'
[2026-09-30 03:15:45Z INFO HostContext] Well known directory 'Root': 'C:\Devops_training\DevOpsCICDProject\actions-runner'
[2026-09-30 03:15:45Z INFO HostContext] Well known config file 'Credentials': 'C:\Devops_training\DevOpsCICDProject\actions-runner\.credentials'
[2026-09-30 03:15:45Z INFO HostContext] Well known directory 'Bin': 'C:\Devops_training\DevOpsCICDProject\actions-runner\bin'
[2026-09-30 03:15:45Z INFO HostContext] Well known directory 'Root': 'C:\Devops_training\DevOpsCICDProject\actions-runner'
[2026-09-30 03:15:45Z INFO HostContext] Well known config file 'Runner': 'C:\Devops_training\DevOpsCICDProject\actions-runner\.runner'
[2026-09-30 03:15:45Z INFO Worker] Version: 2.337.0
[2026-09-30 03:15:45Z INFO Worker] Commit: 397b032cbf865e9c3ddfab89d533ec19325e1273
[2026-09-30 03:15:45Z INFO Worker] Culture: en-IN
[2026-09-30 03:15:45Z INFO Worker] UI Culture: en-US
[2026-09-30 03:15:45Z INFO Worker] Waiting to receive the job message from the channel.
[2026-09-30 03:15:45Z INFO ProcessChannel] Receiving message of length 27115, with hash 'bcc1e92e4063c0efe6836b98e9d71fe7f0480496ad376af336e4819f57485eef'
[2026-09-30 03:15:45Z INFO Worker] Message received.
[2026-09-30 03:15:45Z INFO Worker] Job message:
 {
  "fileTable": [
    ".github/workflows/pipeline.yaml"
  ],
  "mask": [
    {
      "type": "regex",
      "value": "***"
    },
    {
      "type": "regex",
      "value": "***"
    },
    {
      "type": "regex",
      "value": "***"
    },
    {
      "type": "regex",
      "value": "***"
    },
    {
      "type": "regex",
      "value": "***"
    },
    {
      "type": "regex",
      "value": "***"
    },
    {
      "type": "regex",
      "value": "***"
    },
    {
      "type": "regex",
      "value": "***"
    },
    {
      "type": "regex",
      "value": "***"
    },
    {
      "type": "regex",
      "value": "***"
    },
    {
      "type": "regex",
      "value": "***"
    },
    {
      "type": "regex",
      "value": "***"
    },
    {
      "type": "regex",
      "value": "***"
    },
    {
      "type": "regex",
      "value": "***"
    },
    {
      "type": "regex",
      "value": "***"
    },
    {
      "type": "regex",
      "value": "***"
    },
    {
      "type": "regex",
      "value": "***"
    },
    {
      "type": "regex",
      "value": "***"
    },
    {
      "type": "regex",
      "value": "***"
    },
    {
      "type": "regex",
      "value": "***"
    },
    {
      "type": "regex",
      "value": "***"
    },
    {
      "type": "regex",
      "value": "***"
    },
    {
      "type": "regex",
      "value": "***"
    },
    {
      "type": "regex",
      "value": "***"
    }
  ],
  "steps": [
    {
      "type": "action",
      "reference": {
        "type": "repository",
        "name": "actions/checkout",
        "ref": "v4",
        "repositoryType": "GitHub"
      },
      "displayNameToken": {
        "type": 0,
        "file": 1,
        "line": 14,
        "col": 15,
        "lit": "Checkout Code"
      },
      "contextName": "__actions_checkout",
      "condition": "success()",
      "id": "3c75be4d-4caf-4a1c-90a9-81bc08c7b083",
      "name": "__actions_checkout"
    },
    {
      "type": "action",
      "reference": {
        "type": "script"
      },
      "displayNameToken": {
        "type": 0,
        "file": 1,
        "line": 16,
        "col": 15,
        "lit": "Check Workspace"
      },
      "contextName": "__run",
      "inputs": {
        "type": 2,
        "map": [
          {
            "key": "script",
            "value": {
              "type": 0,
              "file": 1,
              "line": 17,
              "col": 14,
              "lit": "Write-Host \"Current directory:\"\nGet-Location\n\nWrite-Host \"Files in current directory:\"\nGet-ChildItem\n\nWrite-Host \"Searching for Dockerfile:\"\nGet-ChildItem -Path . -Filter Dockerfile -Recurse\n"
            }
          }
        ]
      },
      "condition": "success()",
      "id": "6e8a2fb9-a857-43ea-9fa9-7164b8b8d568",
      "name": "__run"
    },
    {
      "type": "action",
      "reference": {
        "type": "script"
      },
      "displayNameToken": {
        "type": 0,
        "file": 1,
        "line": 26,
        "col": 15,
        "lit": "Check Docker Secrets"
      },
      "contextName": "__run_2",
      "inputs": {
        "type": 2,
        "map": [
          {
            "key": "script",
            "value": {
              "type": 3,
              "file": 1,
              "line": 27,
              "col": 14,
              "expr": "format('if ([string]::IsNullOrEmpty(\"{0}\")) {{\n  Write-Host \"DOCKERHUB_USERNAME is EMPTY\"\n}} else {{\n  Write-Host \"DOCKERHUB_USERNAME is available\"\n}}\nif ([string]::IsNullOrEmpty(\"{1}\")) {{\n  Write-Host \"DOCKERHUB_TOKEN is EMPTY\"\n}} else {{\n  Write-Host \"DOCKERHUB_TOKEN is available\"\n}}\n', secrets.DOCKERHUB_USERNAME, secrets.DOCKERHUB_TOKEN)"
            }
          }
        ]
      },
      "condition": "success()",
      "id": "e97244ae-654e-4389-b452-2c6cf7de8b7a",
      "name": "__run_2"
    },
    {
      "type": "action",
      "reference": {
        "type": "script"
      },
      "displayNameToken": {
        "type": 0,
        "file": 1,
        "line": 41,
        "col": 15,
        "lit": "Docker Login"
      },
      "contextName": "__run_3",
      "inputs": {
        "type": 2,
        "map": [
          {
            "key": "script",
            "value": {
              "type": 3,
              "file": 1,
              "line": 42,
              "col": 14,
              "expr": "format('echo \"{0}\" | docker login -u \"{1}\" --password-stdin\n', secrets.DOCKERHUB_TOKEN, secrets.DOCKERHUB_USERNAME)"
            }
          }
        ]
      },
      "condition": "success()",
      "id": "6b75a0b3-a29c-434e-aab7-9f3b3e73573d",
      "name": "__run_3"
    },
    {
      "type": "action",
      "reference": {
        "type": "script"
      },
      "displayNameToken": {
        "type": 0,
        "file": 1,
        "line": 46,
        "col": 15,
        "lit": "Build Docker Image"
      },
      "contextName": "__run_4",
      "inputs": {
        "type": 2,
        "map": [
          {
            "key": "script",
            "value": {
              "type": 3,
              "file": 1,
              "line": 47,
              "col": 14,
              "expr": "format('docker build -t ***/devops-app:{0} .\n', github.run_number)"
            }
          }
        ]
      },
      "condition": "success()",
      "id": "b0660133-cb55-4096-88d6-6e5619ee04b9",
      "name": "__run_4"
    },
    {
      "type": "action",
      "reference": {
        "type": "script"
      },
      "displayNameToken": {
        "type": 0,
        "file": 1,
        "line": 51,
        "col": 15,
        "lit": "Push Docker Image"
      },
      "contextName": "__run_5",
      "inputs": {
        "type": 2,
        "map": [
          {
            "key": "script",
            "value": {
              "type": 3,
              "file": 1,
              "line": 52,
              "col": 14,
              "expr": "format('docker push ***/devops-app:{0}\n', github.run_number)"
            }
          }
        ]
      },
      "condition": "success()",
      "id": "d3f37ccc-07e9-4782-a4d0-4afdfc803cc9",
      "name": "__run_5"
    },
    {
      "type": "action",
      "reference": {
        "type": "script"
      },
      "displayNameToken": {
        "type": 0,
        "file": 1,
        "line": 56,
        "col": 15,
        "lit": "Deploy to Kubernetes"
      },
      "contextName": "__run_6",
      "inputs": {
        "type": 2,
        "map": [
          {
            "key": "script",
            "value": {
              "type": 3,
              "file": 1,
              "line": 57,
              "col": 14,
              "expr": "format('kubectl set image deployment/devops-app devops-app=***/devops-app:{0}\n', github.run_number)"
            }
          }
        ]
      },
      "condition": "success()",
      "id": "f9fff6e7-b7c1-43ca-995f-2b1e6ed51c1f",
      "name": "__run_6"
    },
    {
      "type": "action",
      "reference": {
        "type": "script"
      },
      "displayNameToken": {
        "type": 0,
        "file": 1,
        "line": 61,
        "col": 15,
        "lit": "Wait for Deployment"
      },
      "contextName": "__run_7",
      "inputs": {
        "type": 2,
        "map": [
          {
            "key": "script",
            "value": {
              "type": 0,
              "file": 1,
              "line": 62,
              "col": 14,
              "lit": "kubectl rollout status deployment/devops-app --timeout=120s\n"
            }
          }
        ]
      },
      "condition": "success()",
      "id": "45ecedbc-fbb5-4c7d-8926-77cb721aab4f",
      "name": "__run_7"
    },
    {
      "type": "action",
      "reference": {
        "type": "script"
      },
      "displayNameToken": {
        "type": 0,
        "file": 1,
        "line": 66,
        "col": 15,
        "lit": "Verify Kubernetes Deployment"
      },
      "contextName": "__run_8",
      "inputs": {
        "type": 2,
        "map": [
          {
            "key": "script",
            "value": {
              "type": 0,
              "file": 1,
              "line": 67,
              "col": 14,
              "lit": "echo \"===== Deployment =====\"\nkubectl get deployment devops-app\n\necho \"===== Pods =====\"\nkubectl get pods -o wide\n\necho \"===== Services =====\"\nkubectl get svc\n"
            }
          }
        ]
      },
      "condition": "success()",
      "id": "eef3f021-b8ed-4e11-abd0-b2814827af48",
      "name": "__run_8"
    }
  ],
  "variables": {
    "Actions.EnableHttpRedirects": {
      "value": "true"
    },
    "DOCKERHUB_TOKEN": {
      "value": "***",
      "isSecret": true
    },
    "DOCKERHUB_USERNAME": {
      "value": "***",
      "isSecret": true
    },
    "DistributedTask.AddWarningToNode12Action": {
      "value": "true"
    },
    "DistributedTask.AddWarningToNode16Action": {
      "value": "true"
    },
    "DistributedTask.AllowRunnerContainerHooks": {
      "value": "true"
    },
    "DistributedTask.DeprecateStepOutputCommands": {
      "value": "true"
    },
    "DistributedTask.DetailUntarFailure": {
      "value": "true"
    },
    "DistributedTask.EnableCompositeActions": {
      "value": "true"
    },
    "DistributedTask.EnableJobServerQueueTelemetry": {
      "value": "true"
    },
    "DistributedTask.EnhancedAnnotations": {
      "value": "true"
    },
    "DistributedTask.ForceGithubJavascriptActionsToNode16": {
      "value": "true"
    },
    "DistributedTask.ForceGithubJavascriptActionsToNode20": {
      "value": "true"
    },
    "DistributedTask.LogTemplateErrorsAsDebugMessages": {
      "value": "true"
    },
    "DistributedTask.MarkJobAsFailedOnWorkerCrash": {
      "value": "true"
    },
    "DistributedTask.NewActionMetadata": {
      "value": "true"
    },
    "DistributedTask.UploadStepSummary": {
      "value": "true"
    },
    "DistributedTask.UseActionArchiveCache": {
      "value": "true"
    },
    "DistributedTask.UseWhich2": {
      "value": "true"
    },
    "RunService.FixEmbeddedIssues": {
      "value": "true"
    },
    "actions.runner.requirenode24": {
      "value": "true"
    },
    "actions.runner.usenode24bydefault": {
      "value": "true"
    },
    "actions.runner.warnonnode20": {
      "value": "true"
    },
    "actions_add_check_run_id_to_job_context": {
      "value": "true"
    },
    "actions_batch_action_resolution": {
      "value": "false"
    },
    "actions_cache_mode": {
      "value": "write"
    },
    "actions_container_action_runner_temp": {
      "value": "true"
    },
    "actions_display_helpful_actions_download_errors": {
      "value": "true"
    },
    "actions_runner_allow_artifacts_file": {
      "value": "false"
    },
    "actions_runner_compare_workflow_parser": {
      "value": "false"
    },
    "actions_runner_deprecate_linux_arm32": {
      "value": "true"
    },
    "actions_runner_emit_composite_markers": {
      "value": "true"
    },
    "actions_runner_kill_linux_arm32": {
      "value": "false"
    },
    "actions_runner_node20_removal_date": {
      "value": "September 23rd, 2026"
    },
    "actions_runner_node24_default_date": {
      "value": "June 16th, 2026"
    },
    "actions_self_repository": {
      "value": "true"
    },
    "actions_service_container_command": {
      "value": "true"
    },
    "actions_set_orchestration_id_env_for_actions": {
      "value": "true"
    },
    "actions_skip_retry_complete_job_upon_known_errors": {
      "value": "true"
    },
    "actions_snapshot_preflight_hosted_runner_check": {
      "value": "false"
    },
    "actions_snapshot_preflight_image_gen_pool_check": {
      "value": "false"
    },
    "actions_use_bearer_token_for_codeload": {
      "value": "false"
    },
    "actions_uses_cache_service_v2": {
      "value": "true"
    },
    "github_token": {
      "value": "***",
      "isSecret": true
    },
    "system.from_run_service": {
      "value": "true"
    },
    "system.github.job": {
      "value": "deploy"
    },
    "system.github.launch_endpoint": {
      "value": "https://launch.actions.githubusercontent.com"
    },
    "system.github.results_endpoint": {
      "value": "https://results-receiver.actions.githubusercontent.com/"
    },
    "system.github.results_upload_with_sdk": {
      "value": "true"
    },
    "system.github.token": {
      "value": "***",
      "isSecret": true
    },
    "system.github.token.permissions": {
      "value": "{\"Contents\":\"read\",\"Metadata\":\"read\",\"Packages\":\"read\"}"
    },
    "system.orchestrationId": {
      "value": "f233b80e-227a-89d8-b52f-ea487494e867.deploy.__default"
    },
    "system.phaseDisplayName": {
      "value": "deploy"
    },
    "system.runner.lowdiskspacethreshold": {
      "value": "100"
    },
    "system.runnerEnvironment": {
      "value": "self-hosted"
    },
    "system.runnerGroupName": {
      "value": "Default"
    }
  },
  "messageType": "RunnerJobRequest",
  "plan": {
    "scopeIdentifier": "00000000-0000-0000-0000-000000000000",
    "planType": "actions",
    "version": 0,
    "planId": "f233b80e-227a-89d8-b52f-ea487494e867",
    "planGroup": null,
    "artifactUri": null,
    "artifactLocation": null,
    "definition": null,
    "owner": null
  },
  "timeline": {
    "id": "f233b80e-227a-89d8-b52f-ea487494e867",
    "changeId": 0,
    "location": null
  },
  "jobId": "634e1bd8-3bc4-5cd0-8456-02f0ffb9f908",
  "jobDisplayName": "deploy",
  "jobName": "__default",
  "requestId": 0,
  "lockedUntil": "0001-01-01T00:00:00",
  "resources": {
    "endpoints": [
      {
        "data": {
          "ServerId": "",
          "ServerName": "",
          "CacheServerUrl": "https://artifactcache.actions.githubusercontent.com/mm6oqhgtxdmufdvalzOEbY43YRoioivgsXTjX2UQBxioQQHEGA/",
          "FeedStreamUrl": "wss://results-receiver.actions.githubusercontent.com/_ws/ingest.sock",
          "ResultsServiceUrl": "https://results-receiver.actions.githubusercontent.com/",
          "PipelinesServiceUrl": "https://pipelinesghubeus5.actions.githubusercontent.com/mm6oqhgtxdmufdvalzOEbY43YRoioivgsXTjX2UQBxioQQHEGA/",
          "GenerateIdTokenUrl": "",
          "ConnectivityChecks": "[\"https://broker.actions.githubusercontent.com/health\",\"https://token.actions.githubusercontent.com/ready\",\"https://run.actions.githubusercontent.com/health\"]",
          "ConnectivityAndDNSChecks": ""
        },
        "name": "SystemVssConnection",
        "url": "https://run-actions-2-azure-eastus.actions.githubusercontent.com/61/",
        "authorization": {
          "parameters": {
            "AccessToken": "***"
          },
          "scheme": "OAuth"
        },
        "isShared": false,
        "isReady": true
      }
    ]
  },
  "contextData": {
    "github": {
      "t": 2,
      "d": [
        {
          "k": "ref",
          "v": "refs/heads/master"
        },
        {
          "k": "sha",
          "v": "dcc5a3d0357c42c0e7622ce14f9bf9e25726942b"
        },
        {
          "k": "repository",
          "v": "Prabhatkumarkhemariya/DevOpsCICDProject"
        },
        {
          "k": "repository_owner",
          "v": "Prabhatkumarkhemariya"
        },
        {
          "k": "repository_owner_id",
          "v": "182388013"
        },
        {
          "k": "repositoryUrl",
          "v": "git://github.com/Prabhatkumarkhemariya/DevOpsCICDProject.git"
        },
        {
          "k": "run_id",
          "v": "36663596071"
        },
        {
          "k": "run_number",
          "v": "28"
        },
        {
          "k": "retention_days",
          "v": "90"
        },
        {
          "k": "run_attempt",
          "v": "1"
        },
        {
          "k": "artifact_cache_size_limit",
          "v": "10"
        },
        {
          "k": "repository_visibility",
          "v": "public"
        },
        {
          "k": "actor_id",
          "v": "182388013"
        },
        {
          "k": "actor",
          "v": "Prabhatkumarkhemariya"
        },
        {
          "k": "workflow",
          "v": "Local CI-CD Pipeline"
        },
        {
          "k": "head_ref",
          "v": ""
        },
        {
          "k": "base_ref",
          "v": ""
        },
        {
          "k": "event_name",
          "v": "push"
        },
        {
          "k": "server_url",
          "v": "https://github.com"
        },
        {
          "k": "api_url",
          "v": "https://api.github.com"
        },
        {
          "k": "graphql_url",
          "v": "https://api.github.com/graphql"
        },
        {
          "k": "ref_name",
          "v": "master"
        },
        {
          "k": "ref_protected",
          "v": false
        },
        {
          "k": "ref_type",
          "v": "branch"
        },
        {
          "k": "secret_source",
          "v": "Actions"
        },
        {
          "k": "event",
          "v": {
            "t": 2,
            "d": [
              {
                "k": "after",
                "v": "dcc5a3d0357c42c0e7622ce14f9bf9e25726942b"
              },
              {
                "k": "base_ref",
                "v": null
              },
              {
                "k": "before",
                "v": "f7c1842da1db0f681370f75e3d4f603b55248cbd"
              },
              {
                "k": "commits",
                "v": {
                  "t": 1,
                  "a": [
                    {
                      "t": 2,
                      "d": [
                        {
                          "k": "author",
                          "v": {
                            "t": 2,
                            "d": [
                              {
                                "k": "email",
                                "v": "erprabhat04@gmail.com"
                              },
                              {
                                "k": "name",
                                "v": "Prabhatkumarkhemariya"
                              },
                              {
                                "k": "username",
                                "v": "Prabhatkumarkhemariya"
                              }
                            ]
                          }
                        },
                        {
                          "k": "committer",
                          "v": {
                            "t": 2,
                            "d": [
                              {
                                "k": "email",
                                "v": "noreply@github.com"
                              },
                              {
                                "k": "name",
                                "v": "GitHub"
                              },
                              {
                                "k": "username",
                                "v": "web-flow"
                              }
                            ]
                          }
                        },
                        {
                          "k": "distinct",
                          "v": true
                        },
                        {
                          "k": "id",
                          "v": "dcc5a3d0357c42c0e7622ce14f9bf9e25726942b"
                        },
                        {
                          "k": "message",
                          "v": "Check Docker Hub credentials in pipeline\n\nAdded a step to check for Docker Hub credentials before logging in."
                        },
                        {
                          "k": "timestamp",
                          "v": "2026-09-30T08:45:37+05:30"
                        },
                        {
                          "k": "tree_id",
                          "v": "c1e32cf85f646b5aef470973491236956cb1277e"
                        },
                        {
                          "k": "url",
                          "v": "https://github.com/Prabhatkumarkhemariya/DevOpsCICDProject/commit/dcc5a3d0357c42c0e7622ce14f9bf9e25726942b"
                        }
                      ]
                    }
                  ]
                }
              },
              {
                "k": "compare",
                "v": "https://github.com/Prabhatkumarkhemariya/DevOpsCICDProject/compare/f7c1842da1db...dcc5a3d0357c"
              },
              {
                "k": "created",
                "v": false
              },
              {
                "k": "deleted",
                "v": false
              },
              {
                "k": "forced",
                "v": false
              },
              {
                "k": "head_commit",
                "v": {
                  "t": 2,
                  "d": [
                    {
                      "k": "author",
                      "v": {
                        "t": 2,
                        "d": [
                          {
                            "k": "email",
                            "v": "erprabhat04@gmail.com"
                          },
                          {
                            "k": "name",
                            "v": "Prabhatkumarkhemariya"
                          },
                          {
                            "k": "username",
                            "v": "Prabhatkumarkhemariya"
                          }
                        ]
                      }
                    },
                    {
                      "k": "committer",
                      "v": {
                        "t": 2,
                        "d": [
                          {
                            "k": "email",
                            "v": "noreply@github.com"
                          },
                          {
                            "k": "name",
                            "v": "GitHub"
                          },
                          {
                            "k": "username",
                            "v": "web-flow"
                          }
                        ]
                      }
                    },
                    {
                      "k": "distinct",
                      "v": true
                    },
                    {
                      "k": "id",
                      "v": "dcc5a3d0357c42c0e7622ce14f9bf9e25726942b"
                    },
                    {
                      "k": "message",
                      "v": "Check Docker Hub credentials in pipeline\n\nAdded a step to check for Docker Hub credentials before logging in."
                    },
                    {
                      "k": "timestamp",
                      "v": "2026-09-30T08:45:37+05:30"
                    },
                    {
                      "k": "tree_id",
                      "v": "c1e32cf85f646b5aef470973491236956cb1277e"
                    },
                    {
                      "k": "url",
                      "v": "https://github.com/Prabhatkumarkhemariya/DevOpsCICDProject/commit/dcc5a3d0357c42c0e7622ce14f9bf9e25726942b"
                    }
                  ]
                }
              },
              {
                "k": "pusher",
                "v": {
                  "t": 2,
                  "d": [
                    {
                      "k": "email",
                      "v": "erprabhat04@gmail.com"
                    },
                    {
                      "k": "name",
                      "v": "Prabhatkumarkhemariya"
                    }
                  ]
                }
              },
              {
                "k": "ref",
                "v": "refs/heads/master"
              },
              {
                "k": "repository",
                "v": {
                  "t": 2,
                  "d": [
                    {
                      "k": "allow_forking",
                      "v": true
                    },
                    {
                      "k": "archive_url",
                      "v": "https://api.github.com/repos/Prabhatkumarkhemariya/DevOpsCICDProject/{archive_format}{/ref}"
                    },
                    {
                      "k": "archived",
                      "v": false
                    },
                    {
                      "k": "assignees_url",
                      "v": "https://api.github.com/repos/Prabhatkumarkhemariya/DevOpsCICDProject/assignees{/user}"
                    },
                    {
                      "k": "blobs_url",
                      "v": "https://api.github.com/repos/Prabhatkumarkhemariya/DevOpsCICDProject/git/blobs{/sha}"
                    },
                    {
                      "k": "branches_url",
                      "v": "https://api.github.com/repos/Prabhatkumarkhemariya/DevOpsCICDProject/branches{/branch}"
                    },
                    {
                      "k": "clone_url",
                      "v": "https://github.com/Prabhatkumarkhemariya/DevOpsCICDProject.git"
                    },
                    {
                      "k": "collaborators_url",
                      "v": "https://api.github.com/repos/Prabhatkumarkhemariya/DevOpsCICDProject/collaborators{/collaborator}"
                    },
                    {
                      "k": "comments_url",
                      "v": "https://api.github.com/repos/Prabhatkumarkhemariya/DevOpsCICDProject/comments{/number}"
                    },
                    {
                      "k": "commits_url",
                      "v": "https://api.github.com/repos/Prabhatkumarkhemariya/DevOpsCICDProject/commits{/sha}"
                    },
                    {
                      "k": "compare_url",
                      "v": "https://api.github.com/repos/Prabhatkumarkhemariya/DevOpsCICDProject/compare/{base}...{head}"
                    },
                    {
                      "k": "contents_url",
                      "v": "https://api.github.com/repos/Prabhatkumarkhemariya/DevOpsCICDProject/contents/{+path}"
                    },
                    {
                      "k": "contributors_url",
                      "v": "https://api.github.com/repos/Prabhatkumarkhemariya/DevOpsCICDProject/contributors"
                    },
                    {
                      "k": "created_at",
                      "v": 1790478339.0
                    },
                    {
                      "k": "default_branch",
                      "v": "master"
                    },
                    {
                      "k": "deployments_url",
                      "v": "https://api.github.com/repos/Prabhatkumarkhemariya/DevOpsCICDProject/deployments"
                    },
                    {
                      "k": "description",
                      "v": "DevOpsCICDProject for practice the CICD pipeline completely"
                    },
                    {
                      "k": "disabled",
                      "v": false
                    },
                    {
                      "k": "downloads_url",
                      "v": "https://api.github.com/repos/Prabhatkumarkhemariya/DevOpsCICDProject/downloads"
                    },
                    {
                      "k": "events_url",
                      "v": "https://api.github.com/repos/Prabhatkumarkhemariya/DevOpsCICDProject/events"
                    },
                    {
                      "k": "fork",
                      "v": false
                    },
                    {
                      "k": "forks",
                      "v": 0.0
                    },
                    {
                      "k": "forks_count",
                      "v": 0.0
                    },
                    {
                      "k": "forks_url",
                      "v": "https://api.github.com/repos/Prabhatkumarkhemariya/DevOpsCICDProject/forks"
                    },
                    {
                      "k": "full_name",
                      "v": "Prabhatkumarkhemariya/DevOpsCICDProject"
                    },
                    {
                      "k": "git_commits_url",
                      "v": "https://api.github.com/repos/Prabhatkumarkhemariya/DevOpsCICDProject/git/commits{/sha}"
                    },
                    {
                      "k": "git_refs_url",
                      "v": "https://api.github.com/repos/Prabhatkumarkhemariya/DevOpsCICDProject/git/refs{/sha}"
                    },
                    {
                      "k": "git_tags_url",
                      "v": "https://api.github.com/repos/Prabhatkumarkhemariya/DevOpsCICDProject/git/tags{/sha}"
                    },
                    {
                      "k": "git_url",
                      "v": "git://github.com/Prabhatkumarkhemariya/DevOpsCICDProject.git"
                    },
                    {
                      "k": "has_discussions",
                      "v": false
                    },
                    {
                      "k": "has_downloads",
                      "v": true
                    },
                    {
                      "k": "has_issues",
                      "v": true
                    },
                    {
                      "k": "has_pages",
                      "v": false
                    },
                    {
                      "k": "has_projects",
                      "v": true
                    },
                    {
                      "k": "has_pull_requests",
                      "v": true
                    },
                    {
                      "k": "has_wiki",
                      "v": true
                    },
                    {
                      "k": "homepage",
                      "v": null
                    },
                    {
                      "k": "hooks_url",
                      "v": "https://api.github.com/repos/Prabhatkumarkhemariya/DevOpsCICDProject/hooks"
                    },
                    {
                      "k": "html_url",
                      "v": "https://github.com/Prabhatkumarkhemariya/DevOpsCICDProject"
                    },
                    {
                      "k": "id",
                      "v": 1390018597.0
                    },
                    {
                      "k": "is_template",
                      "v": false
                    },
                    {
                      "k": "issue_comment_url",
                      "v": "https://api.github.com/repos/Prabhatkumarkhemariya/DevOpsCICDProject/issues/comments{/number}"
                    },
                    {
                      "k": "issue_events_url",
                      "v": "https://api.github.com/repos/Prabhatkumarkhemariya/DevOpsCICDProject/issues/events{/number}"
                    },
                    {
                      "k": "issues_url",
                      "v": "https://api.github.com/repos/Prabhatkumarkhemariya/DevOpsCICDProject/issues{/number}"
                    },
                    {
                      "k": "keys_url",
                      "v": "https://api.github.com/repos/Prabhatkumarkhemariya/DevOpsCICDProject/keys{/key_id}"
                    },
                    {
                      "k": "labels_url",
                      "v": "https://api.github.com/repos/Prabhatkumarkhemariya/DevOpsCICDProject/labels{/name}"
                    },
                    {
                      "k": "language",
                      "v": "JavaScript"
                    },
                    {
                      "k": "languages_url",
                      "v": "https://api.github.com/repos/Prabhatkumarkhemariya/DevOpsCICDProject/languages"
                    },
                    {
                      "k": "license",
                      "v": null
                    },
                    {
                      "k": "master_branch",
                      "v": "master"
                    },
                    {
                      "k": "merges_url",
                      "v": "https://api.github.com/repos/Prabhatkumarkhemariya/DevOpsCICDProject/merges"
                    },
                    {
                      "k": "milestones_url",
                      "v": "https://api.github.com/repos/Prabhatkumarkhemariya/DevOpsCICDProject/milestones{/number}"
                    },
                    {
                      "k": "mirror_url",
                      "v": null
                    },
                    {
                      "k": "name",
                      "v": "DevOpsCICDProject"
                    },
                    {
                      "k": "node_id",
                      "v": "R_kgDOUtoAJQ"
                    },
                    {
                      "k": "notifications_url",
                      "v": "https://api.github.com/repos/Prabhatkumarkhemariya/DevOpsCICDProject/notifications{?since,all,participating}"
                    },
                    {
                      "k": "open_issues",
                      "v": 0.0
                    },
                    {
                      "k": "open_issues_count",
                      "v": 0.0
                    },
                    {
                      "k": "owner",
                      "v": {
                        "t": 2,
                        "d": [
                          {
                            "k": "avatar_url",
                            "v": "https://avatars.githubusercontent.com/u/182388013?v=4"
                          },
                          {
                            "k": "email",
                            "v": "erprabhat04@gmail.com"
                          },
                          {
                            "k": "events_url",
                            "v": "https://api.github.com/users/Prabhatkumarkhemariya/events{/privacy}"
                          },
                          {
                            "k": "followers_url",
                            "v": "https://api.github.com/users/Prabhatkumarkhemariya/followers"
                          },
                          {
                            "k": "following_url",
                            "v": "https://api.github.com/users/Prabhatkumarkhemariya/following{/other_user}"
                          },
                          {
                            "k": "gists_url",
                            "v": "https://api.github.com/users/Prabhatkumarkhemariya/gists{/gist_id}"
                          },
                          {
                            "k": "gravatar_id",
                            "v": ""
                          },
                          {
                            "k": "html_url",
                            "v": "https://github.com/Prabhatkumarkhemariya"
                          },
                          {
                            "k": "id",
                            "v": 182388013.0
                          },
                          {
                            "k": "login",
                            "v": "Prabhatkumarkhemariya"
                          },
                          {
                            "k": "name",
                            "v": "Prabhatkumarkhemariya"
                          },
                          {
                            "k": "node_id",
                            "v": "U_kgDOCt8FLQ"
                          },
                          {
                            "k": "organizations_url",
                            "v": "https://api.github.com/users/Prabhatkumarkhemariya/orgs"
                          },
                          {
                            "k": "received_events_url",
                            "v": "https://api.github.com/users/Prabhatkumarkhemariya/received_events"
                          },
                          {
                            "k": "repos_url",
                            "v": "https://api.github.com/users/Prabhatkumarkhemariya/repos"
                          },
                          {
                            "k": "site_admin",
                            "v": false
                          },
                          {
                            "k": "starred_url",
                            "v": "https://api.github.com/users/Prabhatkumarkhemariya/starred{/owner}{/repo}"
                          },
                          {
                            "k": "subscriptions_url",
                            "v": "https://api.github.com/users/Prabhatkumarkhemariya/subscriptions"
                          },
                          {
                            "k": "type",
                            "v": "User"
                          },
                          {
                            "k": "url",
                            "v": "https://api.github.com/users/Prabhatkumarkhemariya"
                          },
                          {
                            "k": "user_view_type",
                            "v": "public"
                          }
                        ]
                      }
                    },
                    {
                      "k": "private",
                      "v": false
                    },
                    {
                      "k": "pull_request_creation_policy",
                      "v": "all"
                    },
                    {
                      "k": "pulls_url",
                      "v": "https://api.github.com/repos/Prabhatkumarkhemariya/DevOpsCICDProject/pulls{/number}"
                    },
                    {
                      "k": "pushed_at",
                      "v": 1790738137.0
                    },
                    {
                      "k": "releases_url",
                      "v": "https://api.github.com/repos/Prabhatkumarkhemariya/DevOpsCICDProject/releases{/id}"
                    },
                    {
                      "k": "size",
                      "v": 35.0
                    },
                    {
                      "k": "ssh_url",
                      "v": "git@github.com:Prabhatkumarkhemariya/DevOpsCICDProject.git"
                    },
                    {
                      "k": "stargazers",
                      "v": 0.0
                    },
                    {
                      "k": "stargazers_count",
                      "v": 0.0
                    },
                    {
                      "k": "stargazers_url",
                      "v": "https://api.github.com/repos/Prabhatkumarkhemariya/DevOpsCICDProject/stargazers"
                    },
                    {
                      "k": "statuses_url",
                      "v": "https://api.github.com/repos/Prabhatkumarkhemariya/DevOpsCICDProject/statuses/{sha}"
                    },
                    {
                      "k": "subscribers_url",
                      "v": "https://api.github.com/repos/Prabhatkumarkhemariya/DevOpsCICDProject/subscribers"
                    },
                    {
                      "k": "subscription_url",
                      "v": "https://api.github.com/repos/Prabhatkumarkhemariya/DevOpsCICDProject/subscription"
                    },
                    {
                      "k": "svn_url",
                      "v": "https://github.com/Prabhatkumarkhemariya/DevOpsCICDProject"
                    },
                    {
                      "k": "tags_url",
                      "v": "https://api.github.com/repos/Prabhatkumarkhemariya/DevOpsCICDProject/tags"
                    },
                    {
                      "k": "teams_url",
                      "v": "https://api.github.com/repos/Prabhatkumarkhemariya/DevOpsCICDProject/teams"
                    },
                    {
                      "k": "topics",
                      "v": {
                        "t": 1
                      }
                    },
                    {
                      "k": "trees_url",
                      "v": "https://api.github.com/repos/Prabhatkumarkhemariya/DevOpsCICDProject/git/trees{/sha}"
                    },
                    {
                      "k": "updated_at",
                      "v": "2026-09-30T03:05:09Z"
                    },
                    {
                      "k": "url",
                      "v": "https://api.github.com/repos/Prabhatkumarkhemariya/DevOpsCICDProject"
                    },
                    {
                      "k": "visibility",
                      "v": "public"
                    },
                    {
                      "k": "watchers",
                      "v": 0.0
                    },
                    {
                      "k": "watchers_count",
                      "v": 0.0
                    },
                    {
                      "k": "web_commit_signoff_required",
                      "v": false
                    }
                  ]
                }
              },
              {
                "k": "sender",
                "v": {
                  "t": 2,
                  "d": [
                    {
                      "k": "avatar_url",
                      "v": "https://avatars.githubusercontent.com/u/182388013?v=4"
                    },
                    {
                      "k": "events_url",
                      "v": "https://api.github.com/users/Prabhatkumarkhemariya/events{/privacy}"
                    },
                    {
                      "k": "followers_url",
                      "v": "https://api.github.com/users/Prabhatkumarkhemariya/followers"
                    },
                    {
                      "k": "following_url",
                      "v": "https://api.github.com/users/Prabhatkumarkhemariya/following{/other_user}"
                    },
                    {
                      "k": "gists_url",
                      "v": "https://api.github.com/users/Prabhatkumarkhemariya/gists{/gist_id}"
                    },
                    {
                      "k": "gravatar_id",
                      "v": ""
                    },
                    {
                      "k": "html_url",
                      "v": "https://github.com/Prabhatkumarkhemariya"
                    },
                    {
                      "k": "id",
                      "v": 182388013.0
                    },
                    {
                      "k": "login",
                      "v": "Prabhatkumarkhemariya"
                    },
                    {
                      "k": "node_id",
                      "v": "U_kgDOCt8FLQ"
                    },
                    {
                      "k": "organizations_url",
                      "v": "https://api.github.com/users/Prabhatkumarkhemariya/orgs"
                    },
                    {
                      "k": "received_events_url",
                      "v": "https://api.github.com/users/Prabhatkumarkhemariya/received_events"
                    },
                    {
                      "k": "repos_url",
                      "v": "https://api.github.com/users/Prabhatkumarkhemariya/repos"
                    },
                    {
                      "k": "site_admin",
                      "v": false
                    },
                    {
                      "k": "starred_url",
                      "v": "https://api.github.com/users/Prabhatkumarkhemariya/starred{/owner}{/repo}"
                    },
                    {
                      "k": "subscriptions_url",
                      "v": "https://api.github.com/users/Prabhatkumarkhemariya/subscriptions"
                    },
                    {
                      "k": "type",
                      "v": "User"
                    },
                    {
                      "k": "url",
                      "v": "https://api.github.com/users/Prabhatkumarkhemariya"
                    },
                    {
                      "k": "user_view_type",
                      "v": "public"
                    }
                  ]
                }
              }
            ]
          }
        },
        {
          "k": "workflow_ref",
          "v": "Prabhatkumarkhemariya/DevOpsCICDProject/.github/workflows/pipeline.yaml@refs/heads/master"
        },
        {
          "k": "workflow_sha",
          "v": "dcc5a3d0357c42c0e7622ce14f9bf9e25726942b"
        },
        {
          "k": "repository_id",
          "v": "1390018597"
        },
        {
          "k": "triggering_actor",
          "v": "Prabhatkumarkhemariya"
        }
      ]
    },
    "inputs": {
      "t": 2
    },
    "job": {
      "t": 2,
      "d": [
        {
          "k": "check_run_id",
          "v": 109723421657.0
        },
        {
          "k": "workflow_ref",
          "v": "Prabhatkumarkhemariya/DevOpsCICDProject/.github/workflows/pipeline.yaml@refs/heads/master"
        },
        {
          "k": "workflow_sha",
          "v": "dcc5a3d0357c42c0e7622ce14f9bf9e25726942b"
        },
        {
          "k": "workflow_repository",
          "v": "Prabhatkumarkhemariya/DevOpsCICDProject"
        },
        {
          "k": "workflow_file_path",
          "v": ".github/workflows/pipeline.yaml"
        }
      ]
    },
    "matrix": null,
    "needs": {
      "t": 2
    },
    "strategy": {
      "t": 2,
      "d": [
        {
          "k": "fail-fast",
          "v": true
        },
        {
          "k": "job-index",
          "v": 0.0
        },
        {
          "k": "job-total",
          "v": 1.0
        },
        {
          "k": "max-parallel",
          "v": 1.0
        }
      ]
    },
    "vars": {
      "t": 2
    }
  },
  "billingOwnerId": "U_kgDOCt8FLQ"
}
[2026-09-30 03:15:45Z INFO JobRunner] Job ID 634e1bd8-3bc4-5cd0-8456-02f0ffb9f908
[2026-09-30 03:15:45Z INFO ConfigurationStore] currentAssemblyLocation: C:\Devops_training\DevOpsCICDProject\actions-runner\bin\Runner.Worker.dll
[2026-09-30 03:15:45Z INFO HostContext] Well known directory 'Bin': 'C:\Devops_training\DevOpsCICDProject\actions-runner\bin'
[2026-09-30 03:15:45Z INFO ConfigurationStore] binPath: C:\Devops_training\DevOpsCICDProject\actions-runner\bin
[2026-09-30 03:15:45Z INFO HostContext] Well known directory 'Bin': 'C:\Devops_training\DevOpsCICDProject\actions-runner\bin'
[2026-09-30 03:15:45Z INFO HostContext] Well known directory 'Root': 'C:\Devops_training\DevOpsCICDProject\actions-runner'
[2026-09-30 03:15:45Z INFO ConfigurationStore] RootFolder: C:\Devops_training\DevOpsCICDProject\actions-runner
[2026-09-30 03:15:45Z INFO HostContext] Well known directory 'Bin': 'C:\Devops_training\DevOpsCICDProject\actions-runner\bin'
[2026-09-30 03:15:45Z INFO HostContext] Well known directory 'Root': 'C:\Devops_training\DevOpsCICDProject\actions-runner'
[2026-09-30 03:15:45Z INFO HostContext] Well known config file 'Runner': 'C:\Devops_training\DevOpsCICDProject\actions-runner\.runner'
[2026-09-30 03:15:45Z INFO ConfigurationStore] ConfigFilePath: C:\Devops_training\DevOpsCICDProject\actions-runner\.runner
[2026-09-30 03:15:45Z INFO HostContext] Well known directory 'Bin': 'C:\Devops_training\DevOpsCICDProject\actions-runner\bin'
[2026-09-30 03:15:45Z INFO HostContext] Well known directory 'Root': 'C:\Devops_training\DevOpsCICDProject\actions-runner'
[2026-09-30 03:15:45Z INFO HostContext] Well known config file 'MigratedRunner': 'C:\Devops_training\DevOpsCICDProject\actions-runner\.runner_migrated'
[2026-09-30 03:15:45Z INFO ConfigurationStore] MigratedConfigFilePath: C:\Devops_training\DevOpsCICDProject\actions-runner\.runner_migrated
[2026-09-30 03:15:45Z INFO HostContext] Well known directory 'Bin': 'C:\Devops_training\DevOpsCICDProject\actions-runner\bin'
[2026-09-30 03:15:45Z INFO HostContext] Well known directory 'Root': 'C:\Devops_training\DevOpsCICDProject\actions-runner'
[2026-09-30 03:15:45Z INFO HostContext] Well known config file 'Credentials': 'C:\Devops_training\DevOpsCICDProject\actions-runner\.credentials'
[2026-09-30 03:15:45Z INFO ConfigurationStore] CredFilePath: C:\Devops_training\DevOpsCICDProject\actions-runner\.credentials
[2026-09-30 03:15:45Z INFO HostContext] Well known directory 'Bin': 'C:\Devops_training\DevOpsCICDProject\actions-runner\bin'
[2026-09-30 03:15:45Z INFO HostContext] Well known directory 'Root': 'C:\Devops_training\DevOpsCICDProject\actions-runner'
[2026-09-30 03:15:45Z INFO HostContext] Well known config file 'MigratedCredentials': 'C:\Devops_training\DevOpsCICDProject\actions-runner\.credentials_migrated'
[2026-09-30 03:15:45Z INFO ConfigurationStore] MigratedCredFilePath: C:\Devops_training\DevOpsCICDProject\actions-runner\.credentials_migrated
[2026-09-30 03:15:45Z INFO HostContext] Well known directory 'Bin': 'C:\Devops_training\DevOpsCICDProject\actions-runner\bin'
[2026-09-30 03:15:45Z INFO HostContext] Well known directory 'Root': 'C:\Devops_training\DevOpsCICDProject\actions-runner'
[2026-09-30 03:15:45Z INFO HostContext] Well known config file 'Service': 'C:\Devops_training\DevOpsCICDProject\actions-runner\.service'
[2026-09-30 03:15:45Z INFO ConfigurationStore] ServiceConfigFilePath: C:\Devops_training\DevOpsCICDProject\actions-runner\.service
[2026-09-30 03:15:45Z INFO ConfigurationStore] Read setting file: 418 chars
[2026-09-30 03:15:45Z INFO JobRunner] Initializing launch client
[2026-09-30 03:15:45Z INFO JobServerQueue] Initializing results client
[2026-09-30 03:15:45Z INFO ResultServer] Creating websocket client ...wss://results-receiver.actions.githubusercontent.com/_ws/ingest.sock
[2026-09-30 03:15:45Z INFO ResultServer] Attempting to start websocket client with delay 00:00:00.
[2026-09-30 03:15:46Z INFO JobServerQueue] Start process web console line queue.
[2026-09-30 03:15:46Z INFO JobServerQueue] Start process file upload queue.
[2026-09-30 03:15:46Z INFO JobServerQueue] Start results file upload queue.
[2026-09-30 03:15:46Z INFO JobServerQueue] Starting results-based upload queue...
[2026-09-30 03:15:46Z INFO JobServerQueue] Start process timeline update queue.
[2026-09-30 03:15:46Z INFO ExecutionContext] Initializing Job context
[2026-09-30 03:15:46Z INFO ExecutionContext] Initialize GitHub context
[2026-09-30 03:15:46Z INFO ExecutionContext] Initialize Env context
[2026-09-30 03:15:46Z INFO HostContext] Well known directory 'Bin': 'C:\Devops_training\DevOpsCICDProject\actions-runner\bin'
[2026-09-30 03:15:46Z INFO HostContext] Well known directory 'Root': 'C:\Devops_training\DevOpsCICDProject\actions-runner'
[2026-09-30 03:15:46Z INFO HostContext] Well known directory 'Diag': 'C:\Devops_training\DevOpsCICDProject\actions-runner\_diag'
[2026-09-30 03:15:46Z INFO HostContext] Well known directory 'Bin': 'C:\Devops_training\DevOpsCICDProject\actions-runner\bin'
[2026-09-30 03:15:46Z INFO HostContext] Well known directory 'Root': 'C:\Devops_training\DevOpsCICDProject\actions-runner'
[2026-09-30 03:15:46Z INFO HostContext] Well known directory 'Diag': 'C:\Devops_training\DevOpsCICDProject\actions-runner\_diag'
[2026-09-30 03:15:46Z INFO JobRunner] Starting the job execution context.
[2026-09-30 03:15:46Z INFO HostContext] Well known directory 'Bin': 'C:\Devops_training\DevOpsCICDProject\actions-runner\bin'
[2026-09-30 03:15:46Z INFO HostContext] Well known directory 'Root': 'C:\Devops_training\DevOpsCICDProject\actions-runner'
[2026-09-30 03:15:46Z INFO HostContext] Well known directory 'Work': 'C:\Devops_training\DevOpsCICDProject\actions-runner\_work'
[2026-09-30 03:15:46Z INFO JobRunner] Validating directory permissions for: 'C:\Devops_training\DevOpsCICDProject\actions-runner\_work'
[2026-09-30 03:15:46Z INFO HostContext] Well known directory 'Bin': 'C:\Devops_training\DevOpsCICDProject\actions-runner\bin'
[2026-09-30 03:15:46Z INFO HostContext] Well known directory 'Root': 'C:\Devops_training\DevOpsCICDProject\actions-runner'
[2026-09-30 03:15:46Z INFO HostContext] Well known directory 'Work': 'C:\Devops_training\DevOpsCICDProject\actions-runner\_work'
[2026-09-30 03:15:46Z INFO HostContext] Well known directory 'Tools': 'C:\Devops_training\DevOpsCICDProject\actions-runner\_work\_tool'
[2026-09-30 03:15:46Z INFO HostContext] Well known directory 'Bin': 'C:\Devops_training\DevOpsCICDProject\actions-runner\bin'
[2026-09-30 03:15:46Z INFO HostContext] Well known directory 'Root': 'C:\Devops_training\DevOpsCICDProject\actions-runner'
[2026-09-30 03:15:46Z INFO HostContext] Well known directory 'Work': 'C:\Devops_training\DevOpsCICDProject\actions-runner\_work'
[2026-09-30 03:15:46Z INFO HostContext] Well known directory 'Temp': 'C:\Devops_training\DevOpsCICDProject\actions-runner\_work\_temp'
[2026-09-30 03:15:46Z INFO JobRunner] Getting job extension.
[2026-09-30 03:15:46Z INFO JobRunner] Initialize job. Getting all job steps.
[2026-09-30 03:15:46Z INFO HostContext] Well known directory 'Bin': 'C:\Devops_training\DevOpsCICDProject\actions-runner\bin'
[2026-09-30 03:15:46Z INFO HostContext] Well known directory 'Root': 'C:\Devops_training\DevOpsCICDProject\actions-runner'
[2026-09-30 03:15:46Z INFO HostContext] Well known directory 'Diag': 'C:\Devops_training\DevOpsCICDProject\actions-runner\_diag'
[2026-09-30 03:15:46Z INFO HostContext] Well known directory 'Bin': 'C:\Devops_training\DevOpsCICDProject\actions-runner\bin'
[2026-09-30 03:15:46Z INFO HostContext] Well known directory 'Root': 'C:\Devops_training\DevOpsCICDProject\actions-runner'
[2026-09-30 03:15:46Z INFO HostContext] Well known directory 'Diag': 'C:\Devops_training\DevOpsCICDProject\actions-runner\_diag'
[2026-09-30 03:15:46Z INFO HostContext] Well known directory 'Bin': 'C:\Devops_training\DevOpsCICDProject\actions-runner\bin'
[2026-09-30 03:15:46Z INFO HostContext] Well known directory 'Root': 'C:\Devops_training\DevOpsCICDProject\actions-runner'
[2026-09-30 03:15:46Z INFO HostContext] Well known config file 'Credentials': 'C:\Devops_training\DevOpsCICDProject\actions-runner\.credentials'
[2026-09-30 03:15:46Z INFO HostContext] Well known directory 'Bin': 'C:\Devops_training\DevOpsCICDProject\actions-runner\bin'
[2026-09-30 03:15:46Z INFO HostContext] Well known directory 'Root': 'C:\Devops_training\DevOpsCICDProject\actions-runner'
[2026-09-30 03:15:46Z INFO HostContext] Well known config file 'SetupInfo': 'C:\Devops_training\DevOpsCICDProject\actions-runner\.setup_info'
[2026-09-30 03:15:46Z INFO HostContext] Well known directory 'Bin': 'C:\Devops_training\DevOpsCICDProject\actions-runner\bin'
[2026-09-30 03:15:46Z INFO HostContext] Well known directory 'Root': 'C:\Devops_training\DevOpsCICDProject\actions-runner'
[2026-09-30 03:15:46Z INFO HostContext] Well known directory 'Work': 'C:\Devops_training\DevOpsCICDProject\actions-runner\_work'
[2026-09-30 03:15:46Z INFO PipelineDirectoryManager] Loading tracking config if exists: C:\Devops_training\DevOpsCICDProject\actions-runner\_work\_PipelineMapping\Prabhatkumarkhemariya/DevOpsCICDProject\PipelineFolder.json
[2026-09-30 03:15:46Z INFO PipelineDirectoryManager] Updating job run properties.
[2026-09-30 03:15:46Z INFO HostContext] Well known directory 'Bin': 'C:\Devops_training\DevOpsCICDProject\actions-runner\bin'
[2026-09-30 03:15:46Z INFO HostContext] Well known directory 'Root': 'C:\Devops_training\DevOpsCICDProject\actions-runner'
[2026-09-30 03:15:46Z INFO HostContext] Well known directory 'Work': 'C:\Devops_training\DevOpsCICDProject\actions-runner\_work'
[2026-09-30 03:15:46Z INFO HostContext] Well known directory 'Bin': 'C:\Devops_training\DevOpsCICDProject\actions-runner\bin'
[2026-09-30 03:15:46Z INFO HostContext] Well known directory 'Root': 'C:\Devops_training\DevOpsCICDProject\actions-runner'
[2026-09-30 03:15:46Z INFO HostContext] Well known directory 'Work': 'C:\Devops_training\DevOpsCICDProject\actions-runner\_work'
[2026-09-30 03:15:46Z INFO HostContext] Well known directory 'Bin': 'C:\Devops_training\DevOpsCICDProject\actions-runner\bin'
[2026-09-30 03:15:46Z INFO HostContext] Well known directory 'Root': 'C:\Devops_training\DevOpsCICDProject\actions-runner'
[2026-09-30 03:15:46Z INFO HostContext] Well known directory 'Work': 'C:\Devops_training\DevOpsCICDProject\actions-runner\_work'
[2026-09-30 03:15:46Z INFO JobExtension] Downloading actions
[2026-09-30 03:15:46Z INFO HostContext] Well known directory 'Bin': 'C:\Devops_training\DevOpsCICDProject\actions-runner\bin'
[2026-09-30 03:15:46Z INFO HostContext] Well known directory 'Root': 'C:\Devops_training\DevOpsCICDProject\actions-runner'
[2026-09-30 03:15:46Z INFO HostContext] Well known directory 'Work': 'C:\Devops_training\DevOpsCICDProject\actions-runner\_work'
[2026-09-30 03:15:46Z INFO HostContext] Well known directory 'Actions': 'C:\Devops_training\DevOpsCICDProject\actions-runner\_work\_actions'
[2026-09-30 03:15:46Z INFO Worker] Listening for cancel message from the channel.
[2026-09-30 03:15:46Z INFO Worker] Waiting for the job to complete or for a cancel message from the channel.
[2026-09-30 03:15:47Z INFO ResultServer] Successfully started websocket client.
[2026-09-30 03:15:47Z INFO JobServerQueue] Try to append 1 batches web console lines for record '3a3fc02a-f4b1-4ccf-9ac6-53e7057d3ec0', success rate: 1/1.
[2026-09-30 03:15:47Z INFO HostContext] Well known directory 'Bin': 'C:\Devops_training\DevOpsCICDProject\actions-runner\bin'
[2026-09-30 03:15:47Z INFO HostContext] Well known directory 'Root': 'C:\Devops_training\DevOpsCICDProject\actions-runner'
[2026-09-30 03:15:47Z INFO HostContext] Well known directory 'Work': 'C:\Devops_training\DevOpsCICDProject\actions-runner\_work'
[2026-09-30 03:15:47Z INFO HostContext] Well known directory 'Actions': 'C:\Devops_training\DevOpsCICDProject\actions-runner\_work\_actions'
[2026-09-30 03:15:47Z INFO HostContext] Well known directory 'Bin': 'C:\Devops_training\DevOpsCICDProject\actions-runner\bin'
[2026-09-30 03:15:47Z INFO HostContext] Well known directory 'Root': 'C:\Devops_training\DevOpsCICDProject\actions-runner'
[2026-09-30 03:15:47Z INFO HostContext] Well known directory 'Work': 'C:\Devops_training\DevOpsCICDProject\actions-runner\_work'
[2026-09-30 03:15:47Z INFO HostContext] Well known directory 'Actions': 'C:\Devops_training\DevOpsCICDProject\actions-runner\_work\_actions'
[2026-09-30 03:15:47Z INFO ActionManager] Save archive 'https://codeload.github.com/actions/checkout/zip/11d5960a326750d5838078e36cf38b85af677262' into C:\Devops_training\DevOpsCICDProject\actions-runner\_work\_actions\_temp_46ca021b-4683-493b-b7f3-2b048a2e67d5\dbd2b43e-ffec-47fc-a85b-1f57b87a4aa0.zip.
[2026-09-30 03:15:47Z INFO ActionManager] Using Basic token for action archive download.
[2026-09-30 03:15:47Z INFO JobServerQueue] Try to append 1 batches web console lines for record '3a3fc02a-f4b1-4ccf-9ac6-53e7057d3ec0', success rate: 1/1.
[2026-09-30 03:15:47Z INFO JobServerQueue] Job timeline record has been updated for the first time.
[2026-09-30 03:15:47Z INFO ActionManager] Request URL: https://codeload.github.com/actions/checkout/zip/11d5960a326750d5838078e36cf38b85af677262 X-GitHub-Request-Id: 508D:4FF63:85CF:AF9CF:6ABC7EE3 Http Status: OK
[2026-09-30 03:15:49Z INFO ActionManager] Finished getting action repository.
[2026-09-30 03:15:49Z INFO HostContext] Well known directory 'Bin': 'C:\Devops_training\DevOpsCICDProject\actions-runner\bin'
[2026-09-30 03:15:49Z INFO HostContext] Well known directory 'Root': 'C:\Devops_training\DevOpsCICDProject\actions-runner'
[2026-09-30 03:15:49Z INFO HostContext] Well known directory 'Work': 'C:\Devops_training\DevOpsCICDProject\actions-runner\_work'
[2026-09-30 03:15:49Z INFO HostContext] Well known directory 'Actions': 'C:\Devops_training\DevOpsCICDProject\actions-runner\_work\_actions'
[2026-09-30 03:15:49Z INFO ActionManifestManagerLegacy] Load schema file with definitions: [
  "null",
  "boolean",
  "number",
  "string",
  "sequence",
  "mapping",
  "any",
  "action-root",
  "inputs",
  "input",
  "outputs",
  "output-definition",
  "runs",
  "container-runs",
  "container-runs-args",
  "container-runs-env",
  "node-runs",
  "plugin-runs",
  "composite-runs",
  "composite-steps",
  "composite-step",
  "run-step",
  "uses-step",
  "container-runs-context",
  "output-value",
  "input-default-context",
  "non-empty-string",
  "string-steps-context",
  "boolean-steps-context",
  "step-env",
  "step-if",
  "step-with"
]
[2026-09-30 03:15:49Z INFO ActionManifestManager] Load schema file with definitions: [
  "null",
  "boolean",
  "number",
  "string",
  "sequence",
  "mapping",
  "any",
  "action-root",
  "inputs",
  "input",
  "outputs",
  "output-definition",
  "runs",
  "container-runs",
  "container-runs-args",
  "container-runs-env",
  "node-runs",
  "plugin-runs",
  "composite-runs",
  "composite-steps",
  "composite-step",
  "run-step",
  "uses-step",
  "container-runs-context",
  "output-value",
  "input-default-context",
  "non-empty-string",
  "string-steps-context",
  "boolean-steps-context",
  "step-env",
  "step-if",
  "step-with"
]
[2026-09-30 03:15:49Z INFO HostContext] Well known directory 'Bin': 'C:\Devops_training\DevOpsCICDProject\actions-runner\bin'
[2026-09-30 03:15:49Z INFO HostContext] Well known directory 'Root': 'C:\Devops_training\DevOpsCICDProject\actions-runner'
[2026-09-30 03:15:49Z INFO HostContext] Well known directory 'Work': 'C:\Devops_training\DevOpsCICDProject\actions-runner\_work'
[2026-09-30 03:15:49Z INFO HostContext] Well known directory 'Actions': 'C:\Devops_training\DevOpsCICDProject\actions-runner\_work\_actions'
[2026-09-30 03:15:49Z INFO ActionManifestManagerLegacy] Loaded action.yml file: {
  "name": "Checkout",
  "description": "Checkout a Git repository at a particular version",
  "inputs": {
    "type": 2,
    "map": [
      {
        "key": {
          "type": 0,
          "file": 2,
          "line": 4,
          "col": 3,
          "lit": "repository"
        },
        "value": {
          "type": 3,
          "file": 2,
          "line": 6,
          "col": 14,
          "expr": "github.repository"
        }
      },
      {
        "key": {
          "type": 0,
          "file": 2,
          "line": 7,
          "col": 3,
          "lit": "ref"
        },
        "value": ""
      },
      {
        "key": {
          "type": 0,
          "file": 2,
          "line": 12,
          "col": 3,
          "lit": "token"
        },
        "value": {
          "type": 3,
          "file": 2,
          "line": 24,
          "col": 14,
          "expr": "github.token"
        }
      },
      {
        "key": {
          "type": 0,
          "file": 2,
          "line": 25,
          "col": 3,
          "lit": "ssh-key"
        },
        "value": ""
      },
      {
        "key": {
          "type": 0,
          "file": 2,
          "line": 37,
          "col": 3,
          "lit": "ssh-known-hosts"
        },
        "value": ""
      },
      {
        "key": {
          "type": 0,
          "file": 2,
          "line": 42,
          "col": 3,
          "lit": "ssh-strict"
        },
        "value": {
          "type": 0,
          "file": 2,
          "line": 47,
          "col": 14,
          "lit": "true"
        }
      },
      {
        "key": {
          "type": 0,
          "file": 2,
          "line": 48,
          "col": 3,
          "lit": "ssh-user"
        },
        "value": {
          "type": 0,
          "file": 2,
          "line": 51,
          "col": 14,
          "lit": "git"
        }
      },
      {
        "key": {
          "type": 0,
          "file": 2,
          "line": 52,
          "col": 3,
          "lit": "persist-credentials"
        },
        "value": {
          "type": 0,
          "file": 2,
          "line": 54,
          "col": 14,
          "lit": "true"
        }
      },
      {
        "key": {
          "type": 0,
          "file": 2,
          "line": 55,
          "col": 3,
          "lit": "path"
        },
        "value": ""
      },
      {
        "key": {
          "type": 0,
          "file": 2,
          "line": 57,
          "col": 3,
          "lit": "clean"
        },
        "value": {
          "type": 0,
          "file": 2,
          "line": 59,
          "col": 14,
          "lit": "true"
        }
      },
      {
        "key": {
          "type": 0,
          "file": 2,
          "line": 60,
          "col": 3,
          "lit": "filter"
        },
        "value": {
          "type": 0,
          "file": 2,
          "line": 64,
          "col": 14,
          "lit": ""
        }
      },
      {
        "key": {
          "type": 0,
          "file": 2,
          "line": 65,
          "col": 3,
          "lit": "sparse-checkout"
        },
        "value": {
          "type": 0,
          "file": 2,
          "line": 69,
          "col": 14,
          "lit": ""
        }
      },
      {
        "key": {
          "type": 0,
          "file": 2,
          "line": 70,
          "col": 3,
          "lit": "sparse-checkout-cone-mode"
        },
        "value": {
          "type": 0,
          "file": 2,
          "line": 73,
          "col": 14,
          "lit": "true"
        }
      },
      {
        "key": {
          "type": 0,
          "file": 2,
          "line": 74,
          "col": 3,
          "lit": "fetch-depth"
        },
        "value": {
          "type": 0,
          "file": 2,
          "line": 76,
          "col": 14,
          "lit": "1"
        }
      },
      {
        "key": {
          "type": 0,
          "file": 2,
          "line": 77,
          "col": 3,
          "lit": "fetch-tags"
        },
        "value": {
          "type": 0,
          "file": 2,
          "line": 79,
          "col": 14,
          "lit": "false"
        }
      },
      {
        "key": {
          "type": 0,
          "file": 2,
          "line": 80,
          "col": 3,
          "lit": "show-progress"
        },
        "value": {
          "type": 0,
          "file": 2,
          "line": 82,
          "col": 14,
          "lit": "true"
        }
      },
      {
        "key": {
          "type": 0,
          "file": 2,
          "line": 83,
          "col": 3,
          "lit": "lfs"
        },
        "value": {
          "type": 0,
          "file": 2,
          "line": 85,
          "col": 14,
          "lit": "false"
        }
      },
      {
        "key": {
          "type": 0,
          "file": 2,
          "line": 86,
          "col": 3,
          "lit": "submodules"
        },
        "value": {
          "type": 0,
          "file": 2,
          "line": 94,
          "col": 14,
          "lit": "false"
        }
      },
      {
        "key": {
          "type": 0,
          "file": 2,
          "line": 95,
          "col": 3,
          "lit": "set-safe-directory"
        },
        "value": {
          "type": 0,
          "file": 2,
          "line": 97,
          "col": 14,
          "lit": "true"
        }
      },
      {
        "key": {
          "type": 0,
          "file": 2,
          "line": 98,
          "col": 3,
          "lit": "github-server-url"
        },
        "value": ""
      },
      {
        "key": {
          "type": 0,
          "file": 2,
          "line": 101,
          "col": 3,
          "lit": "allow-unsafe-pr-checkout"
        },
        "value": {
          "type": 0,
          "file": 2,
          "line": 109,
          "col": 14,
          "lit": "false"
        }
      }
    ]
  },
  "execution": {
    "executionType": "nodeJS",
    "hasPre": false,
    "hasPost": true,
    "script": "dist/index.js",
    "pre": null,
    "post": "dist/index.js",
    "nodeVersion": "node20",
    "cleanupCondition": "always()",
    "initCondition": "always()"
  },
  "deprecated": null
}
[2026-09-30 03:15:49Z INFO ActionManager] Action node.js file: dist/index.js, no more preparation.
[2026-09-30 03:15:49Z INFO HostContext] Well known directory 'Bin': 'C:\Devops_training\DevOpsCICDProject\actions-runner\bin'
[2026-09-30 03:15:49Z INFO HostContext] Well known directory 'Root': 'C:\Devops_training\DevOpsCICDProject\actions-runner'
[2026-09-30 03:15:49Z INFO HostContext] Well known directory 'Work': 'C:\Devops_training\DevOpsCICDProject\actions-runner\_work'
[2026-09-30 03:15:49Z INFO HostContext] Well known directory 'Actions': 'C:\Devops_training\DevOpsCICDProject\actions-runner\_work\_actions'
[2026-09-30 03:15:49Z INFO ActionManager] Load action that reference repository from 'C:\Devops_training\DevOpsCICDProject\actions-runner\_work\_actions\actions\checkout\v4'
[2026-09-30 03:15:49Z INFO HostContext] Well known directory 'Bin': 'C:\Devops_training\DevOpsCICDProject\actions-runner\bin'
[2026-09-30 03:15:49Z INFO HostContext] Well known directory 'Root': 'C:\Devops_training\DevOpsCICDProject\actions-runner'
[2026-09-30 03:15:49Z INFO HostContext] Well known directory 'Work': 'C:\Devops_training\DevOpsCICDProject\actions-runner\_work'
[2026-09-30 03:15:49Z INFO HostContext] Well known directory 'Actions': 'C:\Devops_training\DevOpsCICDProject\actions-runner\_work\_actions'
[2026-09-30 03:15:49Z INFO ActionManifestManagerLegacy] Loaded action.yml file: {
  "name": "Checkout",
  "description": "Checkout a Git repository at a particular version",
  "inputs": {
    "type": 2,
    "map": [
      {
        "key": {
          "type": 0,
          "file": 2,
          "line": 4,
          "col": 3,
          "lit": "repository"
        },
        "value": {
          "type": 3,
          "file": 2,
          "line": 6,
          "col": 14,
          "expr": "github.repository"
        }
      },
      {
        "key": {
          "type": 0,
          "file": 2,
          "line": 7,
          "col": 3,
          "lit": "ref"
        },
        "value": ""
      },
      {
        "key": {
          "type": 0,
          "file": 2,
          "line": 12,
          "col": 3,
          "lit": "token"
        },
        "value": {
          "type": 3,
          "file": 2,
          "line": 24,
          "col": 14,
          "expr": "github.token"
        }
      },
      {
        "key": {
          "type": 0,
          "file": 2,
          "line": 25,
          "col": 3,
          "lit": "ssh-key"
        },
        "value": ""
      },
      {
        "key": {
          "type": 0,
          "file": 2,
          "line": 37,
          "col": 3,
          "lit": "ssh-known-hosts"
        },
        "value": ""
      },
      {
        "key": {
          "type": 0,
          "file": 2,
          "line": 42,
          "col": 3,
          "lit": "ssh-strict"
        },
        "value": {
          "type": 0,
          "file": 2,
          "line": 47,
          "col": 14,
          "lit": "true"
        }
      },
      {
        "key": {
          "type": 0,
          "file": 2,
          "line": 48,
          "col": 3,
          "lit": "ssh-user"
        },
        "value": {
          "type": 0,
          "file": 2,
          "line": 51,
          "col": 14,
          "lit": "git"
        }
      },
      {
        "key": {
          "type": 0,
          "file": 2,
          "line": 52,
          "col": 3,
          "lit": "persist-credentials"
        },
        "value": {
          "type": 0,
          "file": 2,
          "line": 54,
          "col": 14,
          "lit": "true"
        }
      },
      {
        "key": {
          "type": 0,
          "file": 2,
          "line": 55,
          "col": 3,
          "lit": "path"
        },
        "value": ""
      },
      {
        "key": {
          "type": 0,
          "file": 2,
          "line": 57,
          "col": 3,
          "lit": "clean"
        },
        "value": {
          "type": 0,
          "file": 2,
          "line": 59,
          "col": 14,
          "lit": "true"
        }
      },
      {
        "key": {
          "type": 0,
          "file": 2,
          "line": 60,
          "col": 3,
          "lit": "filter"
        },
        "value": {
          "type": 0,
          "file": 2,
          "line": 64,
          "col": 14,
          "lit": ""
        }
      },
      {
        "key": {
          "type": 0,
          "file": 2,
          "line": 65,
          "col": 3,
          "lit": "sparse-checkout"
        },
        "value": {
          "type": 0,
          "file": 2,
          "line": 69,
          "col": 14,
          "lit": ""
        }
      },
      {
        "key": {
          "type": 0,
          "file": 2,
          "line": 70,
          "col": 3,
          "lit": "sparse-checkout-cone-mode"
        },
        "value": {
          "type": 0,
          "file": 2,
          "line": 73,
          "col": 14,
          "lit": "true"
        }
      },
      {
        "key": {
          "type": 0,
          "file": 2,
          "line": 74,
          "col": 3,
          "lit": "fetch-depth"
        },
        "value": {
          "type": 0,
          "file": 2,
          "line": 76,
          "col": 14,
          "lit": "1"
        }
      },
      {
        "key": {
          "type": 0,
          "file": 2,
          "line": 77,
          "col": 3,
          "lit": "fetch-tags"
        },
        "value": {
          "type": 0,
          "file": 2,
          "line": 79,
          "col": 14,
          "lit": "false"
        }
      },
      {
        "key": {
          "type": 0,
          "file": 2,
          "line": 80,
          "col": 3,
          "lit": "show-progress"
        },
        "value": {
          "type": 0,
          "file": 2,
          "line": 82,
          "col": 14,
          "lit": "true"
        }
      },
      {
        "key": {
          "type": 0,
          "file": 2,
          "line": 83,
          "col": 3,
          "lit": "lfs"
        },
        "value": {
          "type": 0,
          "file": 2,
          "line": 85,
          "col": 14,
          "lit": "false"
        }
      },
      {
        "key": {
          "type": 0,
          "file": 2,
          "line": 86,
          "col": 3,
          "lit": "submodules"
        },
        "value": {
          "type": 0,
          "file": 2,
          "line": 94,
          "col": 14,
          "lit": "false"
        }
      },
      {
        "key": {
          "type": 0,
          "file": 2,
          "line": 95,
          "col": 3,
          "lit": "set-safe-directory"
        },
        "value": {
          "type": 0,
          "file": 2,
          "line": 97,
          "col": 14,
          "lit": "true"
        }
      },
      {
        "key": {
          "type": 0,
          "file": 2,
          "line": 98,
          "col": 3,
          "lit": "github-server-url"
        },
        "value": ""
      },
      {
        "key": {
          "type": 0,
          "file": 2,
          "line": 101,
          "col": 3,
          "lit": "allow-unsafe-pr-checkout"
        },
        "value": {
          "type": 0,
          "file": 2,
          "line": 109,
          "col": 14,
          "lit": "false"
        }
      }
    ]
  },
  "execution": {
    "executionType": "nodeJS",
    "hasPre": false,
    "hasPost": true,
    "script": "dist/index.js",
    "pre": null,
    "post": "dist/index.js",
    "nodeVersion": "node20",
    "cleanupCondition": "always()",
    "initCondition": "always()"
  },
  "deprecated": null
}
[2026-09-30 03:15:49Z INFO ActionManager] Action pre node.js file: N/A.
[2026-09-30 03:15:49Z INFO ActionManager] Action node.js file: dist/index.js.
[2026-09-30 03:15:49Z INFO ActionManager] Action post node.js file: dist/index.js.
[2026-09-30 03:15:49Z INFO JobExtension] Adding .
[2026-09-30 03:15:49Z INFO JobExtension] Adding .
[2026-09-30 03:15:49Z INFO JobExtension] Adding .
[2026-09-30 03:15:49Z INFO JobExtension] Adding .
[2026-09-30 03:15:49Z INFO JobExtension] Adding .
[2026-09-30 03:15:49Z INFO JobExtension] Adding .
[2026-09-30 03:15:49Z INFO JobExtension] Adding .
[2026-09-30 03:15:49Z INFO JobExtension] Adding .
[2026-09-30 03:15:49Z INFO JobExtension] Adding .
[2026-09-30 03:15:49Z INFO HostContext] Well known directory 'Bin': 'C:\Devops_training\DevOpsCICDProject\actions-runner\bin'
[2026-09-30 03:15:49Z INFO HostContext] Well known directory 'Root': 'C:\Devops_training\DevOpsCICDProject\actions-runner'
[2026-09-30 03:15:49Z INFO HostContext] Well known directory 'Diag': 'C:\Devops_training\DevOpsCICDProject\actions-runner\_diag'
[2026-09-30 03:15:49Z INFO HostContext] Well known directory 'Bin': 'C:\Devops_training\DevOpsCICDProject\actions-runner\bin'
[2026-09-30 03:15:49Z INFO HostContext] Well known directory 'Root': 'C:\Devops_training\DevOpsCICDProject\actions-runner'
[2026-09-30 03:15:49Z INFO HostContext] Well known directory 'Diag': 'C:\Devops_training\DevOpsCICDProject\actions-runner\_diag'
[2026-09-30 03:15:49Z INFO HostContext] Well known directory 'Bin': 'C:\Devops_training\DevOpsCICDProject\actions-runner\bin'
[2026-09-30 03:15:49Z INFO HostContext] Well known directory 'Root': 'C:\Devops_training\DevOpsCICDProject\actions-runner'
[2026-09-30 03:15:49Z INFO HostContext] Well known directory 'Diag': 'C:\Devops_training\DevOpsCICDProject\actions-runner\_diag'
[2026-09-30 03:15:49Z INFO HostContext] Well known directory 'Bin': 'C:\Devops_training\DevOpsCICDProject\actions-runner\bin'
[2026-09-30 03:15:49Z INFO HostContext] Well known directory 'Root': 'C:\Devops_training\DevOpsCICDProject\actions-runner'
[2026-09-30 03:15:49Z INFO HostContext] Well known directory 'Diag': 'C:\Devops_training\DevOpsCICDProject\actions-runner\_diag'
[2026-09-30 03:15:49Z INFO HostContext] Well known directory 'Bin': 'C:\Devops_training\DevOpsCICDProject\actions-runner\bin'
[2026-09-30 03:15:49Z INFO HostContext] Well known directory 'Root': 'C:\Devops_training\DevOpsCICDProject\actions-runner'
[2026-09-30 03:15:49Z INFO HostContext] Well known directory 'Diag': 'C:\Devops_training\DevOpsCICDProject\actions-runner\_diag'
[2026-09-30 03:15:49Z INFO HostContext] Well known directory 'Bin': 'C:\Devops_training\DevOpsCICDProject\actions-runner\bin'
[2026-09-30 03:15:49Z INFO HostContext] Well known directory 'Root': 'C:\Devops_training\DevOpsCICDProject\actions-runner'
[2026-09-30 03:15:49Z INFO HostContext] Well known directory 'Diag': 'C:\Devops_training\DevOpsCICDProject\actions-runner\_diag'
[2026-09-30 03:15:49Z INFO HostContext] Well known directory 'Bin': 'C:\Devops_training\DevOpsCICDProject\actions-runner\bin'
[2026-09-30 03:15:49Z INFO HostContext] Well known directory 'Root': 'C:\Devops_training\DevOpsCICDProject\actions-runner'
[2026-09-30 03:15:49Z INFO HostContext] Well known directory 'Diag': 'C:\Devops_training\DevOpsCICDProject\actions-runner\_diag'
[2026-09-30 03:15:49Z INFO HostContext] Well known directory 'Bin': 'C:\Devops_training\DevOpsCICDProject\actions-runner\bin'
[2026-09-30 03:15:49Z INFO HostContext] Well known directory 'Root': 'C:\Devops_training\DevOpsCICDProject\actions-runner'
[2026-09-30 03:15:49Z INFO HostContext] Well known directory 'Diag': 'C:\Devops_training\DevOpsCICDProject\actions-runner\_diag'
[2026-09-30 03:15:49Z INFO HostContext] Well known directory 'Bin': 'C:\Devops_training\DevOpsCICDProject\actions-runner\bin'
[2026-09-30 03:15:49Z INFO HostContext] Well known directory 'Root': 'C:\Devops_training\DevOpsCICDProject\actions-runner'
[2026-09-30 03:15:49Z INFO HostContext] Well known directory 'Diag': 'C:\Devops_training\DevOpsCICDProject\actions-runner\_diag'
[2026-09-30 03:15:49Z INFO HostContext] Well known directory 'Bin': 'C:\Devops_training\DevOpsCICDProject\actions-runner\bin'
[2026-09-30 03:15:49Z INFO HostContext] Well known directory 'Root': 'C:\Devops_training\DevOpsCICDProject\actions-runner'
[2026-09-30 03:15:49Z INFO HostContext] Well known directory 'Diag': 'C:\Devops_training\DevOpsCICDProject\actions-runner\_diag'
[2026-09-30 03:15:49Z INFO HostContext] Well known directory 'Bin': 'C:\Devops_training\DevOpsCICDProject\actions-runner\bin'
[2026-09-30 03:15:49Z INFO HostContext] Well known directory 'Root': 'C:\Devops_training\DevOpsCICDProject\actions-runner'
[2026-09-30 03:15:49Z INFO HostContext] Well known directory 'Diag': 'C:\Devops_training\DevOpsCICDProject\actions-runner\_diag'
[2026-09-30 03:15:49Z INFO HostContext] Well known directory 'Bin': 'C:\Devops_training\DevOpsCICDProject\actions-runner\bin'
[2026-09-30 03:15:49Z INFO HostContext] Well known directory 'Root': 'C:\Devops_training\DevOpsCICDProject\actions-runner'
[2026-09-30 03:15:49Z INFO HostContext] Well known directory 'Diag': 'C:\Devops_training\DevOpsCICDProject\actions-runner\_diag'
[2026-09-30 03:15:49Z INFO HostContext] Well known directory 'Bin': 'C:\Devops_training\DevOpsCICDProject\actions-runner\bin'
[2026-09-30 03:15:49Z INFO HostContext] Well known directory 'Root': 'C:\Devops_training\DevOpsCICDProject\actions-runner'
[2026-09-30 03:15:49Z INFO HostContext] Well known directory 'Diag': 'C:\Devops_training\DevOpsCICDProject\actions-runner\_diag'
[2026-09-30 03:15:49Z INFO HostContext] Well known directory 'Bin': 'C:\Devops_training\DevOpsCICDProject\actions-runner\bin'
[2026-09-30 03:15:49Z INFO HostContext] Well known directory 'Root': 'C:\Devops_training\DevOpsCICDProject\actions-runner'
[2026-09-30 03:15:49Z INFO HostContext] Well known directory 'Diag': 'C:\Devops_training\DevOpsCICDProject\actions-runner\_diag'
[2026-09-30 03:15:49Z INFO HostContext] Well known directory 'Bin': 'C:\Devops_training\DevOpsCICDProject\actions-runner\bin'
[2026-09-30 03:15:49Z INFO HostContext] Well known directory 'Root': 'C:\Devops_training\DevOpsCICDProject\actions-runner'
[2026-09-30 03:15:49Z INFO HostContext] Well known directory 'Diag': 'C:\Devops_training\DevOpsCICDProject\actions-runner\_diag'
[2026-09-30 03:15:49Z INFO HostContext] Well known directory 'Bin': 'C:\Devops_training\DevOpsCICDProject\actions-runner\bin'
[2026-09-30 03:15:49Z INFO HostContext] Well known directory 'Root': 'C:\Devops_training\DevOpsCICDProject\actions-runner'
[2026-09-30 03:15:49Z INFO HostContext] Well known directory 'Diag': 'C:\Devops_training\DevOpsCICDProject\actions-runner\_diag'
[2026-09-30 03:15:49Z INFO HostContext] Well known directory 'Bin': 'C:\Devops_training\DevOpsCICDProject\actions-runner\bin'
[2026-09-30 03:15:49Z INFO HostContext] Well known directory 'Root': 'C:\Devops_training\DevOpsCICDProject\actions-runner'
[2026-09-30 03:15:49Z INFO HostContext] Well known directory 'Diag': 'C:\Devops_training\DevOpsCICDProject\actions-runner\_diag'
[2026-09-30 03:15:49Z INFO HostContext] Well known directory 'Bin': 'C:\Devops_training\DevOpsCICDProject\actions-runner\bin'
[2026-09-30 03:15:49Z INFO HostContext] Well known directory 'Root': 'C:\Devops_training\DevOpsCICDProject\actions-runner'
[2026-09-30 03:15:49Z INFO HostContext] Well known directory 'Diag': 'C:\Devops_training\DevOpsCICDProject\actions-runner\_diag'
[2026-09-30 03:15:49Z INFO JobExtension] Total accessible running process: 344.
[2026-09-30 03:15:49Z INFO HostContext] Well known directory 'Bin': 'C:\Devops_training\DevOpsCICDProject\actions-runner\bin'
[2026-09-30 03:15:49Z INFO HostContext] Well known directory 'Root': 'C:\Devops_training\DevOpsCICDProject\actions-runner'
[2026-09-30 03:15:49Z INFO HostContext] Well known directory 'Work': 'C:\Devops_training\DevOpsCICDProject\actions-runner\_work'
[2026-09-30 03:15:49Z INFO JobExtension] Start checking server connectivity.
[2026-09-30 03:15:49Z INFO JobExtension] Check server connectivity for https://broker.actions.githubusercontent.com/health.
[2026-09-30 03:15:49Z INFO JobExtension] Check server connectivity for https://token.actions.githubusercontent.com/ready.
[2026-09-30 03:15:49Z INFO JobExtension] Check server connectivity for https://run.actions.githubusercontent.com/health.
[2026-09-30 03:15:49Z INFO JobExtension] Start checking service connectivity in background.
[2026-09-30 03:15:49Z INFO ExecutionContext] Publish step telemetry for current step {
  "action": "setup_job",
  "type": "runner",
  "stage": "Pre",
  "stepId": "3a3fc02a-f4b1-4ccf-9ac6-53e7057d3ec0",
  "result": "succeeded",
  "errorMessages": [],
  "executionTimeInSeconds": 4,
  "startTime": "2026-09-30T03:15:46.0979354Z",
  "finishTime": "2026-09-30T03:15:49.8614662Z"
}.
[2026-09-30 03:15:49Z INFO JobRunner] Total job steps: 9.
[2026-09-30 03:15:49Z INFO JobRunner] Run all job steps.
[2026-09-30 03:15:49Z INFO JobServerQueue] Try to append 1 batches web console lines for record '3a3fc02a-f4b1-4ccf-9ac6-53e7057d3ec0', success rate: 1/1.
[2026-09-30 03:15:49Z INFO DapDebugger] DapDebugger initialized
[2026-09-30 03:15:49Z INFO StepsRunner] Processing step: DisplayName='Checkout Code'
[2026-09-30 03:15:49Z INFO StepsRunner] Evaluating: success()
[2026-09-30 03:15:49Z INFO StepsRunner] Result: true
[2026-09-30 03:15:49Z INFO StepsRunner] Starting the step.
[2026-09-30 03:15:50Z INFO HostContext] Well known directory 'Bin': 'C:\Devops_training\DevOpsCICDProject\actions-runner\bin'
[2026-09-30 03:15:50Z INFO HostContext] Well known directory 'Root': 'C:\Devops_training\DevOpsCICDProject\actions-runner'
[2026-09-30 03:15:50Z INFO HostContext] Well known directory 'Work': 'C:\Devops_training\DevOpsCICDProject\actions-runner\_work'
[2026-09-30 03:15:50Z INFO StepsRunner] Which2: 'chcp'
[2026-09-30 03:15:50Z INFO StepsRunner] Location: 'C:\windows\system32\chcp.COM'
[2026-09-30 03:15:50Z INFO ProcessInvokerWrapper] Starting process:
[2026-09-30 03:15:50Z INFO ProcessInvokerWrapper]   File name: 'C:\windows\system32\chcp.COM'
[2026-09-30 03:15:50Z INFO ProcessInvokerWrapper]   Arguments: '65001'
[2026-09-30 03:15:50Z INFO ProcessInvokerWrapper]   Working directory: 'C:\Devops_training\DevOpsCICDProject\actions-runner\_work'
[2026-09-30 03:15:50Z INFO ProcessInvokerWrapper]   Require exit code zero: 'False'
[2026-09-30 03:15:50Z INFO ProcessInvokerWrapper]   Encoding web name:  ; code page: ''
[2026-09-30 03:15:50Z INFO ProcessInvokerWrapper]   Force kill process on cancellation: 'False'
[2026-09-30 03:15:50Z INFO ProcessInvokerWrapper]   Redirected STDIN: 'False'
[2026-09-30 03:15:50Z INFO ProcessInvokerWrapper]   Persist current code page: 'True'
[2026-09-30 03:15:50Z INFO ProcessInvokerWrapper]   Keep redirected STDIN open: 'False'
[2026-09-30 03:15:50Z INFO ProcessInvokerWrapper]   High priority process: 'False'
[2026-09-30 03:15:50Z INFO JobServerQueue] Got a step log file to send to results service.
[2026-09-30 03:15:50Z INFO JobServerQueue] Starting upload of step log file to results service ResultsLog, C:\Devops_training\DevOpsCICDProject\actions-runner\_diag\blocks\f233b80e-227a-89d8-b52f-ea487494e867_3a3fc02a-f4b1-4ccf-9ac6-53e7057d3ec0.1
[2026-09-30 03:15:50Z INFO JobServerQueue] Try to upload 1 log files or attachments, success rate: 1/1.
[2026-09-30 03:15:50Z INFO ProcessInvokerWrapper] Process started with process id 996, waiting for process exit.
[2026-09-30 03:15:50Z INFO ProcessInvokerWrapper] STDOUT/STDERR stream read finished.
[2026-09-30 03:15:50Z INFO ProcessInvokerWrapper] STDOUT/STDERR stream read finished.
[2026-09-30 03:15:50Z INFO ProcessInvokerWrapper] Finished process 996 with exit code 0, and elapsed time 00:00:00.0623169.
[2026-09-30 03:15:50Z INFO StepsRunner] Successfully returned to code page 65001 (UTF8)
[2026-09-30 03:15:50Z INFO HostContext] Well known directory 'Bin': 'C:\Devops_training\DevOpsCICDProject\actions-runner\bin'
[2026-09-30 03:15:50Z INFO HostContext] Well known directory 'Root': 'C:\Devops_training\DevOpsCICDProject\actions-runner'
[2026-09-30 03:15:50Z INFO HostContext] Well known directory 'Work': 'C:\Devops_training\DevOpsCICDProject\actions-runner\_work'
[2026-09-30 03:15:50Z INFO HostContext] Well known directory 'Actions': 'C:\Devops_training\DevOpsCICDProject\actions-runner\_work\_actions'
[2026-09-30 03:15:50Z INFO ActionManager] Load action that reference repository from 'C:\Devops_training\DevOpsCICDProject\actions-runner\_work\_actions\actions\checkout\v4'
[2026-09-30 03:15:50Z INFO HostContext] Well known directory 'Bin': 'C:\Devops_training\DevOpsCICDProject\actions-runner\bin'
[2026-09-30 03:15:50Z INFO HostContext] Well known directory 'Root': 'C:\Devops_training\DevOpsCICDProject\actions-runner'
[2026-09-30 03:15:50Z INFO HostContext] Well known directory 'Work': 'C:\Devops_training\DevOpsCICDProject\actions-runner\_work'
[2026-09-30 03:15:50Z INFO HostContext] Well known directory 'Actions': 'C:\Devops_training\DevOpsCICDProject\actions-runner\_work\_actions'
[2026-09-30 03:15:50Z INFO ActionManifestManagerLegacy] Loaded action.yml file: {
  "name": "Checkout",
  "description": "Checkout a Git repository at a particular version",
  "inputs": {
    "type": 2,
    "map": [
      {
        "key": {
          "type": 0,
          "file": 2,
          "line": 4,
          "col": 3,
          "lit": "repository"
        },
        "value": {
          "type": 3,
          "file": 2,
          "line": 6,
          "col": 14,
          "expr": "github.repository"
        }
      },
      {
        "key": {
          "type": 0,
          "file": 2,
          "line": 7,
          "col": 3,
          "lit": "ref"
        },
        "value": ""
      },
      {
        "key": {
          "type": 0,
          "file": 2,
          "line": 12,
          "col": 3,
          "lit": "token"
        },
        "value": {
          "type": 3,
          "file": 2,
          "line": 24,
          "col": 14,
          "expr": "github.token"
        }
      },
      {
        "key": {
          "type": 0,
          "file": 2,
          "line": 25,
          "col": 3,
          "lit": "ssh-key"
        },
        "value": ""
      },
      {
        "key": {
          "type": 0,
          "file": 2,
          "line": 37,
          "col": 3,
          "lit": "ssh-known-hosts"
        },
        "value": ""
      },
      {
        "key": {
          "type": 0,
          "file": 2,
          "line": 42,
          "col": 3,
          "lit": "ssh-strict"
        },
        "value": {
          "type": 0,
          "file": 2,
          "line": 47,
          "col": 14,
          "lit": "true"
        }
      },
      {
        "key": {
          "type": 0,
          "file": 2,
          "line": 48,
          "col": 3,
          "lit": "ssh-user"
        },
        "value": {
          "type": 0,
          "file": 2,
          "line": 51,
          "col": 14,
          "lit": "git"
        }
      },
      {
        "key": {
          "type": 0,
          "file": 2,
          "line": 52,
          "col": 3,
          "lit": "persist-credentials"
        },
        "value": {
          "type": 0,
          "file": 2,
          "line": 54,
          "col": 14,
          "lit": "true"
        }
      },
      {
        "key": {
          "type": 0,
          "file": 2,
          "line": 55,
          "col": 3,
          "lit": "path"
        },
        "value": ""
      },
      {
        "key": {
          "type": 0,
          "file": 2,
          "line": 57,
          "col": 3,
          "lit": "clean"
        },
        "value": {
          "type": 0,
          "file": 2,
          "line": 59,
          "col": 14,
          "lit": "true"
        }
      },
      {
        "key": {
          "type": 0,
          "file": 2,
          "line": 60,
          "col": 3,
          "lit": "filter"
        },
        "value": {
          "type": 0,
          "file": 2,
          "line": 64,
          "col": 14,
          "lit": ""
        }
      },
      {
        "key": {
          "type": 0,
          "file": 2,
          "line": 65,
          "col": 3,
          "lit": "sparse-checkout"
        },
        "value": {
          "type": 0,
          "file": 2,
          "line": 69,
          "col": 14,
          "lit": ""
        }
      },
      {
        "key": {
          "type": 0,
          "file": 2,
          "line": 70,
          "col": 3,
          "lit": "sparse-checkout-cone-mode"
        },
        "value": {
          "type": 0,
          "file": 2,
          "line": 73,
          "col": 14,
          "lit": "true"
        }
      },
      {
        "key": {
          "type": 0,
          "file": 2,
          "line": 74,
          "col": 3,
          "lit": "fetch-depth"
        },
        "value": {
          "type": 0,
          "file": 2,
          "line": 76,
          "col": 14,
          "lit": "1"
        }
      },
      {
        "key": {
          "type": 0,
          "file": 2,
          "line": 77,
          "col": 3,
          "lit": "fetch-tags"
        },
        "value": {
          "type": 0,
          "file": 2,
          "line": 79,
          "col": 14,
          "lit": "false"
        }
      },
      {
        "key": {
          "type": 0,
          "file": 2,
          "line": 80,
          "col": 3,
          "lit": "show-progress"
        },
        "value": {
          "type": 0,
          "file": 2,
          "line": 82,
          "col": 14,
          "lit": "true"
        }
      },
      {
        "key": {
          "type": 0,
          "file": 2,
          "line": 83,
          "col": 3,
          "lit": "lfs"
        },
        "value": {
          "type": 0,
          "file": 2,
          "line": 85,
          "col": 14,
          "lit": "false"
        }
      },
      {
        "key": {
          "type": 0,
          "file": 2,
          "line": 86,
          "col": 3,
          "lit": "submodules"
        },
        "value": {
          "type": 0,
          "file": 2,
          "line": 94,
          "col": 14,
          "lit": "false"
        }
      },
      {
        "key": {
          "type": 0,
          "file": 2,
          "line": 95,
          "col": 3,
          "lit": "set-safe-directory"
        },
        "value": {
          "type": 0,
          "file": 2,
          "line": 97,
          "col": 14,
          "lit": "true"
        }
      },
      {
        "key": {
          "type": 0,
          "file": 2,
          "line": 98,
          "col": 3,
          "lit": "github-server-url"
        },
        "value": ""
      },
      {
        "key": {
          "type": 0,
          "file": 2,
          "line": 101,
          "col": 3,
          "lit": "allow-unsafe-pr-checkout"
        },
        "value": {
          "type": 0,
          "file": 2,
          "line": 109,
          "col": 14,
          "lit": "false"
        }
      }
    ]
  },
  "execution": {
    "executionType": "nodeJS",
    "hasPre": false,
    "hasPost": true,
    "script": "dist/index.js",
    "pre": null,
    "post": "dist/index.js",
    "nodeVersion": "node20",
    "cleanupCondition": "always()",
    "initCondition": "always()"
  },
  "deprecated": null
}
[2026-09-30 03:15:50Z INFO ActionManager] Action pre node.js file: N/A.
[2026-09-30 03:15:50Z INFO ActionManager] Action node.js file: dist/index.js.
[2026-09-30 03:15:50Z INFO ActionManager] Action post node.js file: dist/index.js.
[2026-09-30 03:15:50Z INFO ExecutionContext] Reserve record order 11 to 20 for post job actions.
[2026-09-30 03:15:50Z INFO HostContext] Well known directory 'Bin': 'C:\Devops_training\DevOpsCICDProject\actions-runner\bin'
[2026-09-30 03:15:50Z INFO HostContext] Well known directory 'Root': 'C:\Devops_training\DevOpsCICDProject\actions-runner'
[2026-09-30 03:15:50Z INFO HostContext] Well known directory 'Diag': 'C:\Devops_training\DevOpsCICDProject\actions-runner\_diag'
[2026-09-30 03:15:50Z INFO HostContext] Well known directory 'Bin': 'C:\Devops_training\DevOpsCICDProject\actions-runner\bin'
[2026-09-30 03:15:50Z INFO HostContext] Well known directory 'Root': 'C:\Devops_training\DevOpsCICDProject\actions-runner'
[2026-09-30 03:15:50Z INFO HostContext] Well known directory 'Diag': 'C:\Devops_training\DevOpsCICDProject\actions-runner\_diag'
[2026-09-30 03:15:50Z INFO HostContext] Well known directory 'Bin': 'C:\Devops_training\DevOpsCICDProject\actions-runner\bin'
[2026-09-30 03:15:50Z INFO HostContext] Well known directory 'Root': 'C:\Devops_training\DevOpsCICDProject\actions-runner'
[2026-09-30 03:15:50Z INFO HostContext] Well known directory 'Work': 'C:\Devops_training\DevOpsCICDProject\actions-runner\_work'
[2026-09-30 03:15:50Z INFO HostContext] Well known directory 'Temp': 'C:\Devops_training\DevOpsCICDProject\actions-runner\_work\_temp'
[2026-09-30 03:15:50Z INFO ExecutionContext] Write event payload to C:\Devops_training\DevOpsCICDProject\actions-runner\_work\_temp\_github_workflow\event.json
[2026-09-30 03:15:50Z INFO HostContext] Well known directory 'Bin': 'C:\Devops_training\DevOpsCICDProject\actions-runner\bin'
[2026-09-30 03:15:50Z INFO HostContext] Well known directory 'Root': 'C:\Devops_training\DevOpsCICDProject\actions-runner'
[2026-09-30 03:15:50Z INFO HostContext] Well known directory 'Work': 'C:\Devops_training\DevOpsCICDProject\actions-runner\_work'
[2026-09-30 03:15:50Z INFO HostContext] Well known directory 'Temp': 'C:\Devops_training\DevOpsCICDProject\actions-runner\_work\_temp'
[2026-09-30 03:15:50Z INFO ExtensionManager] Getting extensions for interface: 'GitHub.Runner.Worker.IFileCommandExtension'
[2026-09-30 03:15:50Z INFO ExtensionManager] Creating instance: GitHub.Runner.Worker.AddPathFileCommand, Runner.Worker
[2026-09-30 03:15:50Z INFO ExtensionManager] Creating instance: GitHub.Runner.Worker.SetEnvFileCommand, Runner.Worker
[2026-09-30 03:15:50Z INFO ExtensionManager] Creating instance: GitHub.Runner.Worker.CreateStepSummaryCommand, Runner.Worker
[2026-09-30 03:15:50Z INFO ExtensionManager] Creating instance: GitHub.Runner.Worker.SaveStateFileCommand, Runner.Worker
[2026-09-30 03:15:50Z INFO ExtensionManager] Creating instance: GitHub.Runner.Worker.SetOutputFileCommand, Runner.Worker
[2026-09-30 03:15:50Z INFO ExtensionManager] Creating instance: GitHub.Runner.Worker.CreateArtifactsFileCommand, Runner.Worker
[2026-09-30 03:15:50Z INFO ExtensionManager] Creating instance: GitHub.Runner.Worker.ArtifactsListFileCommand, Runner.Worker
[2026-09-30 03:15:50Z INFO ActionManifestManagerLegacy] Input 'repository': default value evaluate result: {
  "type": 0,
  "file": 2,
  "line": 6,
  "col": 14,
  "lit": "Prabhatkumarkhemariya/DevOpsCICDProject"
}
[2026-09-30 03:15:50Z INFO ActionManifestManagerLegacy] Input 'ref': default value evaluate result: ""
[2026-09-30 03:15:50Z INFO ActionManifestManagerLegacy] Input 'token': default value evaluate result: {
  "type": 0,
  "file": 2,
  "line": 24,
  "col": 14,
  "lit": "***"
}
[2026-09-30 03:15:50Z INFO ActionManifestManagerLegacy] Input 'ssh-key': default value evaluate result: ""
[2026-09-30 03:15:50Z INFO ActionManifestManagerLegacy] Input 'ssh-known-hosts': default value evaluate result: ""
[2026-09-30 03:15:50Z INFO ActionManifestManagerLegacy] Input 'ssh-strict': default value evaluate result: {
  "type": 0,
  "file": 2,
  "line": 47,
  "col": 14,
  "lit": "true"
}
[2026-09-30 03:15:50Z INFO ActionManifestManagerLegacy] Input 'ssh-user': default value evaluate result: {
  "type": 0,
  "file": 2,
  "line": 51,
  "col": 14,
  "lit": "git"
}
[2026-09-30 03:15:50Z INFO ActionManifestManagerLegacy] Input 'persist-credentials': default value evaluate result: {
  "type": 0,
  "file": 2,
  "line": 54,
  "col": 14,
  "lit": "true"
}
[2026-09-30 03:15:50Z INFO ActionManifestManagerLegacy] Input 'path': default value evaluate result: ""
[2026-09-30 03:15:50Z INFO ActionManifestManagerLegacy] Input 'clean': default value evaluate result: {
  "type": 0,
  "file": 2,
  "line": 59,
  "col": 14,
  "lit": "true"
}
[2026-09-30 03:15:50Z INFO ActionManifestManagerLegacy] Input 'filter': default value evaluate result: {
  "type": 0,
  "file": 2,
  "line": 64,
  "col": 14,
  "lit": ""
}
[2026-09-30 03:15:50Z INFO ActionManifestManagerLegacy] Input 'sparse-checkout': default value evaluate result: {
  "type": 0,
  "file": 2,
  "line": 69,
  "col": 14,
  "lit": ""
}
[2026-09-30 03:15:50Z INFO ActionManifestManagerLegacy] Input 'sparse-checkout-cone-mode': default value evaluate result: {
  "type": 0,
  "file": 2,
  "line": 73,
  "col": 14,
  "lit": "true"
}
[2026-09-30 03:15:50Z INFO ActionManifestManagerLegacy] Input 'fetch-depth': default value evaluate result: {
  "type": 0,
  "file": 2,
  "line": 76,
  "col": 14,
  "lit": "1"
}
[2026-09-30 03:15:50Z INFO ActionManifestManagerLegacy] Input 'fetch-tags': default value evaluate result: {
  "type": 0,
  "file": 2,
  "line": 79,
  "col": 14,
  "lit": "false"
}
[2026-09-30 03:15:50Z INFO ActionManifestManagerLegacy] Input 'show-progress': default value evaluate result: {
  "type": 0,
  "file": 2,
  "line": 82,
  "col": 14,
  "lit": "true"
}
[2026-09-30 03:15:50Z INFO ActionManifestManagerLegacy] Input 'lfs': default value evaluate result: {
  "type": 0,
  "file": 2,
  "line": 85,
  "col": 14,
  "lit": "false"
}
[2026-09-30 03:15:50Z INFO ActionManifestManagerLegacy] Input 'submodules': default value evaluate result: {
  "type": 0,
  "file": 2,
  "line": 94,
  "col": 14,
  "lit": "false"
}
[2026-09-30 03:15:50Z INFO ActionManifestManagerLegacy] Input 'set-safe-directory': default value evaluate result: {
  "type": 0,
  "file": 2,
  "line": 97,
  "col": 14,
  "lit": "true"
}
[2026-09-30 03:15:50Z INFO ActionManifestManagerLegacy] Input 'github-server-url': default value evaluate result: ""
[2026-09-30 03:15:50Z INFO ActionManifestManagerLegacy] Input 'allow-unsafe-pr-checkout': default value evaluate result: {
  "type": 0,
  "file": 2,
  "line": 109,
  "col": 14,
  "lit": "false"
}
[2026-09-30 03:15:50Z INFO ExtensionManager] Getting extensions for interface: 'GitHub.Runner.Worker.IActionCommandExtension'
[2026-09-30 03:15:50Z INFO ExtensionManager] Creating instance: GitHub.Runner.Worker.InternalPluginSetRepoPathCommandExtension, Runner.Worker
[2026-09-30 03:15:50Z INFO ExtensionManager] Creating instance: GitHub.Runner.Worker.SetEnvCommandExtension, Runner.Worker
[2026-09-30 03:15:50Z INFO ExtensionManager] Creating instance: GitHub.Runner.Worker.SetOutputCommandExtension, Runner.Worker
[2026-09-30 03:15:50Z INFO ExtensionManager] Creating instance: GitHub.Runner.Worker.SaveStateCommandExtension, Runner.Worker
[2026-09-30 03:15:50Z INFO ExtensionManager] Creating instance: GitHub.Runner.Worker.AddPathCommandExtension, Runner.Worker
[2026-09-30 03:15:50Z INFO ExtensionManager] Creating instance: GitHub.Runner.Worker.AddMaskCommandExtension, Runner.Worker
[2026-09-30 03:15:50Z INFO ExtensionManager] Creating instance: GitHub.Runner.Worker.AddMatcherCommandExtension, Runner.Worker
[2026-09-30 03:15:50Z INFO ExtensionManager] Creating instance: GitHub.Runner.Worker.RemoveMatcherCommandExtension, Runner.Worker
[2026-09-30 03:15:50Z INFO ExtensionManager] Creating instance: GitHub.Runner.Worker.WarningCommandExtension, Runner.Worker
[2026-09-30 03:15:50Z INFO ExtensionManager] Creating instance: GitHub.Runner.Worker.ErrorCommandExtension, Runner.Worker
[2026-09-30 03:15:50Z INFO ExtensionManager] Creating instance: GitHub.Runner.Worker.NoticeCommandExtension, Runner.Worker
[2026-09-30 03:15:50Z INFO ExtensionManager] Creating instance: GitHub.Runner.Worker.DebugCommandExtension, Runner.Worker
[2026-09-30 03:15:50Z INFO ExtensionManager] Creating instance: GitHub.Runner.Worker.GroupCommandExtension, Runner.Worker
[2026-09-30 03:15:50Z INFO ExtensionManager] Creating instance: GitHub.Runner.Worker.EndGroupCommandExtension, Runner.Worker
[2026-09-30 03:15:50Z INFO ExtensionManager] Creating instance: GitHub.Runner.Worker.EchoCommandExtension, Runner.Worker
[2026-09-30 03:15:50Z INFO ActionCommandManager] Register action command extension for command internal-set-repo-path
[2026-09-30 03:15:50Z INFO ActionCommandManager] Register action command extension for command set-env
[2026-09-30 03:15:50Z INFO ActionCommandManager] Register action command extension for command set-output
[2026-09-30 03:15:50Z INFO ActionCommandManager] Register action command extension for command save-state
[2026-09-30 03:15:50Z INFO ActionCommandManager] Register action command extension for command add-path
[2026-09-30 03:15:50Z INFO ActionCommandManager] Register action command extension for command add-mask
[2026-09-30 03:15:50Z INFO ActionCommandManager] Register action command extension for command add-matcher
[2026-09-30 03:15:50Z INFO ActionCommandManager] Register action command extension for command remove-matcher
[2026-09-30 03:15:50Z INFO ActionCommandManager] Register action command extension for command warning
[2026-09-30 03:15:50Z INFO ActionCommandManager] Register action command extension for command error
[2026-09-30 03:15:50Z INFO ActionCommandManager] Register action command extension for command notice
[2026-09-30 03:15:50Z INFO ActionCommandManager] Register action command extension for command debug
[2026-09-30 03:15:50Z INFO ActionCommandManager] Register action command extension for command group
[2026-09-30 03:15:50Z INFO ActionCommandManager] Register action command extension for command endgroup
[2026-09-30 03:15:50Z INFO ActionCommandManager] Register action command extension for command echo
[2026-09-30 03:15:50Z INFO HostContext] Well known directory 'Bin': 'C:\Devops_training\DevOpsCICDProject\actions-runner\bin'
[2026-09-30 03:15:50Z INFO HostContext] Well known directory 'Root': 'C:\Devops_training\DevOpsCICDProject\actions-runner'
[2026-09-30 03:15:50Z INFO HostContext] Well known directory 'Externals': 'C:\Devops_training\DevOpsCICDProject\actions-runner\externals'
[2026-09-30 03:15:50Z INFO ProcessInvokerWrapper] Starting process:
[2026-09-30 03:15:50Z INFO ProcessInvokerWrapper]   File name: 'C:\Devops_training\DevOpsCICDProject\actions-runner\externals\node24\bin\node.exe'
[2026-09-30 03:15:50Z INFO ProcessInvokerWrapper]   Arguments: '"C:\Devops_training\DevOpsCICDProject\actions-runner\_work\_actions\actions\checkout\v4\dist/index.js"'
[2026-09-30 03:15:50Z INFO ProcessInvokerWrapper]   Working directory: 'C:\Devops_training\DevOpsCICDProject\actions-runner\_work\DevOpsCICDProject\DevOpsCICDProject'
[2026-09-30 03:15:50Z INFO ProcessInvokerWrapper]   Require exit code zero: 'False'
[2026-09-30 03:15:50Z INFO ProcessInvokerWrapper]   Encoding web name: utf-8 ; code page: '65001'
[2026-09-30 03:15:50Z INFO ProcessInvokerWrapper]   Force kill process on cancellation: 'False'
[2026-09-30 03:15:50Z INFO ProcessInvokerWrapper]   Redirected STDIN: 'False'
[2026-09-30 03:15:50Z INFO ProcessInvokerWrapper]   Persist current code page: 'True'
[2026-09-30 03:15:50Z INFO ProcessInvokerWrapper]   Keep redirected STDIN open: 'False'
[2026-09-30 03:15:50Z INFO ProcessInvokerWrapper]   High priority process: 'False'
[2026-09-30 03:15:50Z INFO ProcessInvokerWrapper] Process started with process id 12168, waiting for process exit.
[2026-09-30 03:15:50Z INFO JobServerQueue] Try to append 1 batches web console lines for record '3c75be4d-4caf-4a1c-90a9-81bc08c7b083', success rate: 1/1.
[2026-09-30 03:15:50Z INFO AddMaskCommandExtension] Add new secret mask with length of 524
[2026-09-30 03:15:50Z INFO JobServerQueue] Try to append 1 batches web console lines for record '3c75be4d-4caf-4a1c-90a9-81bc08c7b083', success rate: 1/1.
[2026-09-30 03:15:51Z INFO JobServerQueue] Try to append 1 batches web console lines for record '3c75be4d-4caf-4a1c-90a9-81bc08c7b083', success rate: 1/1.
[2026-09-30 03:15:51Z INFO JobServerQueue] Try to append 1 batches web console lines for record '3c75be4d-4caf-4a1c-90a9-81bc08c7b083', success rate: 1/1.
[2026-09-30 03:15:51Z INFO JobServerQueue] Try to append 1 batches web console lines for record '3c75be4d-4caf-4a1c-90a9-81bc08c7b083', success rate: 1/1.
[2026-09-30 03:15:52Z INFO JobServerQueue] Tried to upload 1 file(s) to results, success rate: 1/1.
[2026-09-30 03:15:53Z INFO JobServerQueue] Try to append 1 batches web console lines for record '3c75be4d-4caf-4a1c-90a9-81bc08c7b083', success rate: 1/1.
[2026-09-30 03:15:54Z INFO JobServerQueue] Try to append 1 batches web console lines for record '3c75be4d-4caf-4a1c-90a9-81bc08c7b083', success rate: 1/1.
[2026-09-30 03:15:55Z INFO JobServerQueue] Try to append 1 batches web console lines for record '3c75be4d-4caf-4a1c-90a9-81bc08c7b083', success rate: 1/1.
[2026-09-30 03:15:55Z INFO JobServerQueue] Try to append 1 batches web console lines for record '3c75be4d-4caf-4a1c-90a9-81bc08c7b083', success rate: 1/1.
[2026-09-30 03:15:57Z INFO JobServerQueue] Try to append 1 batches web console lines for record '3c75be4d-4caf-4a1c-90a9-81bc08c7b083', success rate: 1/1.
[2026-09-30 03:15:59Z INFO JobServerQueue] Try to append 1 batches web console lines for record '3c75be4d-4caf-4a1c-90a9-81bc08c7b083', success rate: 1/1.
[2026-09-30 03:15:59Z INFO HostContext] Well known directory 'Bin': 'C:\Devops_training\DevOpsCICDProject\actions-runner\bin'
[2026-09-30 03:15:59Z INFO HostContext] Well known directory 'Root': 'C:\Devops_training\DevOpsCICDProject\actions-runner'
[2026-09-30 03:15:59Z INFO HostContext] Well known directory 'Work': 'C:\Devops_training\DevOpsCICDProject\actions-runner\_work'
[2026-09-30 03:16:00Z INFO JobServerQueue] Try to append 1 batches web console lines for record '3c75be4d-4caf-4a1c-90a9-81bc08c7b083', success rate: 1/1.
[2026-09-30 03:16:00Z INFO JobServerQueue] Try to append 1 batches web console lines for record '3c75be4d-4caf-4a1c-90a9-81bc08c7b083', success rate: 1/1.
[2026-09-30 03:16:01Z INFO JobServerQueue] Try to append 1 batches web console lines for record '3c75be4d-4caf-4a1c-90a9-81bc08c7b083', success rate: 1/1.
[2026-09-30 03:16:01Z INFO ProcessInvokerWrapper] STDOUT/STDERR stream read finished.
[2026-09-30 03:16:01Z INFO ProcessInvokerWrapper] STDOUT/STDERR stream read finished.
[2026-09-30 03:16:01Z INFO ProcessInvokerWrapper] Finished process 12168 with exit code 0, and elapsed time 00:00:11.1222038.
[2026-09-30 03:16:01Z INFO CreateStepSummaryCommand] Step Summary file (C:\Devops_training\DevOpsCICDProject\actions-runner\_work\_temp\_runner_file_commands\step_summary_318782e7-43e0-4fc2-aa9a-ab59d17d58dd) is empty; skipping attachment upload
[2026-09-30 03:16:01Z INFO StepsRunner] Step result: 
[2026-09-30 03:16:01Z INFO JobServerQueue] Try to append 1 batches web console lines for record '3c75be4d-4caf-4a1c-90a9-81bc08c7b083', success rate: 1/1.
[2026-09-30 03:16:01Z INFO ExecutionContext] Publish step telemetry for current step {
  "action": "actions/checkout",
  "ref": "v4",
  "type": "node24",
  "stage": "Main",
  "stepId": "3c75be4d-4caf-4a1c-90a9-81bc08c7b083",
  "stepContextName": "__actions_checkout",
  "hasPreStep": false,
  "hasPostStep": true,
  "result": "succeeded",
  "errorMessages": [],
  "executionTimeInSeconds": 12,
  "startTime": "2026-09-30T03:15:49.9499775Z",
  "finishTime": "2026-09-30T03:16:01.5116109Z"
}.
[2026-09-30 03:16:01Z INFO StepsRunner] No need for updating job result with current step result 'Succeeded'.
[2026-09-30 03:16:01Z INFO StepsRunner] Current state: job state = ''
[2026-09-30 03:16:01Z INFO StepsRunner] Processing step: DisplayName='Check Workspace'
[2026-09-30 03:16:01Z INFO StepsRunner] Evaluating: success()
[2026-09-30 03:16:01Z INFO StepsRunner] Result: true
[2026-09-30 03:16:01Z INFO StepsRunner] Starting the step.
[2026-09-30 03:16:01Z INFO HostContext] Well known directory 'Bin': 'C:\Devops_training\DevOpsCICDProject\actions-runner\bin'
[2026-09-30 03:16:01Z INFO HostContext] Well known directory 'Root': 'C:\Devops_training\DevOpsCICDProject\actions-runner'
[2026-09-30 03:16:01Z INFO HostContext] Well known directory 'Work': 'C:\Devops_training\DevOpsCICDProject\actions-runner\_work'
[2026-09-30 03:16:01Z INFO StepsRunner] Which2: 'chcp'
[2026-09-30 03:16:01Z INFO StepsRunner] Location: 'C:\windows\system32\chcp.COM'
[2026-09-30 03:16:01Z INFO ProcessInvokerWrapper] Starting process:
[2026-09-30 03:16:01Z INFO ProcessInvokerWrapper]   File name: 'C:\windows\system32\chcp.COM'
[2026-09-30 03:16:01Z INFO ProcessInvokerWrapper]   Arguments: '65001'
[2026-09-30 03:16:01Z INFO ProcessInvokerWrapper]   Working directory: 'C:\Devops_training\DevOpsCICDProject\actions-runner\_work'
[2026-09-30 03:16:01Z INFO ProcessInvokerWrapper]   Require exit code zero: 'False'
[2026-09-30 03:16:01Z INFO ProcessInvokerWrapper]   Encoding web name:  ; code page: ''
[2026-09-30 03:16:01Z INFO ProcessInvokerWrapper]   Force kill process on cancellation: 'False'
[2026-09-30 03:16:01Z INFO ProcessInvokerWrapper]   Redirected STDIN: 'False'
[2026-09-30 03:16:01Z INFO ProcessInvokerWrapper]   Persist current code page: 'True'
[2026-09-30 03:16:01Z INFO ProcessInvokerWrapper]   Keep redirected STDIN open: 'False'
[2026-09-30 03:16:01Z INFO ProcessInvokerWrapper]   High priority process: 'False'
[2026-09-30 03:16:01Z INFO ProcessInvokerWrapper] Process started with process id 14196, waiting for process exit.
[2026-09-30 03:16:01Z INFO ProcessInvokerWrapper] STDOUT/STDERR stream read finished.
[2026-09-30 03:16:01Z INFO ProcessInvokerWrapper] STDOUT/STDERR stream read finished.
[2026-09-30 03:16:01Z INFO ProcessInvokerWrapper] Finished process 14196 with exit code 0, and elapsed time 00:00:00.0415895.
[2026-09-30 03:16:01Z INFO StepsRunner] Successfully returned to code page 65001 (UTF8)
[2026-09-30 03:16:01Z INFO HostContext] Well known directory 'Bin': 'C:\Devops_training\DevOpsCICDProject\actions-runner\bin'
[2026-09-30 03:16:01Z INFO HostContext] Well known directory 'Root': 'C:\Devops_training\DevOpsCICDProject\actions-runner'
[2026-09-30 03:16:01Z INFO HostContext] Well known directory 'Work': 'C:\Devops_training\DevOpsCICDProject\actions-runner\_work'
[2026-09-30 03:16:01Z INFO HostContext] Well known directory 'Temp': 'C:\Devops_training\DevOpsCICDProject\actions-runner\_work\_temp'
[2026-09-30 03:16:01Z INFO ExecutionContext] Write event payload to C:\Devops_training\DevOpsCICDProject\actions-runner\_work\_temp\_github_workflow\event.json
[2026-09-30 03:16:01Z INFO HostContext] Well known directory 'Bin': 'C:\Devops_training\DevOpsCICDProject\actions-runner\bin'
[2026-09-30 03:16:01Z INFO HostContext] Well known directory 'Root': 'C:\Devops_training\DevOpsCICDProject\actions-runner'
[2026-09-30 03:16:01Z INFO HostContext] Well known directory 'Work': 'C:\Devops_training\DevOpsCICDProject\actions-runner\_work'
[2026-09-30 03:16:01Z INFO HostContext] Well known directory 'Temp': 'C:\Devops_training\DevOpsCICDProject\actions-runner\_work\_temp'
[2026-09-30 03:16:01Z INFO ExtensionManager] Getting extensions for interface: 'GitHub.Runner.Worker.IFileCommandExtension'
[2026-09-30 03:16:01Z INFO ExtensionManager] Getting extensions for interface: 'GitHub.Runner.Worker.IActionCommandExtension'
[2026-09-30 03:16:01Z INFO ActionCommandManager] Register action command extension for command internal-set-repo-path
[2026-09-30 03:16:01Z INFO ActionCommandManager] Register action command extension for command set-env
[2026-09-30 03:16:01Z INFO ActionCommandManager] Register action command extension for command set-output
[2026-09-30 03:16:01Z INFO ActionCommandManager] Register action command extension for command save-state
[2026-09-30 03:16:01Z INFO ActionCommandManager] Register action command extension for command add-path
[2026-09-30 03:16:01Z INFO ActionCommandManager] Register action command extension for command add-mask
[2026-09-30 03:16:01Z INFO ActionCommandManager] Register action command extension for command add-matcher
[2026-09-30 03:16:01Z INFO ActionCommandManager] Register action command extension for command remove-matcher
[2026-09-30 03:16:01Z INFO ActionCommandManager] Register action command extension for command warning
[2026-09-30 03:16:01Z INFO ActionCommandManager] Register action command extension for command error
[2026-09-30 03:16:01Z INFO ActionCommandManager] Register action command extension for command notice
[2026-09-30 03:16:01Z INFO ActionCommandManager] Register action command extension for command debug
[2026-09-30 03:16:01Z INFO ActionCommandManager] Register action command extension for command group
[2026-09-30 03:16:01Z INFO ActionCommandManager] Register action command extension for command endgroup
[2026-09-30 03:16:01Z INFO ActionCommandManager] Register action command extension for command echo
[2026-09-30 03:16:01Z INFO ScriptHandler] Which2: 'pwsh'
[2026-09-30 03:16:01Z INFO ScriptHandler] pwsh: command not found. Make sure 'pwsh' is installed and its location included in the 'Path' environment variable.
[2026-09-30 03:16:01Z INFO ScriptHandler] Defaulting to powershell
[2026-09-30 03:16:01Z INFO ScriptHandler] Which2: 'powershell'
[2026-09-30 03:16:01Z INFO ScriptHandler] Location: 'C:\windows\System32\WindowsPowerShell\v1.0\powershell.EXE'
[2026-09-30 03:16:01Z INFO HostContext] Well known directory 'Bin': 'C:\Devops_training\DevOpsCICDProject\actions-runner\bin'
[2026-09-30 03:16:01Z INFO HostContext] Well known directory 'Root': 'C:\Devops_training\DevOpsCICDProject\actions-runner'
[2026-09-30 03:16:01Z INFO HostContext] Well known directory 'Work': 'C:\Devops_training\DevOpsCICDProject\actions-runner\_work'
[2026-09-30 03:16:01Z INFO HostContext] Well known directory 'Temp': 'C:\Devops_training\DevOpsCICDProject\actions-runner\_work\_temp'
[2026-09-30 03:16:01Z INFO ScriptHandler] Which2: 'pwsh'
[2026-09-30 03:16:01Z INFO ScriptHandler] pwsh: command not found. Make sure 'pwsh' is installed and its location included in the 'Path' environment variable.
[2026-09-30 03:16:01Z INFO ScriptHandler] Defaulting to powershell
[2026-09-30 03:16:01Z INFO ScriptHandler] Which2: 'powershell'
[2026-09-30 03:16:01Z INFO ScriptHandler] Location: 'C:\windows\System32\WindowsPowerShell\v1.0\powershell.EXE'
[2026-09-30 03:16:01Z INFO ProcessInvokerWrapper] Starting process:
[2026-09-30 03:16:01Z INFO ProcessInvokerWrapper]   File name: 'C:\windows\System32\WindowsPowerShell\v1.0\powershell.EXE'
[2026-09-30 03:16:01Z INFO ProcessInvokerWrapper]   Arguments: '-command ". 'C:\Devops_training\DevOpsCICDProject\actions-runner\_work\_temp\a2ca0965-3674-4d8d-b65e-aed7b7284098.ps1'"'
[2026-09-30 03:16:01Z INFO ProcessInvokerWrapper]   Working directory: 'C:\Devops_training\DevOpsCICDProject\actions-runner\_work\DevOpsCICDProject\DevOpsCICDProject'
[2026-09-30 03:16:01Z INFO ProcessInvokerWrapper]   Require exit code zero: 'False'
[2026-09-30 03:16:01Z INFO ProcessInvokerWrapper]   Encoding web name:  ; code page: ''
[2026-09-30 03:16:01Z INFO ProcessInvokerWrapper]   Force kill process on cancellation: 'False'
[2026-09-30 03:16:01Z INFO ProcessInvokerWrapper]   Redirected STDIN: 'False'
[2026-09-30 03:16:01Z INFO ProcessInvokerWrapper]   Persist current code page: 'True'
[2026-09-30 03:16:01Z INFO ProcessInvokerWrapper]   Keep redirected STDIN open: 'False'
[2026-09-30 03:16:01Z INFO ProcessInvokerWrapper]   High priority process: 'False'
[2026-09-30 03:16:01Z INFO JobServerQueue] Try to append 1 batches web console lines for record '6e8a2fb9-a857-43ea-9fa9-7164b8b8d568', success rate: 1/1.
[2026-09-30 03:16:01Z INFO ProcessInvokerWrapper] Process started with process id 25256, waiting for process exit.
[2026-09-30 03:16:02Z INFO JobServerQueue] Try to upload 1 log files or attachments, success rate: 1/1.
[2026-09-30 03:16:02Z INFO JobServerQueue] Got a step log file to send to results service.
[2026-09-30 03:16:02Z INFO JobServerQueue] Starting upload of step log file to results service ResultsLog, C:\Devops_training\DevOpsCICDProject\actions-runner\_diag\blocks\f233b80e-227a-89d8-b52f-ea487494e867_3c75be4d-4caf-4a1c-90a9-81bc08c7b083.1
[2026-09-30 03:16:03Z INFO JobServerQueue] Tried to upload 1 file(s) to results, success rate: 1/1.
[2026-09-30 03:16:03Z INFO JobServerQueue] Try to append 1 batches web console lines for record '6e8a2fb9-a857-43ea-9fa9-7164b8b8d568', success rate: 1/1.
[2026-09-30 03:16:03Z INFO ProcessInvokerWrapper] STDOUT/STDERR stream read finished.
[2026-09-30 03:16:03Z INFO ProcessInvokerWrapper] STDOUT/STDERR stream read finished.
[2026-09-30 03:16:03Z INFO JobServerQueue] Try to append 1 batches web console lines for record '6e8a2fb9-a857-43ea-9fa9-7164b8b8d568', success rate: 1/1.
[2026-09-30 03:16:03Z INFO ProcessInvokerWrapper] Finished process 25256 with exit code 0, and elapsed time 00:00:02.1259734.
[2026-09-30 03:16:03Z INFO CreateStepSummaryCommand] Step Summary file (C:\Devops_training\DevOpsCICDProject\actions-runner\_work\_temp\_runner_file_commands\step_summary_a394a26c-6404-464c-a50a-16ce34496151) is empty; skipping attachment upload
[2026-09-30 03:16:03Z INFO StepsRunner] Step result: 
[2026-09-30 03:16:03Z INFO ExecutionContext] Publish step telemetry for current step {
  "action": "powershell",
  "type": "run",
  "stage": "Main",
  "stepId": "6e8a2fb9-a857-43ea-9fa9-7164b8b8d568",
  "stepContextName": "__run",
  "result": "succeeded",
  "errorMessages": [],
  "executionTimeInSeconds": 3,
  "startTime": "2026-09-30T03:16:01.5169874Z",
  "finishTime": "2026-09-30T03:16:03.8612295Z"
}.
[2026-09-30 03:16:03Z INFO StepsRunner] No need for updating job result with current step result 'Succeeded'.
[2026-09-30 03:16:03Z INFO StepsRunner] Current state: job state = ''
[2026-09-30 03:16:03Z INFO StepsRunner] Processing step: DisplayName='Check Docker Secrets'
[2026-09-30 03:16:03Z INFO StepsRunner] Evaluating: success()
[2026-09-30 03:16:03Z INFO StepsRunner] Result: true
[2026-09-30 03:16:03Z INFO StepsRunner] Starting the step.
[2026-09-30 03:16:03Z INFO HostContext] Well known directory 'Bin': 'C:\Devops_training\DevOpsCICDProject\actions-runner\bin'
[2026-09-30 03:16:03Z INFO HostContext] Well known directory 'Root': 'C:\Devops_training\DevOpsCICDProject\actions-runner'
[2026-09-30 03:16:03Z INFO HostContext] Well known directory 'Work': 'C:\Devops_training\DevOpsCICDProject\actions-runner\_work'
[2026-09-30 03:16:03Z INFO StepsRunner] Which2: 'chcp'
[2026-09-30 03:16:03Z INFO StepsRunner] Location: 'C:\windows\system32\chcp.COM'
[2026-09-30 03:16:03Z INFO ProcessInvokerWrapper] Starting process:
[2026-09-30 03:16:03Z INFO ProcessInvokerWrapper]   File name: 'C:\windows\system32\chcp.COM'
[2026-09-30 03:16:03Z INFO ProcessInvokerWrapper]   Arguments: '65001'
[2026-09-30 03:16:03Z INFO ProcessInvokerWrapper]   Working directory: 'C:\Devops_training\DevOpsCICDProject\actions-runner\_work'
[2026-09-30 03:16:03Z INFO ProcessInvokerWrapper]   Require exit code zero: 'False'
[2026-09-30 03:16:03Z INFO ProcessInvokerWrapper]   Encoding web name:  ; code page: ''
[2026-09-30 03:16:03Z INFO ProcessInvokerWrapper]   Force kill process on cancellation: 'False'
[2026-09-30 03:16:03Z INFO ProcessInvokerWrapper]   Redirected STDIN: 'False'
[2026-09-30 03:16:03Z INFO ProcessInvokerWrapper]   Persist current code page: 'True'
[2026-09-30 03:16:03Z INFO ProcessInvokerWrapper]   Keep redirected STDIN open: 'False'
[2026-09-30 03:16:03Z INFO ProcessInvokerWrapper]   High priority process: 'False'
[2026-09-30 03:16:03Z INFO ProcessInvokerWrapper] Process started with process id 4788, waiting for process exit.
[2026-09-30 03:16:03Z INFO ProcessInvokerWrapper] STDOUT/STDERR stream read finished.
[2026-09-30 03:16:03Z INFO ProcessInvokerWrapper] STDOUT/STDERR stream read finished.
[2026-09-30 03:16:03Z INFO ProcessInvokerWrapper] Finished process 4788 with exit code 0, and elapsed time 00:00:00.0327309.
[2026-09-30 03:16:03Z INFO StepsRunner] Successfully returned to code page 65001 (UTF8)
[2026-09-30 03:16:03Z INFO HostContext] Well known directory 'Bin': 'C:\Devops_training\DevOpsCICDProject\actions-runner\bin'
[2026-09-30 03:16:03Z INFO HostContext] Well known directory 'Root': 'C:\Devops_training\DevOpsCICDProject\actions-runner'
[2026-09-30 03:16:03Z INFO HostContext] Well known directory 'Work': 'C:\Devops_training\DevOpsCICDProject\actions-runner\_work'
[2026-09-30 03:16:03Z INFO HostContext] Well known directory 'Temp': 'C:\Devops_training\DevOpsCICDProject\actions-runner\_work\_temp'
[2026-09-30 03:16:03Z INFO ExecutionContext] Write event payload to C:\Devops_training\DevOpsCICDProject\actions-runner\_work\_temp\_github_workflow\event.json
[2026-09-30 03:16:03Z INFO HostContext] Well known directory 'Bin': 'C:\Devops_training\DevOpsCICDProject\actions-runner\bin'
[2026-09-30 03:16:03Z INFO HostContext] Well known directory 'Root': 'C:\Devops_training\DevOpsCICDProject\actions-runner'
[2026-09-30 03:16:03Z INFO HostContext] Well known directory 'Work': 'C:\Devops_training\DevOpsCICDProject\actions-runner\_work'
[2026-09-30 03:16:03Z INFO HostContext] Well known directory 'Temp': 'C:\Devops_training\DevOpsCICDProject\actions-runner\_work\_temp'
[2026-09-30 03:16:03Z INFO ExtensionManager] Getting extensions for interface: 'GitHub.Runner.Worker.IFileCommandExtension'
[2026-09-30 03:16:03Z INFO ExtensionManager] Getting extensions for interface: 'GitHub.Runner.Worker.IActionCommandExtension'
[2026-09-30 03:16:03Z INFO ActionCommandManager] Register action command extension for command internal-set-repo-path
[2026-09-30 03:16:03Z INFO ActionCommandManager] Register action command extension for command set-env
[2026-09-30 03:16:03Z INFO ActionCommandManager] Register action command extension for command set-output
[2026-09-30 03:16:03Z INFO ActionCommandManager] Register action command extension for command save-state
[2026-09-30 03:16:03Z INFO ActionCommandManager] Register action command extension for command add-path
[2026-09-30 03:16:03Z INFO ActionCommandManager] Register action command extension for command add-mask
[2026-09-30 03:16:03Z INFO ActionCommandManager] Register action command extension for command add-matcher
[2026-09-30 03:16:03Z INFO ActionCommandManager] Register action command extension for command remove-matcher
[2026-09-30 03:16:03Z INFO ActionCommandManager] Register action command extension for command warning
[2026-09-30 03:16:03Z INFO ActionCommandManager] Register action command extension for command error
[2026-09-30 03:16:03Z INFO ActionCommandManager] Register action command extension for command notice
[2026-09-30 03:16:03Z INFO ActionCommandManager] Register action command extension for command debug
[2026-09-30 03:16:03Z INFO ActionCommandManager] Register action command extension for command group
[2026-09-30 03:16:03Z INFO ActionCommandManager] Register action command extension for command endgroup
[2026-09-30 03:16:03Z INFO ActionCommandManager] Register action command extension for command echo
[2026-09-30 03:16:03Z INFO ScriptHandler] Which2: 'pwsh'
[2026-09-30 03:16:04Z INFO ScriptHandler] pwsh: command not found. Make sure 'pwsh' is installed and its location included in the 'Path' environment variable.
[2026-09-30 03:16:04Z INFO ScriptHandler] Defaulting to powershell
[2026-09-30 03:16:04Z INFO ScriptHandler] Which2: 'powershell'
[2026-09-30 03:16:04Z INFO ScriptHandler] Location: 'C:\windows\System32\WindowsPowerShell\v1.0\powershell.EXE'
[2026-09-30 03:16:04Z INFO HostContext] Well known directory 'Bin': 'C:\Devops_training\DevOpsCICDProject\actions-runner\bin'
[2026-09-30 03:16:04Z INFO HostContext] Well known directory 'Root': 'C:\Devops_training\DevOpsCICDProject\actions-runner'
[2026-09-30 03:16:04Z INFO HostContext] Well known directory 'Work': 'C:\Devops_training\DevOpsCICDProject\actions-runner\_work'
[2026-09-30 03:16:04Z INFO HostContext] Well known directory 'Temp': 'C:\Devops_training\DevOpsCICDProject\actions-runner\_work\_temp'
[2026-09-30 03:16:04Z INFO ScriptHandler] Which2: 'pwsh'
[2026-09-30 03:16:04Z INFO ScriptHandler] pwsh: command not found. Make sure 'pwsh' is installed and its location included in the 'Path' environment variable.
[2026-09-30 03:16:04Z INFO ScriptHandler] Defaulting to powershell
[2026-09-30 03:16:04Z INFO ScriptHandler] Which2: 'powershell'
[2026-09-30 03:16:04Z INFO ScriptHandler] Location: 'C:\windows\System32\WindowsPowerShell\v1.0\powershell.EXE'
[2026-09-30 03:16:04Z INFO ProcessInvokerWrapper] Starting process:
[2026-09-30 03:16:04Z INFO ProcessInvokerWrapper]   File name: 'C:\windows\System32\WindowsPowerShell\v1.0\powershell.EXE'
[2026-09-30 03:16:04Z INFO ProcessInvokerWrapper]   Arguments: '-command ". 'C:\Devops_training\DevOpsCICDProject\actions-runner\_work\_temp\8209c959-481f-40e6-838d-f0b09c1ac80a.ps1'"'
[2026-09-30 03:16:04Z INFO ProcessInvokerWrapper]   Working directory: 'C:\Devops_training\DevOpsCICDProject\actions-runner\_work\DevOpsCICDProject\DevOpsCICDProject'
[2026-09-30 03:16:04Z INFO ProcessInvokerWrapper]   Require exit code zero: 'False'
[2026-09-30 03:16:04Z INFO ProcessInvokerWrapper]   Encoding web name:  ; code page: ''
[2026-09-30 03:16:04Z INFO ProcessInvokerWrapper]   Force kill process on cancellation: 'False'
[2026-09-30 03:16:04Z INFO ProcessInvokerWrapper]   Redirected STDIN: 'False'
[2026-09-30 03:16:04Z INFO ProcessInvokerWrapper]   Persist current code page: 'True'
[2026-09-30 03:16:04Z INFO ProcessInvokerWrapper]   Keep redirected STDIN open: 'False'
[2026-09-30 03:16:04Z INFO ProcessInvokerWrapper]   High priority process: 'False'
[2026-09-30 03:16:04Z INFO JobServerQueue] Try to append 1 batches web console lines for record 'e97244ae-654e-4389-b452-2c6cf7de8b7a', success rate: 1/1.
[2026-09-30 03:16:04Z INFO JobServerQueue] Got a step log file to send to results service.
[2026-09-30 03:16:04Z INFO JobServerQueue] Starting upload of step log file to results service ResultsLog, C:\Devops_training\DevOpsCICDProject\actions-runner\_diag\blocks\f233b80e-227a-89d8-b52f-ea487494e867_6e8a2fb9-a857-43ea-9fa9-7164b8b8d568.1
[2026-09-30 03:16:04Z INFO ProcessInvokerWrapper] Process started with process id 16204, waiting for process exit.
[2026-09-30 03:16:04Z INFO JobServerQueue] Try to upload 1 log files or attachments, success rate: 1/1.
[2026-09-30 03:16:05Z INFO JobServerQueue] Tried to upload 1 file(s) to results, success rate: 1/1.
[2026-09-30 03:16:05Z INFO JobServerQueue] Try to append 1 batches web console lines for record 'e97244ae-654e-4389-b452-2c6cf7de8b7a', success rate: 1/1.
[2026-09-30 03:16:06Z INFO ProcessInvokerWrapper] STDOUT/STDERR stream read finished.
[2026-09-30 03:16:06Z INFO ProcessInvokerWrapper] STDOUT/STDERR stream read finished.
[2026-09-30 03:16:06Z INFO ProcessInvokerWrapper] Finished process 16204 with exit code 0, and elapsed time 00:00:01.9517002.
[2026-09-30 03:16:06Z INFO CreateStepSummaryCommand] Step Summary file (C:\Devops_training\DevOpsCICDProject\actions-runner\_work\_temp\_runner_file_commands\step_summary_9b52c9c2-7da5-49e2-9db3-135e911d87bb) is empty; skipping attachment upload
[2026-09-30 03:16:06Z INFO StepsRunner] Step result: 
[2026-09-30 03:16:06Z INFO ExecutionContext] Publish step telemetry for current step {
  "action": "powershell",
  "type": "run",
  "stage": "Main",
  "stepId": "e97244ae-654e-4389-b452-2c6cf7de8b7a",
  "stepContextName": "__run_2",
  "result": "succeeded",
  "errorMessages": [],
  "executionTimeInSeconds": 3,
  "startTime": "2026-09-30T03:16:03.8650394Z",
  "finishTime": "2026-09-30T03:16:06.0119148Z"
}.
[2026-09-30 03:16:06Z INFO StepsRunner] No need for updating job result with current step result 'Succeeded'.
[2026-09-30 03:16:06Z INFO StepsRunner] Current state: job state = ''
[2026-09-30 03:16:06Z INFO StepsRunner] Processing step: DisplayName='Docker Login'
[2026-09-30 03:16:06Z INFO StepsRunner] Evaluating: success()
[2026-09-30 03:16:06Z INFO StepsRunner] Result: true
[2026-09-30 03:16:06Z INFO StepsRunner] Starting the step.
[2026-09-30 03:16:06Z INFO HostContext] Well known directory 'Bin': 'C:\Devops_training\DevOpsCICDProject\actions-runner\bin'
[2026-09-30 03:16:06Z INFO HostContext] Well known directory 'Root': 'C:\Devops_training\DevOpsCICDProject\actions-runner'
[2026-09-30 03:16:06Z INFO HostContext] Well known directory 'Work': 'C:\Devops_training\DevOpsCICDProject\actions-runner\_work'
[2026-09-30 03:16:06Z INFO StepsRunner] Which2: 'chcp'
[2026-09-30 03:16:06Z INFO StepsRunner] Location: 'C:\windows\system32\chcp.COM'
[2026-09-30 03:16:06Z INFO ProcessInvokerWrapper] Starting process:
[2026-09-30 03:16:06Z INFO ProcessInvokerWrapper]   File name: 'C:\windows\system32\chcp.COM'
[2026-09-30 03:16:06Z INFO ProcessInvokerWrapper]   Arguments: '65001'
[2026-09-30 03:16:06Z INFO ProcessInvokerWrapper]   Working directory: 'C:\Devops_training\DevOpsCICDProject\actions-runner\_work'
[2026-09-30 03:16:06Z INFO ProcessInvokerWrapper]   Require exit code zero: 'False'
[2026-09-30 03:16:06Z INFO ProcessInvokerWrapper]   Encoding web name:  ; code page: ''
[2026-09-30 03:16:06Z INFO ProcessInvokerWrapper]   Force kill process on cancellation: 'False'
[2026-09-30 03:16:06Z INFO ProcessInvokerWrapper]   Redirected STDIN: 'False'
[2026-09-30 03:16:06Z INFO ProcessInvokerWrapper]   Persist current code page: 'True'
[2026-09-30 03:16:06Z INFO ProcessInvokerWrapper]   Keep redirected STDIN open: 'False'
[2026-09-30 03:16:06Z INFO ProcessInvokerWrapper]   High priority process: 'False'
[2026-09-30 03:16:06Z INFO JobServerQueue] Got a step log file to send to results service.
[2026-09-30 03:16:06Z INFO JobServerQueue] Starting upload of step log file to results service ResultsLog, C:\Devops_training\DevOpsCICDProject\actions-runner\_diag\blocks\f233b80e-227a-89d8-b52f-ea487494e867_e97244ae-654e-4389-b452-2c6cf7de8b7a.1
[2026-09-30 03:16:06Z INFO ProcessInvokerWrapper] Process started with process id 10428, waiting for process exit.
[2026-09-30 03:16:06Z INFO ProcessInvokerWrapper] STDOUT/STDERR stream read finished.
[2026-09-30 03:16:06Z INFO ProcessInvokerWrapper] STDOUT/STDERR stream read finished.
[2026-09-30 03:16:06Z INFO ProcessInvokerWrapper] Finished process 10428 with exit code 0, and elapsed time 00:00:00.0259418.
[2026-09-30 03:16:06Z INFO StepsRunner] Successfully returned to code page 65001 (UTF8)
[2026-09-30 03:16:06Z INFO HostContext] Well known directory 'Bin': 'C:\Devops_training\DevOpsCICDProject\actions-runner\bin'
[2026-09-30 03:16:06Z INFO HostContext] Well known directory 'Root': 'C:\Devops_training\DevOpsCICDProject\actions-runner'
[2026-09-30 03:16:06Z INFO HostContext] Well known directory 'Work': 'C:\Devops_training\DevOpsCICDProject\actions-runner\_work'
[2026-09-30 03:16:06Z INFO HostContext] Well known directory 'Temp': 'C:\Devops_training\DevOpsCICDProject\actions-runner\_work\_temp'
[2026-09-30 03:16:06Z INFO ExecutionContext] Write event payload to C:\Devops_training\DevOpsCICDProject\actions-runner\_work\_temp\_github_workflow\event.json
[2026-09-30 03:16:06Z INFO HostContext] Well known directory 'Bin': 'C:\Devops_training\DevOpsCICDProject\actions-runner\bin'
[2026-09-30 03:16:06Z INFO HostContext] Well known directory 'Root': 'C:\Devops_training\DevOpsCICDProject\actions-runner'
[2026-09-30 03:16:06Z INFO HostContext] Well known directory 'Work': 'C:\Devops_training\DevOpsCICDProject\actions-runner\_work'
[2026-09-30 03:16:06Z INFO HostContext] Well known directory 'Temp': 'C:\Devops_training\DevOpsCICDProject\actions-runner\_work\_temp'
[2026-09-30 03:16:06Z INFO ExtensionManager] Getting extensions for interface: 'GitHub.Runner.Worker.IFileCommandExtension'
[2026-09-30 03:16:06Z INFO ExtensionManager] Getting extensions for interface: 'GitHub.Runner.Worker.IActionCommandExtension'
[2026-09-30 03:16:06Z INFO ActionCommandManager] Register action command extension for command internal-set-repo-path
[2026-09-30 03:16:06Z INFO ActionCommandManager] Register action command extension for command set-env
[2026-09-30 03:16:06Z INFO ActionCommandManager] Register action command extension for command set-output
[2026-09-30 03:16:06Z INFO ActionCommandManager] Register action command extension for command save-state
[2026-09-30 03:16:06Z INFO ActionCommandManager] Register action command extension for command add-path
[2026-09-30 03:16:06Z INFO ActionCommandManager] Register action command extension for command add-mask
[2026-09-30 03:16:06Z INFO ActionCommandManager] Register action command extension for command add-matcher
[2026-09-30 03:16:06Z INFO ActionCommandManager] Register action command extension for command remove-matcher
[2026-09-30 03:16:06Z INFO ActionCommandManager] Register action command extension for command warning
[2026-09-30 03:16:06Z INFO ActionCommandManager] Register action command extension for command error
[2026-09-30 03:16:06Z INFO ActionCommandManager] Register action command extension for command notice
[2026-09-30 03:16:06Z INFO ActionCommandManager] Register action command extension for command debug
[2026-09-30 03:16:06Z INFO ActionCommandManager] Register action command extension for command group
[2026-09-30 03:16:06Z INFO ActionCommandManager] Register action command extension for command endgroup
[2026-09-30 03:16:06Z INFO ActionCommandManager] Register action command extension for command echo
[2026-09-30 03:16:06Z INFO ScriptHandler] Which2: 'pwsh'
[2026-09-30 03:16:06Z INFO ScriptHandler] pwsh: command not found. Make sure 'pwsh' is installed and its location included in the 'Path' environment variable.
[2026-09-30 03:16:06Z INFO ScriptHandler] Defaulting to powershell
[2026-09-30 03:16:06Z INFO ScriptHandler] Which2: 'powershell'
[2026-09-30 03:16:06Z INFO ScriptHandler] Location: 'C:\windows\System32\WindowsPowerShell\v1.0\powershell.EXE'
[2026-09-30 03:16:06Z INFO HostContext] Well known directory 'Bin': 'C:\Devops_training\DevOpsCICDProject\actions-runner\bin'
[2026-09-30 03:16:06Z INFO HostContext] Well known directory 'Root': 'C:\Devops_training\DevOpsCICDProject\actions-runner'
[2026-09-30 03:16:06Z INFO HostContext] Well known directory 'Work': 'C:\Devops_training\DevOpsCICDProject\actions-runner\_work'
[2026-09-30 03:16:06Z INFO HostContext] Well known directory 'Temp': 'C:\Devops_training\DevOpsCICDProject\actions-runner\_work\_temp'
[2026-09-30 03:16:06Z INFO ScriptHandler] Which2: 'pwsh'
[2026-09-30 03:16:06Z INFO ScriptHandler] pwsh: command not found. Make sure 'pwsh' is installed and its location included in the 'Path' environment variable.
[2026-09-30 03:16:06Z INFO ScriptHandler] Defaulting to powershell
[2026-09-30 03:16:06Z INFO ScriptHandler] Which2: 'powershell'
[2026-09-30 03:16:06Z INFO ScriptHandler] Location: 'C:\windows\System32\WindowsPowerShell\v1.0\powershell.EXE'
[2026-09-30 03:16:06Z INFO ProcessInvokerWrapper] Starting process:
[2026-09-30 03:16:06Z INFO ProcessInvokerWrapper]   File name: 'C:\windows\System32\WindowsPowerShell\v1.0\powershell.EXE'
[2026-09-30 03:16:06Z INFO ProcessInvokerWrapper]   Arguments: '-command ". 'C:\Devops_training\DevOpsCICDProject\actions-runner\_work\_temp\926ac3f3-9dc0-40fa-8d3b-3f3f5c5de78e.ps1'"'
[2026-09-30 03:16:06Z INFO ProcessInvokerWrapper]   Working directory: 'C:\Devops_training\DevOpsCICDProject\actions-runner\_work\DevOpsCICDProject\DevOpsCICDProject'
[2026-09-30 03:16:06Z INFO ProcessInvokerWrapper]   Require exit code zero: 'False'
[2026-09-30 03:16:06Z INFO ProcessInvokerWrapper]   Encoding web name:  ; code page: ''
[2026-09-30 03:16:06Z INFO ProcessInvokerWrapper]   Force kill process on cancellation: 'False'
[2026-09-30 03:16:06Z INFO ProcessInvokerWrapper]   Redirected STDIN: 'False'
[2026-09-30 03:16:06Z INFO ProcessInvokerWrapper]   Persist current code page: 'True'
[2026-09-30 03:16:06Z INFO ProcessInvokerWrapper]   Keep redirected STDIN open: 'False'
[2026-09-30 03:16:06Z INFO ProcessInvokerWrapper]   High priority process: 'False'
[2026-09-30 03:16:06Z INFO JobServerQueue] Try to append 1 batches web console lines for record '6b75a0b3-a29c-434e-aab7-9f3b3e73573d', success rate: 1/1.
[2026-09-30 03:16:06Z INFO ProcessInvokerWrapper] Process started with process id 30464, waiting for process exit.
[2026-09-30 03:16:06Z INFO JobServerQueue] Try to upload 1 log files or attachments, success rate: 1/1.
[2026-09-30 03:16:07Z INFO JobServerQueue] Tried to upload 1 file(s) to results, success rate: 1/1.
[2026-09-30 03:16:09Z INFO JobServerQueue] Try to append 1 batches web console lines for record '6b75a0b3-a29c-434e-aab7-9f3b3e73573d', success rate: 1/1.
[2026-09-30 03:16:09Z INFO ProcessInvokerWrapper] STDOUT/STDERR stream read finished.
[2026-09-30 03:16:09Z INFO ProcessInvokerWrapper] STDOUT/STDERR stream read finished.
[2026-09-30 03:16:09Z INFO ProcessInvokerWrapper] Finished process 30464 with exit code 1, and elapsed time 00:00:03.4872173.
[2026-09-30 03:16:09Z INFO CreateStepSummaryCommand] Step Summary file (C:\Devops_training\DevOpsCICDProject\actions-runner\_work\_temp\_runner_file_commands\step_summary_d3730953-8068-4c6d-a12e-8c095eb185e7) is empty; skipping attachment upload
[2026-09-30 03:16:09Z INFO StepsRunner] Step result: Failed
[2026-09-30 03:16:09Z INFO ExecutionContext] Publish step telemetry for current step {
  "action": "powershell",
  "type": "run",
  "stage": "Main",
  "stepId": "6b75a0b3-a29c-434e-aab7-9f3b3e73573d",
  "stepContextName": "__run_3",
  "result": "failed",
  "errorMessages": [
    "Process completed with exit code 1."
  ],
  "executionTimeInSeconds": 4,
  "startTime": "2026-09-30T03:16:06.0152848Z",
  "finishTime": "2026-09-30T03:16:09.6158796Z"
}.
[2026-09-30 03:16:09Z INFO StepsRunner] Update job result with current step result 'Failed'.
[2026-09-30 03:16:09Z INFO StepsRunner] Current state: job state = 'Failed'
[2026-09-30 03:16:09Z INFO StepsRunner] Processing step: DisplayName='Build Docker Image'
[2026-09-30 03:16:09Z INFO StepsRunner] Evaluating: success()
[2026-09-30 03:16:09Z INFO StepsRunner] Result: false
[2026-09-30 03:16:09Z INFO StepsRunner] Skipping step due to condition evaluation.
[2026-09-30 03:16:09Z INFO StepsRunner] No need for updating job result with current step result 'Skipped'.
[2026-09-30 03:16:09Z INFO StepsRunner] Current state: job state = 'Failed'
[2026-09-30 03:16:09Z INFO StepsRunner] Processing step: DisplayName='Push Docker Image'
[2026-09-30 03:16:09Z INFO StepsRunner] Evaluating: success()
[2026-09-30 03:16:09Z INFO StepsRunner] Result: false
[2026-09-30 03:16:09Z INFO StepsRunner] Skipping step due to condition evaluation.
[2026-09-30 03:16:09Z INFO StepsRunner] No need for updating job result with current step result 'Skipped'.
[2026-09-30 03:16:09Z INFO StepsRunner] Current state: job state = 'Failed'
[2026-09-30 03:16:09Z INFO StepsRunner] Processing step: DisplayName='Deploy to Kubernetes'
[2026-09-30 03:16:09Z INFO StepsRunner] Evaluating: success()
[2026-09-30 03:16:09Z INFO StepsRunner] Result: false
[2026-09-30 03:16:09Z INFO StepsRunner] Skipping step due to condition evaluation.
[2026-09-30 03:16:09Z INFO StepsRunner] No need for updating job result with current step result 'Skipped'.
[2026-09-30 03:16:09Z INFO StepsRunner] Current state: job state = 'Failed'
[2026-09-30 03:16:09Z INFO StepsRunner] Processing step: DisplayName='Wait for Deployment'
[2026-09-30 03:16:09Z INFO StepsRunner] Evaluating: success()
[2026-09-30 03:16:09Z INFO StepsRunner] Result: false
[2026-09-30 03:16:09Z INFO StepsRunner] Skipping step due to condition evaluation.
[2026-09-30 03:16:09Z INFO StepsRunner] No need for updating job result with current step result 'Skipped'.
[2026-09-30 03:16:09Z INFO StepsRunner] Current state: job state = 'Failed'
[2026-09-30 03:16:09Z INFO StepsRunner] Processing step: DisplayName='Verify Kubernetes Deployment'
[2026-09-30 03:16:09Z INFO StepsRunner] Evaluating: success()
[2026-09-30 03:16:09Z INFO StepsRunner] Result: false
[2026-09-30 03:16:09Z INFO StepsRunner] Skipping step due to condition evaluation.
[2026-09-30 03:16:09Z INFO StepsRunner] No need for updating job result with current step result 'Skipped'.
[2026-09-30 03:16:09Z INFO StepsRunner] Current state: job state = 'Failed'
[2026-09-30 03:16:09Z INFO StepsRunner] Processing step: DisplayName='Post Checkout Code'
[2026-09-30 03:16:09Z INFO StepsRunner] Evaluating: always()
[2026-09-30 03:16:09Z INFO StepsRunner] Result: true
[2026-09-30 03:16:09Z INFO StepsRunner] Starting the step.
[2026-09-30 03:16:09Z INFO HostContext] Well known directory 'Bin': 'C:\Devops_training\DevOpsCICDProject\actions-runner\bin'
[2026-09-30 03:16:09Z INFO HostContext] Well known directory 'Root': 'C:\Devops_training\DevOpsCICDProject\actions-runner'
[2026-09-30 03:16:09Z INFO HostContext] Well known directory 'Work': 'C:\Devops_training\DevOpsCICDProject\actions-runner\_work'
[2026-09-30 03:16:09Z INFO StepsRunner] Which2: 'chcp'
[2026-09-30 03:16:09Z INFO StepsRunner] Location: 'C:\windows\system32\chcp.COM'
[2026-09-30 03:16:09Z INFO ProcessInvokerWrapper] Starting process:
[2026-09-30 03:16:09Z INFO ProcessInvokerWrapper]   File name: 'C:\windows\system32\chcp.COM'
[2026-09-30 03:16:09Z INFO ProcessInvokerWrapper]   Arguments: '65001'
[2026-09-30 03:16:09Z INFO ProcessInvokerWrapper]   Working directory: 'C:\Devops_training\DevOpsCICDProject\actions-runner\_work'
[2026-09-30 03:16:09Z INFO ProcessInvokerWrapper]   Require exit code zero: 'False'
[2026-09-30 03:16:09Z INFO ProcessInvokerWrapper]   Encoding web name:  ; code page: ''
[2026-09-30 03:16:09Z INFO ProcessInvokerWrapper]   Force kill process on cancellation: 'False'
[2026-09-30 03:16:09Z INFO ProcessInvokerWrapper]   Redirected STDIN: 'False'
[2026-09-30 03:16:09Z INFO ProcessInvokerWrapper]   Persist current code page: 'True'
[2026-09-30 03:16:09Z INFO ProcessInvokerWrapper]   Keep redirected STDIN open: 'False'
[2026-09-30 03:16:09Z INFO ProcessInvokerWrapper]   High priority process: 'False'
[2026-09-30 03:16:09Z INFO ProcessInvokerWrapper] Process started with process id 20244, waiting for process exit.
[2026-09-30 03:16:09Z INFO ProcessInvokerWrapper] STDOUT/STDERR stream read finished.
[2026-09-30 03:16:09Z INFO ProcessInvokerWrapper] STDOUT/STDERR stream read finished.
[2026-09-30 03:16:09Z INFO ProcessInvokerWrapper] Finished process 20244 with exit code 0, and elapsed time 00:00:00.0348782.
[2026-09-30 03:16:09Z INFO StepsRunner] Successfully returned to code page 65001 (UTF8)
[2026-09-30 03:16:09Z INFO HostContext] Well known directory 'Bin': 'C:\Devops_training\DevOpsCICDProject\actions-runner\bin'
[2026-09-30 03:16:09Z INFO HostContext] Well known directory 'Root': 'C:\Devops_training\DevOpsCICDProject\actions-runner'
[2026-09-30 03:16:09Z INFO HostContext] Well known directory 'Work': 'C:\Devops_training\DevOpsCICDProject\actions-runner\_work'
[2026-09-30 03:16:09Z INFO HostContext] Well known directory 'Actions': 'C:\Devops_training\DevOpsCICDProject\actions-runner\_work\_actions'
[2026-09-30 03:16:09Z INFO ActionManager] Load action that reference repository from 'C:\Devops_training\DevOpsCICDProject\actions-runner\_work\_actions\actions\checkout\v4'
[2026-09-30 03:16:09Z INFO HostContext] Well known directory 'Bin': 'C:\Devops_training\DevOpsCICDProject\actions-runner\bin'
[2026-09-30 03:16:09Z INFO HostContext] Well known directory 'Root': 'C:\Devops_training\DevOpsCICDProject\actions-runner'
[2026-09-30 03:16:09Z INFO HostContext] Well known directory 'Work': 'C:\Devops_training\DevOpsCICDProject\actions-runner\_work'
[2026-09-30 03:16:09Z INFO HostContext] Well known directory 'Actions': 'C:\Devops_training\DevOpsCICDProject\actions-runner\_work\_actions'
[2026-09-30 03:16:09Z INFO ActionManifestManagerLegacy] Loaded action.yml file: {
  "name": "Checkout",
  "description": "Checkout a Git repository at a particular version",
  "inputs": {
    "type": 2,
    "map": [
      {
        "key": {
          "type": 0,
          "file": 2,
          "line": 4,
          "col": 3,
          "lit": "repository"
        },
        "value": {
          "type": 3,
          "file": 2,
          "line": 6,
          "col": 14,
          "expr": "github.repository"
        }
      },
      {
        "key": {
          "type": 0,
          "file": 2,
          "line": 7,
          "col": 3,
          "lit": "ref"
        },
        "value": ""
      },
      {
        "key": {
          "type": 0,
          "file": 2,
          "line": 12,
          "col": 3,
          "lit": "token"
        },
        "value": {
          "type": 3,
          "file": 2,
          "line": 24,
          "col": 14,
          "expr": "github.token"
        }
      },
      {
        "key": {
          "type": 0,
          "file": 2,
          "line": 25,
          "col": 3,
          "lit": "ssh-key"
        },
        "value": ""
      },
      {
        "key": {
          "type": 0,
          "file": 2,
          "line": 37,
          "col": 3,
          "lit": "ssh-known-hosts"
        },
        "value": ""
      },
      {
        "key": {
          "type": 0,
          "file": 2,
          "line": 42,
          "col": 3,
          "lit": "ssh-strict"
        },
        "value": {
          "type": 0,
          "file": 2,
          "line": 47,
          "col": 14,
          "lit": "true"
        }
      },
      {
        "key": {
          "type": 0,
          "file": 2,
          "line": 48,
          "col": 3,
          "lit": "ssh-user"
        },
        "value": {
          "type": 0,
          "file": 2,
          "line": 51,
          "col": 14,
          "lit": "git"
        }
      },
      {
        "key": {
          "type": 0,
          "file": 2,
          "line": 52,
          "col": 3,
          "lit": "persist-credentials"
        },
        "value": {
          "type": 0,
          "file": 2,
          "line": 54,
          "col": 14,
          "lit": "true"
        }
      },
      {
        "key": {
          "type": 0,
          "file": 2,
          "line": 55,
          "col": 3,
          "lit": "path"
        },
        "value": ""
      },
      {
        "key": {
          "type": 0,
          "file": 2,
          "line": 57,
          "col": 3,
          "lit": "clean"
        },
        "value": {
          "type": 0,
          "file": 2,
          "line": 59,
          "col": 14,
          "lit": "true"
        }
      },
      {
        "key": {
          "type": 0,
          "file": 2,
          "line": 60,
          "col": 3,
          "lit": "filter"
        },
        "value": {
          "type": 0,
          "file": 2,
          "line": 64,
          "col": 14,
          "lit": ""
        }
      },
      {
        "key": {
          "type": 0,
          "file": 2,
          "line": 65,
          "col": 3,
          "lit": "sparse-checkout"
        },
        "value": {
          "type": 0,
          "file": 2,
          "line": 69,
          "col": 14,
          "lit": ""
        }
      },
      {
        "key": {
          "type": 0,
          "file": 2,
          "line": 70,
          "col": 3,
          "lit": "sparse-checkout-cone-mode"
        },
        "value": {
          "type": 0,
          "file": 2,
          "line": 73,
          "col": 14,
          "lit": "true"
        }
      },
      {
        "key": {
          "type": 0,
          "file": 2,
          "line": 74,
          "col": 3,
          "lit": "fetch-depth"
        },
        "value": {
          "type": 0,
          "file": 2,
          "line": 76,
          "col": 14,
          "lit": "1"
        }
      },
      {
        "key": {
          "type": 0,
          "file": 2,
          "line": 77,
          "col": 3,
          "lit": "fetch-tags"
        },
        "value": {
          "type": 0,
          "file": 2,
          "line": 79,
          "col": 14,
          "lit": "false"
        }
      },
      {
        "key": {
          "type": 0,
          "file": 2,
          "line": 80,
          "col": 3,
          "lit": "show-progress"
        },
        "value": {
          "type": 0,
          "file": 2,
          "line": 82,
          "col": 14,
          "lit": "true"
        }
      },
      {
        "key": {
          "type": 0,
          "file": 2,
          "line": 83,
          "col": 3,
          "lit": "lfs"
        },
        "value": {
          "type": 0,
          "file": 2,
          "line": 85,
          "col": 14,
          "lit": "false"
        }
      },
      {
        "key": {
          "type": 0,
          "file": 2,
          "line": 86,
          "col": 3,
          "lit": "submodules"
        },
        "value": {
          "type": 0,
          "file": 2,
          "line": 94,
          "col": 14,
          "lit": "false"
        }
      },
      {
        "key": {
          "type": 0,
          "file": 2,
          "line": 95,
          "col": 3,
          "lit": "set-safe-directory"
        },
        "value": {
          "type": 0,
          "file": 2,
          "line": 97,
          "col": 14,
          "lit": "true"
        }
      },
      {
        "key": {
          "type": 0,
          "file": 2,
          "line": 98,
          "col": 3,
          "lit": "github-server-url"
        },
        "value": ""
      },
      {
        "key": {
          "type": 0,
          "file": 2,
          "line": 101,
          "col": 3,
          "lit": "allow-unsafe-pr-checkout"
        },
        "value": {
          "type": 0,
          "file": 2,
          "line": 109,
          "col": 14,
          "lit": "false"
        }
      }
    ]
  },
  "execution": {
    "executionType": "nodeJS",
    "hasPre": false,
    "hasPost": true,
    "script": "dist/index.js",
    "pre": null,
    "post": "dist/index.js",
    "nodeVersion": "node20",
    "cleanupCondition": "always()",
    "initCondition": "always()"
  },
  "deprecated": null
}
[2026-09-30 03:16:09Z INFO ActionManager] Action pre node.js file: N/A.
[2026-09-30 03:16:09Z INFO ActionManager] Action node.js file: dist/index.js.
[2026-09-30 03:16:09Z INFO ActionManager] Action post node.js file: dist/index.js.
[2026-09-30 03:16:09Z INFO HostContext] Well known directory 'Bin': 'C:\Devops_training\DevOpsCICDProject\actions-runner\bin'
[2026-09-30 03:16:09Z INFO HostContext] Well known directory 'Root': 'C:\Devops_training\DevOpsCICDProject\actions-runner'
[2026-09-30 03:16:09Z INFO HostContext] Well known directory 'Work': 'C:\Devops_training\DevOpsCICDProject\actions-runner\_work'
[2026-09-30 03:16:09Z INFO HostContext] Well known directory 'Temp': 'C:\Devops_training\DevOpsCICDProject\actions-runner\_work\_temp'
[2026-09-30 03:16:09Z INFO ExecutionContext] Write event payload to C:\Devops_training\DevOpsCICDProject\actions-runner\_work\_temp\_github_workflow\event.json
[2026-09-30 03:16:09Z INFO HostContext] Well known directory 'Bin': 'C:\Devops_training\DevOpsCICDProject\actions-runner\bin'
[2026-09-30 03:16:09Z INFO HostContext] Well known directory 'Root': 'C:\Devops_training\DevOpsCICDProject\actions-runner'
[2026-09-30 03:16:09Z INFO HostContext] Well known directory 'Work': 'C:\Devops_training\DevOpsCICDProject\actions-runner\_work'
[2026-09-30 03:16:09Z INFO HostContext] Well known directory 'Temp': 'C:\Devops_training\DevOpsCICDProject\actions-runner\_work\_temp'
[2026-09-30 03:16:09Z INFO ExtensionManager] Getting extensions for interface: 'GitHub.Runner.Worker.IFileCommandExtension'
[2026-09-30 03:16:09Z INFO JobServerQueue] Try to append 1 batches web console lines for record '6b75a0b3-a29c-434e-aab7-9f3b3e73573d', success rate: 1/1.
[2026-09-30 03:16:09Z INFO ActionManifestManagerLegacy] Input 'repository': default value evaluate result: {
  "type": 0,
  "file": 2,
  "line": 6,
  "col": 14,
  "lit": "Prabhatkumarkhemariya/DevOpsCICDProject"
}
[2026-09-30 03:16:09Z INFO ActionManifestManagerLegacy] Input 'ref': default value evaluate result: ""
[2026-09-30 03:16:09Z INFO ActionManifestManagerLegacy] Input 'token': default value evaluate result: {
  "type": 0,
  "file": 2,
  "line": 24,
  "col": 14,
  "lit": "***"
}
[2026-09-30 03:16:09Z INFO ActionManifestManagerLegacy] Input 'ssh-key': default value evaluate result: ""
[2026-09-30 03:16:09Z INFO ActionManifestManagerLegacy] Input 'ssh-known-hosts': default value evaluate result: ""
[2026-09-30 03:16:09Z INFO ActionManifestManagerLegacy] Input 'ssh-strict': default value evaluate result: {
  "type": 0,
  "file": 2,
  "line": 47,
  "col": 14,
  "lit": "true"
}
[2026-09-30 03:16:09Z INFO ActionManifestManagerLegacy] Input 'ssh-user': default value evaluate result: {
  "type": 0,
  "file": 2,
  "line": 51,
  "col": 14,
  "lit": "git"
}
[2026-09-30 03:16:09Z INFO ActionManifestManagerLegacy] Input 'persist-credentials': default value evaluate result: {
  "type": 0,
  "file": 2,
  "line": 54,
  "col": 14,
  "lit": "true"
}
[2026-09-30 03:16:09Z INFO ActionManifestManagerLegacy] Input 'path': default value evaluate result: ""
[2026-09-30 03:16:09Z INFO ActionManifestManagerLegacy] Input 'clean': default value evaluate result: {
  "type": 0,
  "file": 2,
  "line": 59,
  "col": 14,
  "lit": "true"
}
[2026-09-30 03:16:09Z INFO ActionManifestManagerLegacy] Input 'filter': default value evaluate result: {
  "type": 0,
  "file": 2,
  "line": 64,
  "col": 14,
  "lit": ""
}
[2026-09-30 03:16:09Z INFO ActionManifestManagerLegacy] Input 'sparse-checkout': default value evaluate result: {
  "type": 0,
  "file": 2,
  "line": 69,
  "col": 14,
  "lit": ""
}
[2026-09-30 03:16:09Z INFO ActionManifestManagerLegacy] Input 'sparse-checkout-cone-mode': default value evaluate result: {
  "type": 0,
  "file": 2,
  "line": 73,
  "col": 14,
  "lit": "true"
}
[2026-09-30 03:16:09Z INFO ActionManifestManagerLegacy] Input 'fetch-depth': default value evaluate result: {
  "type": 0,
  "file": 2,
  "line": 76,
  "col": 14,
  "lit": "1"
}
[2026-09-30 03:16:09Z INFO ActionManifestManagerLegacy] Input 'fetch-tags': default value evaluate result: {
  "type": 0,
  "file": 2,
  "line": 79,
  "col": 14,
  "lit": "false"
}
[2026-09-30 03:16:09Z INFO ActionManifestManagerLegacy] Input 'show-progress': default value evaluate result: {
  "type": 0,
  "file": 2,
  "line": 82,
  "col": 14,
  "lit": "true"
}
[2026-09-30 03:16:09Z INFO ActionManifestManagerLegacy] Input 'lfs': default value evaluate result: {
  "type": 0,
  "file": 2,
  "line": 85,
  "col": 14,
  "lit": "false"
}
[2026-09-30 03:16:09Z INFO ActionManifestManagerLegacy] Input 'submodules': default value evaluate result: {
  "type": 0,
  "file": 2,
  "line": 94,
  "col": 14,
  "lit": "false"
}
[2026-09-30 03:16:09Z INFO ActionManifestManagerLegacy] Input 'set-safe-directory': default value evaluate result: {
  "type": 0,
  "file": 2,
  "line": 97,
  "col": 14,
  "lit": "true"
}
[2026-09-30 03:16:09Z INFO ActionManifestManagerLegacy] Input 'github-server-url': default value evaluate result: ""
[2026-09-30 03:16:09Z INFO ActionManifestManagerLegacy] Input 'allow-unsafe-pr-checkout': default value evaluate result: {
  "type": 0,
  "file": 2,
  "line": 109,
  "col": 14,
  "lit": "false"
}
[2026-09-30 03:16:09Z INFO ExtensionManager] Getting extensions for interface: 'GitHub.Runner.Worker.IActionCommandExtension'
[2026-09-30 03:16:09Z INFO ActionCommandManager] Register action command extension for command internal-set-repo-path
[2026-09-30 03:16:09Z INFO ActionCommandManager] Register action command extension for command set-env
[2026-09-30 03:16:09Z INFO ActionCommandManager] Register action command extension for command set-output
[2026-09-30 03:16:09Z INFO ActionCommandManager] Register action command extension for command save-state
[2026-09-30 03:16:09Z INFO ActionCommandManager] Register action command extension for command add-path
[2026-09-30 03:16:09Z INFO ActionCommandManager] Register action command extension for command add-mask
[2026-09-30 03:16:09Z INFO ActionCommandManager] Register action command extension for command add-matcher
[2026-09-30 03:16:09Z INFO ActionCommandManager] Register action command extension for command remove-matcher
[2026-09-30 03:16:09Z INFO ActionCommandManager] Register action command extension for command warning
[2026-09-30 03:16:09Z INFO ActionCommandManager] Register action command extension for command error
[2026-09-30 03:16:09Z INFO ActionCommandManager] Register action command extension for command notice
[2026-09-30 03:16:09Z INFO ActionCommandManager] Register action command extension for command debug
[2026-09-30 03:16:09Z INFO ActionCommandManager] Register action command extension for command group
[2026-09-30 03:16:09Z INFO ActionCommandManager] Register action command extension for command endgroup
[2026-09-30 03:16:09Z INFO ActionCommandManager] Register action command extension for command echo
[2026-09-30 03:16:09Z INFO HostContext] Well known directory 'Bin': 'C:\Devops_training\DevOpsCICDProject\actions-runner\bin'
[2026-09-30 03:16:09Z INFO HostContext] Well known directory 'Root': 'C:\Devops_training\DevOpsCICDProject\actions-runner'
[2026-09-30 03:16:09Z INFO HostContext] Well known directory 'Externals': 'C:\Devops_training\DevOpsCICDProject\actions-runner\externals'
[2026-09-30 03:16:09Z INFO ProcessInvokerWrapper] Starting process:
[2026-09-30 03:16:09Z INFO ProcessInvokerWrapper]   File name: 'C:\Devops_training\DevOpsCICDProject\actions-runner\externals\node24\bin\node.exe'
[2026-09-30 03:16:09Z INFO ProcessInvokerWrapper]   Arguments: '"C:\Devops_training\DevOpsCICDProject\actions-runner\_work\_actions\actions\checkout\v4\dist/index.js"'
[2026-09-30 03:16:09Z INFO ProcessInvokerWrapper]   Working directory: 'C:\Devops_training\DevOpsCICDProject\actions-runner\_work\DevOpsCICDProject\DevOpsCICDProject'
[2026-09-30 03:16:09Z INFO ProcessInvokerWrapper]   Require exit code zero: 'False'
[2026-09-30 03:16:09Z INFO ProcessInvokerWrapper]   Encoding web name: utf-8 ; code page: '65001'
[2026-09-30 03:16:09Z INFO ProcessInvokerWrapper]   Force kill process on cancellation: 'False'
[2026-09-30 03:16:09Z INFO ProcessInvokerWrapper]   Redirected STDIN: 'False'
[2026-09-30 03:16:09Z INFO ProcessInvokerWrapper]   Persist current code page: 'True'
[2026-09-30 03:16:09Z INFO ProcessInvokerWrapper]   Keep redirected STDIN open: 'False'
[2026-09-30 03:16:09Z INFO ProcessInvokerWrapper]   High priority process: 'False'
[2026-09-30 03:16:09Z INFO ProcessInvokerWrapper] Process started with process id 18540, waiting for process exit.
[2026-09-30 03:16:09Z INFO HostContext] Well known directory 'Bin': 'C:\Devops_training\DevOpsCICDProject\actions-runner\bin'
[2026-09-30 03:16:09Z INFO HostContext] Well known directory 'Root': 'C:\Devops_training\DevOpsCICDProject\actions-runner'
[2026-09-30 03:16:09Z INFO HostContext] Well known directory 'Work': 'C:\Devops_training\DevOpsCICDProject\actions-runner\_work'
[2026-09-30 03:16:10Z INFO JobServerQueue] Try to append 1 batches web console lines for record '045c1c07-3aa7-4e45-b447-7c12f3e7e287', success rate: 1/1.
[2026-09-30 03:16:10Z INFO JobServerQueue] Got a step log file to send to results service.
[2026-09-30 03:16:10Z INFO JobServerQueue] Starting upload of step log file to results service ResultsLog, C:\Devops_training\DevOpsCICDProject\actions-runner\_diag\blocks\f233b80e-227a-89d8-b52f-ea487494e867_6b75a0b3-a29c-434e-aab7-9f3b3e73573d.1
[2026-09-30 03:16:10Z INFO JobServerQueue] Try to upload 1 log files or attachments, success rate: 1/1.
[2026-09-30 03:16:10Z INFO AddMaskCommandExtension] Add new secret mask with length of 32
[2026-09-30 03:16:10Z INFO JobServerQueue] Try to append 1 batches web console lines for record '045c1c07-3aa7-4e45-b447-7c12f3e7e287', success rate: 1/1.
[2026-09-30 03:16:10Z INFO JobServerQueue] Try to append 1 batches web console lines for record '045c1c07-3aa7-4e45-b447-7c12f3e7e287', success rate: 1/1.
[2026-09-30 03:16:10Z INFO JobServerQueue] Try to append 1 batches web console lines for record '045c1c07-3aa7-4e45-b447-7c12f3e7e287', success rate: 1/1.
[2026-09-30 03:16:11Z INFO JobServerQueue] Tried to upload 1 file(s) to results, success rate: 1/1.
[2026-09-30 03:16:12Z INFO JobServerQueue] Try to append 1 batches web console lines for record '045c1c07-3aa7-4e45-b447-7c12f3e7e287', success rate: 1/1.
[2026-09-30 03:16:12Z INFO JobServerQueue] Try to append 1 batches web console lines for record '045c1c07-3aa7-4e45-b447-7c12f3e7e287', success rate: 1/1.
[2026-09-30 03:16:14Z INFO JobServerQueue] Try to append 1 batches web console lines for record '045c1c07-3aa7-4e45-b447-7c12f3e7e287', success rate: 1/1.
[2026-09-30 03:16:15Z INFO JobServerQueue] Try to append 1 batches web console lines for record '045c1c07-3aa7-4e45-b447-7c12f3e7e287', success rate: 1/1.
[2026-09-30 03:16:16Z INFO ProcessInvokerWrapper] STDOUT/STDERR stream read finished.
[2026-09-30 03:16:16Z INFO ProcessInvokerWrapper] STDOUT/STDERR stream read finished.
[2026-09-30 03:16:16Z INFO ProcessInvokerWrapper] Finished process 18540 with exit code 0, and elapsed time 00:00:07.0324649.
[2026-09-30 03:16:16Z INFO CreateStepSummaryCommand] Step Summary file (C:\Devops_training\DevOpsCICDProject\actions-runner\_work\_temp\_runner_file_commands\step_summary_be168773-c5d6-4916-9e42-6d8660391d31) is empty; skipping attachment upload
[2026-09-30 03:16:16Z INFO StepsRunner] Step result: 
[2026-09-30 03:16:16Z INFO ExecutionContext] Publish step telemetry for current step {
  "action": "actions/checkout",
  "ref": "v4",
  "type": "node24",
  "stage": "Post",
  "stepId": "045c1c07-3aa7-4e45-b447-7c12f3e7e287",
  "result": "succeeded",
  "errorMessages": [],
  "executionTimeInSeconds": 8,
  "startTime": "2026-09-30T03:16:09.6465169Z",
  "finishTime": "2026-09-30T03:16:16.8266121Z"
}.
[2026-09-30 03:16:16Z INFO StepsRunner] No need for updating job result with current step result 'Succeeded'.
[2026-09-30 03:16:16Z INFO StepsRunner] Current state: job state = 'Failed'
[2026-09-30 03:16:16Z INFO JobRunner] Finalize job.
[2026-09-30 03:16:16Z INFO HostContext] Well known directory 'Bin': 'C:\Devops_training\DevOpsCICDProject\actions-runner\bin'
[2026-09-30 03:16:16Z INFO HostContext] Well known directory 'Root': 'C:\Devops_training\DevOpsCICDProject\actions-runner'
[2026-09-30 03:16:16Z INFO HostContext] Well known directory 'Diag': 'C:\Devops_training\DevOpsCICDProject\actions-runner\_diag'
[2026-09-30 03:16:16Z INFO HostContext] Well known directory 'Bin': 'C:\Devops_training\DevOpsCICDProject\actions-runner\bin'
[2026-09-30 03:16:16Z INFO HostContext] Well known directory 'Root': 'C:\Devops_training\DevOpsCICDProject\actions-runner'
[2026-09-30 03:16:16Z INFO HostContext] Well known directory 'Diag': 'C:\Devops_training\DevOpsCICDProject\actions-runner\_diag'
[2026-09-30 03:16:16Z INFO JobExtension] Initialize Env context
[2026-09-30 03:16:16Z INFO JobExtension] Initialize steps context
[2026-09-30 03:16:16Z INFO JobExtension] Total accessible running process: 343.
[2026-09-30 03:16:16Z INFO JobExtension] Wait for all connectivity checks to finish.
[2026-09-30 03:16:16Z INFO JobExtension] Connectivity check result: {
  "endpointUrl": "https://broker.actions.githubusercontent.com/health",
  "endpointIPs": null,
  "startTime": "2026-09-30T03:15:49.84355Z",
  "statusCode": "http_OK",
  "requestId": "7AE0:BFA15:871A92:8C94D1:6ABC7EE6",
  "httpRequestDurationInMs": 865,
  "dnsResolutionDurationInMs": 0,
  "dnsError": null
}
[2026-09-30 03:16:16Z INFO JobExtension] Connectivity check result: {
  "endpointUrl": "https://token.actions.githubusercontent.com/ready",
  "endpointIPs": null,
  "startTime": "2026-09-30T03:15:49.8476776Z",
  "statusCode": "http_NoContent",
  "requestId": "7263:71BA9:1837F20:1AFDCB7:6ABC7EE6",
  "httpRequestDurationInMs": 896,
  "dnsResolutionDurationInMs": 0,
  "dnsError": null
}
[2026-09-30 03:16:16Z INFO JobExtension] Connectivity check result: {
  "endpointUrl": "https://run.actions.githubusercontent.com/health",
  "endpointIPs": null,
  "startTime": "2026-09-30T03:15:49.8488902Z",
  "statusCode": "http_OK",
  "requestId": "13CD:2887D:88062C:8D7D4F:6ABC7EE6",
  "httpRequestDurationInMs": 713,
  "dnsResolutionDurationInMs": 0,
  "dnsError": null
}
[2026-09-30 03:16:16Z INFO ExecutionContext] Publish step telemetry for current step {
  "action": "complete_job",
  "type": "runner",
  "stage": "Post",
  "stepId": "835f9e23-5b20-47a1-bb8a-1098bb464151",
  "result": "succeeded",
  "errorMessages": [
    "Node.js 20 is deprecated. The following actions target Node.js 20 but are being forced to run on Node.js 24: actions/checkout@v4. For more information see: https://github.blog/changelog/2025-09-19-deprecation-of-node-20-on-github-actions-runners/"
  ],
  "executionTimeInSeconds": 1,
  "startTime": "2026-09-30T03:16:16.8490339Z",
  "finishTime": "2026-09-30T03:16:16.9133099Z"
}.
[2026-09-30 03:16:16Z INFO JobRunner] Job result after all job steps finish: Failed
[2026-09-30 03:16:16Z INFO JobRunner] Completing the job execution context.
[2026-09-30 03:16:16Z INFO JobRunner] Shutting down the job server queue.
[2026-09-30 03:16:16Z INFO JobServerQueue] Fire signal to shutdown all queues.
[2026-09-30 03:16:17Z INFO JobServerQueue] All queue process task stopped.
[2026-09-30 03:16:17Z INFO JobServerQueue] Try to append 1 batches web console lines for record '835f9e23-5b20-47a1-bb8a-1098bb464151', success rate: 1/1.
[2026-09-30 03:16:17Z INFO JobServerQueue] Web console line queue drained.
[2026-09-30 03:16:17Z INFO JobServerQueue] Uploading 3 files in one shot.
[2026-09-30 03:16:17Z INFO JobServerQueue] Try to upload 3 log files or attachments, success rate: 3/3.
[2026-09-30 03:16:17Z INFO JobServerQueue] File upload queue drained.
[2026-09-30 03:16:17Z INFO JobServerQueue] Starting results-based upload queue...
[2026-09-30 03:16:17Z INFO JobServerQueue] Uploading 3 file(s) in one shot through results service.
[2026-09-30 03:16:17Z INFO JobServerQueue] Got a step log file to send to results service.
[2026-09-30 03:16:17Z INFO JobServerQueue] Starting upload of step log file to results service ResultsLog, C:\Devops_training\DevOpsCICDProject\actions-runner\_diag\blocks\f233b80e-227a-89d8-b52f-ea487494e867_045c1c07-3aa7-4e45-b447-7c12f3e7e287.1
[2026-09-30 03:16:18Z INFO JobServerQueue] Got a step log file to send to results service.
[2026-09-30 03:16:18Z INFO JobServerQueue] Starting upload of step log file to results service ResultsLog, C:\Devops_training\DevOpsCICDProject\actions-runner\_diag\blocks\f233b80e-227a-89d8-b52f-ea487494e867_835f9e23-5b20-47a1-bb8a-1098bb464151.1
[2026-09-30 03:16:19Z INFO JobServerQueue] Got a job log file to send to results service.
[2026-09-30 03:16:19Z INFO JobServerQueue] Starting upload of job log file to results service ResultsLog, C:\Devops_training\DevOpsCICDProject\actions-runner\_diag\blocks\f233b80e-227a-89d8-b52f-ea487494e867_634e1bd8-3bc4-5cd0-8456-02f0ffb9f908.1
[2026-09-30 03:16:20Z INFO JobServerQueue] Tried to upload 3 file(s) to results, success rate: 3/3.
[2026-09-30 03:16:20Z INFO JobServerQueue] Results upload queue drained.
[2026-09-30 03:16:20Z INFO JobServerQueue] Timeline update queue drained.
[2026-09-30 03:16:20Z INFO JobServerQueue] Disposing job server ...
[2026-09-30 03:16:20Z INFO JobServerQueue] Disposing results server ...
[2026-09-30 03:16:20Z INFO JobServerQueue] All queue process tasks have been stopped, and all queues are drained.
[2026-09-30 03:16:20Z INFO TempDirectoryManager] Cleaning runner temp folder: C:\Devops_training\DevOpsCICDProject\actions-runner\_work\_temp
[2026-09-30 03:16:20Z INFO HostContext] Well known directory 'Bin': 'C:\Devops_training\DevOpsCICDProject\actions-runner\bin'
[2026-09-30 03:16:20Z INFO HostContext] Well known directory 'Root': 'C:\Devops_training\DevOpsCICDProject\actions-runner'
[2026-09-30 03:16:20Z INFO HostContext] Well known directory 'Diag': 'C:\Devops_training\DevOpsCICDProject\actions-runner\_diag'
[2026-09-30 03:16:20Z INFO HostContext] Well known config file 'Telemetry': 'C:\Devops_training\DevOpsCICDProject\actions-runner\_diag\.telemetry'
[2026-09-30 03:16:20Z INFO JobRunner] Raising job completed against run service
[2026-09-30 03:16:21Z INFO Worker] Job completed.
