[2026-09-29 02:57:09Z INFO HostContext] No proxy settings were found based on environmental variables (http_proxy/https_proxy/HTTP_PROXY/HTTPS_PROXY)
[2026-09-29 02:57:09Z INFO HostContext] Well known directory 'Bin': 'C:\Devops_training\DevOpsCICDProject\actions-runner\bin'
[2026-09-29 02:57:09Z INFO HostContext] Well known directory 'Root': 'C:\Devops_training\DevOpsCICDProject\actions-runner'
[2026-09-29 02:57:09Z INFO HostContext] Well known config file 'Credentials': 'C:\Devops_training\DevOpsCICDProject\actions-runner\.credentials'
[2026-09-29 02:57:09Z INFO HostContext] Well known directory 'Bin': 'C:\Devops_training\DevOpsCICDProject\actions-runner\bin'
[2026-09-29 02:57:09Z INFO HostContext] Well known directory 'Root': 'C:\Devops_training\DevOpsCICDProject\actions-runner'
[2026-09-29 02:57:09Z INFO HostContext] Well known config file 'Runner': 'C:\Devops_training\DevOpsCICDProject\actions-runner\.runner'
[2026-09-29 02:57:09Z INFO Worker] Version: 2.337.0
[2026-09-29 02:57:09Z INFO Worker] Commit: 397b032cbf865e9c3ddfab89d533ec19325e1273
[2026-09-29 02:57:09Z INFO Worker] Culture: en-IN
[2026-09-29 02:57:09Z INFO Worker] UI Culture: en-US
[2026-09-29 02:57:09Z INFO Worker] Waiting to receive the job message from the channel.
[2026-09-29 02:57:09Z INFO ProcessChannel] Receiving message of length 23411, with hash 'c433753dd89a25752ba3a8ad4b00a3b6c645a9da58cd575aa0e5eb3e28fe42f4'
[2026-09-29 02:57:09Z INFO Worker] Message received.
[2026-09-29 02:57:10Z INFO Worker] Job message:
 {
  "fileTable": [
    ".github/workflows/pipeline2.yaml"
  ],
  "mask": [
    {
      "type": "regex",
      "value": "***"
    },
    {
      "type": "regex",
      "value": "***"
    },
    {
      "type": "regex",
      "value": "***"
    },
    {
      "type": "regex",
      "value": "***"
    },
    {
      "type": "regex",
      "value": "***"
    },
    {
      "type": "regex",
      "value": "***"
    },
    {
      "type": "regex",
      "value": "***"
    },
    {
      "type": "regex",
      "value": "***"
    },
    {
      "type": "regex",
      "value": "***"
    },
    {
      "type": "regex",
      "value": "***"
    },
    {
      "type": "regex",
      "value": "***"
    },
    {
      "type": "regex",
      "value": "***"
    },
    {
      "type": "regex",
      "value": "***"
    },
    {
      "type": "regex",
      "value": "***"
    },
    {
      "type": "regex",
      "value": "***"
    },
    {
      "type": "regex",
      "value": "***"
    },
    {
      "type": "regex",
      "value": "***"
    },
    {
      "type": "regex",
      "value": "***"
    },
    {
      "type": "regex",
      "value": "***"
    },
    {
      "type": "regex",
      "value": "***"
    },
    {
      "type": "regex",
      "value": "***"
    },
    {
      "type": "regex",
      "value": "***"
    },
    {
      "type": "regex",
      "value": "***"
    },
    {
      "type": "regex",
      "value": "***"
    }
  ],
  "steps": [
    {
      "type": "action",
      "reference": {
        "type": "repository",
        "name": "actions/checkout",
        "ref": "v4",
        "repositoryType": "GitHub"
      },
      "displayNameToken": {
        "type": 0,
        "file": 1,
        "line": 17,
        "col": 15,
        "lit": "Checkout Code"
      },
      "contextName": "__actions_checkout",
      "condition": "success()",
      "id": "4dbb64a1-7d89-4a64-881b-132e40c27aa2",
      "name": "__actions_checkout"
    },
    {
      "type": "action",
      "reference": {
        "type": "script"
      },
      "displayNameToken": {
        "type": 0,
        "file": 1,
        "line": 21,
        "col": 15,
        "lit": "Build"
      },
      "contextName": "__run",
      "inputs": {
        "type": 2,
        "map": [
          {
            "key": "script",
            "value": {
              "type": 0,
              "file": 1,
              "line": 23,
              "col": 14,
              "lit": "echo \"Build success\""
            }
          }
        ]
      },
      "condition": "success()",
      "id": "4f852431-2654-4ea8-b55b-3d5e052b850b",
      "name": "__run"
    }
  ],
  "variables": {
    "ACTIONS_RUNNER_DEBUG": {
      "value": "true",
      "isSecret": true
    },
    "ACTIONS_STEP_DEBUG": {
      "value": "true",
      "isSecret": true
    },
    "Actions.EnableHttpRedirects": {
      "value": "true"
    },
    "DistributedTask.AddWarningToNode12Action": {
      "value": "true"
    },
    "DistributedTask.AddWarningToNode16Action": {
      "value": "true"
    },
    "DistributedTask.AllowRunnerContainerHooks": {
      "value": "true"
    },
    "DistributedTask.DeprecateStepOutputCommands": {
      "value": "true"
    },
    "DistributedTask.DetailUntarFailure": {
      "value": "true"
    },
    "DistributedTask.EnableCompositeActions": {
      "value": "true"
    },
    "DistributedTask.EnableJobServerQueueTelemetry": {
      "value": "true"
    },
    "DistributedTask.EnhancedAnnotations": {
      "value": "true"
    },
    "DistributedTask.ForceGithubJavascriptActionsToNode16": {
      "value": "true"
    },
    "DistributedTask.ForceGithubJavascriptActionsToNode20": {
      "value": "true"
    },
    "DistributedTask.LogTemplateErrorsAsDebugMessages": {
      "value": "true"
    },
    "DistributedTask.MarkJobAsFailedOnWorkerCrash": {
      "value": "true"
    },
    "DistributedTask.NewActionMetadata": {
      "value": "true"
    },
    "DistributedTask.UploadStepSummary": {
      "value": "true"
    },
    "DistributedTask.UseActionArchiveCache": {
      "value": "true"
    },
    "DistributedTask.UseWhich2": {
      "value": "true"
    },
    "RunService.FixEmbeddedIssues": {
      "value": "true"
    },
    "actions.runner.requirenode24": {
      "value": "true"
    },
    "actions.runner.usenode24bydefault": {
      "value": "true"
    },
    "actions.runner.warnonnode20": {
      "value": "true"
    },
    "actions_add_check_run_id_to_job_context": {
      "value": "true"
    },
    "actions_batch_action_resolution": {
      "value": "false"
    },
    "actions_cache_mode": {
      "value": "write"
    },
    "actions_container_action_runner_temp": {
      "value": "true"
    },
    "actions_display_helpful_actions_download_errors": {
      "value": "true"
    },
    "actions_runner_allow_artifacts_file": {
      "value": "false"
    },
    "actions_runner_compare_workflow_parser": {
      "value": "false"
    },
    "actions_runner_deprecate_linux_arm32": {
      "value": "true"
    },
    "actions_runner_emit_composite_markers": {
      "value": "true"
    },
    "actions_runner_kill_linux_arm32": {
      "value": "false"
    },
    "actions_runner_node20_removal_date": {
      "value": "September 23rd, 2026"
    },
    "actions_runner_node24_default_date": {
      "value": "June 16th, 2026"
    },
    "actions_self_repository": {
      "value": "true"
    },
    "actions_service_container_command": {
      "value": "true"
    },
    "actions_set_orchestration_id_env_for_actions": {
      "value": "true"
    },
    "actions_skip_retry_complete_job_upon_known_errors": {
      "value": "true"
    },
    "actions_snapshot_preflight_hosted_runner_check": {
      "value": "false"
    },
    "actions_snapshot_preflight_image_gen_pool_check": {
      "value": "false"
    },
    "actions_use_bearer_token_for_codeload": {
      "value": "false"
    },
    "actions_uses_cache_service_v2": {
      "value": "true"
    },
    "github_token": {
      "value": "***",
      "isSecret": true
    },
    "system.from_run_service": {
      "value": "true"
    },
    "system.github.job": {
      "value": "Build"
    },
    "system.github.launch_endpoint": {
      "value": "https://launch.actions.githubusercontent.com"
    },
    "system.github.results_endpoint": {
      "value": "https://results-receiver.actions.githubusercontent.com/"
    },
    "system.github.results_upload_with_sdk": {
      "value": "true"
    },
    "system.github.token": {
      "value": "***",
      "isSecret": true
    },
    "system.github.token.permissions": {
      "value": "{\"Contents\":\"read\",\"Metadata\":\"read\",\"Packages\":\"read\"}"
    },
    "system.orchestrationId": {
      "value": "956b22fa-cb38-4272-9725-5b66954d8065.Build.__default"
    },
    "system.phaseDisplayName": {
      "value": "Build"
    },
    "system.runner.lowdiskspacethreshold": {
      "value": "100"
    },
    "system.runnerEnvironment": {
      "value": "self-hosted"
    },
    "system.runnerGroupName": {
      "value": "Default"
    }
  },
  "messageType": "RunnerJobRequest",
  "plan": {
    "scopeIdentifier": "00000000-0000-0000-0000-000000000000",
    "planType": "actions",
    "version": 0,
    "planId": "956b22fa-cb38-4272-9725-5b66954d8065",
    "planGroup": null,
    "artifactUri": null,
    "artifactLocation": null,
    "definition": null,
    "owner": null
  },
  "timeline": {
    "id": "956b22fa-cb38-4272-9725-5b66954d8065",
    "changeId": 0,
    "location": null
  },
  "jobId": "14b182fb-dd0a-599b-836d-ff6d9163c5ec",
  "jobDisplayName": "Build",
  "jobName": "__default",
  "requestId": 0,
  "lockedUntil": "0001-01-01T00:00:00",
  "resources": {
    "endpoints": [
      {
        "data": {
          "ServerId": "",
          "ServerName": "",
          "CacheServerUrl": "https://artifactcache.actions.githubusercontent.com/mm6oqhgtxdmufdvalzOEbY43YRoioivgsXTjX2UQBxioQQHEGA/",
          "FeedStreamUrl": "wss://results-receiver.actions.githubusercontent.com/_ws/ingest.sock",
          "ResultsServiceUrl": "https://results-receiver.actions.githubusercontent.com/",
          "PipelinesServiceUrl": "https://pipelinesghubeus5.actions.githubusercontent.com/mm6oqhgtxdmufdvalzOEbY43YRoioivgsXTjX2UQBxioQQHEGA/",
          "GenerateIdTokenUrl": "",
          "ConnectivityChecks": "[\"https://broker.actions.githubusercontent.com/health\",\"https://token.actions.githubusercontent.com/ready\",\"https://run.actions.githubusercontent.com/health\"]",
          "ConnectivityAndDNSChecks": ""
        },
        "name": "SystemVssConnection",
        "url": "https://run-actions-1-azure-eastus.actions.githubusercontent.com/119/",
        "authorization": {
          "parameters": {
            "AccessToken": "***"
          },
          "scheme": "OAuth"
        },
        "isShared": false,
        "isReady": true
      }
    ]
  },
  "contextData": {
    "github": {
      "t": 2,
      "d": [
        {
          "k": "ref",
          "v": "refs/heads/main"
        },
        {
          "k": "sha",
          "v": "bd84daf86edb993f6ab160cafede82b742b80fe7"
        },
        {
          "k": "repository",
          "v": "Prabhatkumarkhemariya/DevOpsCICDProject"
        },
        {
          "k": "repository_owner",
          "v": "Prabhatkumarkhemariya"
        },
        {
          "k": "repository_owner_id",
          "v": "182388013"
        },
        {
          "k": "repositoryUrl",
          "v": "git://github.com/Prabhatkumarkhemariya/DevOpsCICDProject.git"
        },
        {
          "k": "run_id",
          "v": "36449330695"
        },
        {
          "k": "run_number",
          "v": "10"
        },
        {
          "k": "retention_days",
          "v": "90"
        },
        {
          "k": "run_attempt",
          "v": "2"
        },
        {
          "k": "artifact_cache_size_limit",
          "v": "10"
        },
        {
          "k": "repository_visibility",
          "v": "public"
        },
        {
          "k": "actor_id",
          "v": "182388013"
        },
        {
          "k": "actor",
          "v": "Prabhatkumarkhemariya"
        },
        {
          "k": "workflow",
          "v": "CI-CD Pipeline"
        },
        {
          "k": "head_ref",
          "v": ""
        },
        {
          "k": "base_ref",
          "v": ""
        },
        {
          "k": "event_name",
          "v": "push"
        },
        {
          "k": "server_url",
          "v": "https://github.com"
        },
        {
          "k": "api_url",
          "v": "https://api.github.com"
        },
        {
          "k": "graphql_url",
          "v": "https://api.github.com/graphql"
        },
        {
          "k": "ref_name",
          "v": "main"
        },
        {
          "k": "ref_protected",
          "v": false
        },
        {
          "k": "ref_type",
          "v": "branch"
        },
        {
          "k": "secret_source",
          "v": "Actions"
        },
        {
          "k": "event",
          "v": {
            "t": 2,
            "d": [
              {
                "k": "after",
                "v": "bd84daf86edb993f6ab160cafede82b742b80fe7"
              },
              {
                "k": "base_ref",
                "v": null
              },
              {
                "k": "before",
                "v": "0cf86058c2b1ea0f049a3225afe444d7856b23cb"
              },
              {
                "k": "commits",
                "v": {
                  "t": 1,
                  "a": [
                    {
                      "t": 2,
                      "d": [
                        {
                          "k": "author",
                          "v": {
                            "t": 2,
                            "d": [
                              {
                                "k": "email",
                                "v": "erprabhat04@gmail.com"
                              },
                              {
                                "k": "name",
                                "v": "Prabhatkumarkhemariya"
                              },
                              {
                                "k": "username",
                                "v": "Prabhatkumarkhemariya"
                              }
                            ]
                          }
                        },
                        {
                          "k": "committer",
                          "v": {
                            "t": 2,
                            "d": [
                              {
                                "k": "email",
                                "v": "noreply@github.com"
                              },
                              {
                                "k": "name",
                                "v": "GitHub"
                              },
                              {
                                "k": "username",
                                "v": "web-flow"
                              }
                            ]
                          }
                        },
                        {
                          "k": "distinct",
                          "v": true
                        },
                        {
                          "k": "id",
                          "v": "bd84daf86edb993f6ab160cafede82b742b80fe7"
                        },
                        {
                          "k": "message",
                          "v": "Update Docker login credentials\n\nUpdated Docker Hub login credentials in pipeline.yaml."
                        },
                        {
                          "k": "timestamp",
                          "v": "2026-09-28T21:42:16+05:30"
                        },
                        {
                          "k": "tree_id",
                          "v": "f067ab3b3ab8405c492c75da6492a852c60345e9"
                        },
                        {
                          "k": "url",
                          "v": "https://github.com/Prabhatkumarkhemariya/DevOpsCICDProject/commit/bd84daf86edb993f6ab160cafede82b742b80fe7"
                        }
                      ]
                    }
                  ]
                }
              },
              {
                "k": "compare",
                "v": "https://github.com/Prabhatkumarkhemariya/DevOpsCICDProject/compare/0cf86058c2b1...bd84daf86edb"
              },
              {
                "k": "created",
                "v": false
              },
              {
                "k": "deleted",
                "v": false
              },
              {
                "k": "forced",
                "v": false
              },
              {
                "k": "head_commit",
                "v": {
                  "t": 2,
                  "d": [
                    {
                      "k": "author",
                      "v": {
                        "t": 2,
                        "d": [
                          {
                            "k": "email",
                            "v": "erprabhat04@gmail.com"
                          },
                          {
                            "k": "name",
                            "v": "Prabhatkumarkhemariya"
                          },
                          {
                            "k": "username",
                            "v": "Prabhatkumarkhemariya"
                          }
                        ]
                      }
                    },
                    {
                      "k": "committer",
                      "v": {
                        "t": 2,
                        "d": [
                          {
                            "k": "email",
                            "v": "noreply@github.com"
                          },
                          {
                            "k": "name",
                            "v": "GitHub"
                          },
                          {
                            "k": "username",
                            "v": "web-flow"
                          }
                        ]
                      }
                    },
                    {
                      "k": "distinct",
                      "v": true
                    },
                    {
                      "k": "id",
                      "v": "bd84daf86edb993f6ab160cafede82b742b80fe7"
                    },
                    {
                      "k": "message",
                      "v": "Update Docker login credentials\n\nUpdated Docker Hub login credentials in pipeline.yaml."
                    },
                    {
                      "k": "timestamp",
                      "v": "2026-09-28T21:42:16+05:30"
                    },
                    {
                      "k": "tree_id",
                      "v": "f067ab3b3ab8405c492c75da6492a852c60345e9"
                    },
                    {
                      "k": "url",
                      "v": "https://github.com/Prabhatkumarkhemariya/DevOpsCICDProject/commit/bd84daf86edb993f6ab160cafede82b742b80fe7"
                    }
                  ]
                }
              },
              {
                "k": "pusher",
                "v": {
                  "t": 2,
                  "d": [
                    {
                      "k": "email",
                      "v": "erprabhat04@gmail.com"
                    },
                    {
                      "k": "name",
                      "v": "Prabhatkumarkhemariya"
                    }
                  ]
                }
              },
              {
                "k": "ref",
                "v": "refs/heads/main"
              },
              {
                "k": "repository",
                "v": {
                  "t": 2,
                  "d": [
                    {
                      "k": "allow_forking",
                      "v": true
                    },
                    {
                      "k": "archive_url",
                      "v": "https://api.github.com/repos/Prabhatkumarkhemariya/DevOpsCICDProject/{archive_format}{/ref}"
                    },
                    {
                      "k": "archived",
                      "v": false
                    },
                    {
                      "k": "assignees_url",
                      "v": "https://api.github.com/repos/Prabhatkumarkhemariya/DevOpsCICDProject/assignees{/user}"
                    },
                    {
                      "k": "blobs_url",
                      "v": "https://api.github.com/repos/Prabhatkumarkhemariya/DevOpsCICDProject/git/blobs{/sha}"
                    },
                    {
                      "k": "branches_url",
                      "v": "https://api.github.com/repos/Prabhatkumarkhemariya/DevOpsCICDProject/branches{/branch}"
                    },
                    {
                      "k": "clone_url",
                      "v": "https://github.com/Prabhatkumarkhemariya/DevOpsCICDProject.git"
                    },
                    {
                      "k": "collaborators_url",
                      "v": "https://api.github.com/repos/Prabhatkumarkhemariya/DevOpsCICDProject/collaborators{/collaborator}"
                    },
                    {
                      "k": "comments_url",
                      "v": "https://api.github.com/repos/Prabhatkumarkhemariya/DevOpsCICDProject/comments{/number}"
                    },
                    {
                      "k": "commits_url",
                      "v": "https://api.github.com/repos/Prabhatkumarkhemariya/DevOpsCICDProject/commits{/sha}"
                    },
                    {
                      "k": "compare_url",
                      "v": "https://api.github.com/repos/Prabhatkumarkhemariya/DevOpsCICDProject/compare/{base}...{head}"
                    },
                    {
                      "k": "contents_url",
                      "v": "https://api.github.com/repos/Prabhatkumarkhemariya/DevOpsCICDProject/contents/{+path}"
                    },
                    {
                      "k": "contributors_url",
                      "v": "https://api.github.com/repos/Prabhatkumarkhemariya/DevOpsCICDProject/contributors"
                    },
                    {
                      "k": "created_at",
                      "v": 1790478339.0
                    },
                    {
                      "k": "default_branch",
                      "v": "main"
                    },
                    {
                      "k": "deployments_url",
                      "v": "https://api.github.com/repos/Prabhatkumarkhemariya/DevOpsCICDProject/deployments"
                    },
                    {
                      "k": "description",
                      "v": "DevOpsCICDProject for practice the CICD pipeline completely"
                    },
                    {
                      "k": "disabled",
                      "v": false
                    },
                    {
                      "k": "downloads_url",
                      "v": "https://api.github.com/repos/Prabhatkumarkhemariya/DevOpsCICDProject/downloads"
                    },
                    {
                      "k": "events_url",
                      "v": "https://api.github.com/repos/Prabhatkumarkhemariya/DevOpsCICDProject/events"
                    },
                    {
                      "k": "fork",
                      "v": false
                    },
                    {
                      "k": "forks",
                      "v": 0.0
                    },
                    {
                      "k": "forks_count",
                      "v": 0.0
                    },
                    {
                      "k": "forks_url",
                      "v": "https://api.github.com/repos/Prabhatkumarkhemariya/DevOpsCICDProject/forks"
                    },
                    {
                      "k": "full_name",
                      "v": "Prabhatkumarkhemariya/DevOpsCICDProject"
                    },
                    {
                      "k": "git_commits_url",
                      "v": "https://api.github.com/repos/Prabhatkumarkhemariya/DevOpsCICDProject/git/commits{/sha}"
                    },
                    {
                      "k": "git_refs_url",
                      "v": "https://api.github.com/repos/Prabhatkumarkhemariya/DevOpsCICDProject/git/refs{/sha}"
                    },
                    {
                      "k": "git_tags_url",
                      "v": "https://api.github.com/repos/Prabhatkumarkhemariya/DevOpsCICDProject/git/tags{/sha}"
                    },
                    {
                      "k": "git_url",
                      "v": "git://github.com/Prabhatkumarkhemariya/DevOpsCICDProject.git"
                    },
                    {
                      "k": "has_discussions",
                      "v": false
                    },
                    {
                      "k": "has_downloads",
                      "v": true
                    },
                    {
                      "k": "has_issues",
                      "v": true
                    },
                    {
                      "k": "has_pages",
                      "v": false
                    },
                    {
                      "k": "has_projects",
                      "v": true
                    },
                    {
                      "k": "has_pull_requests",
                      "v": true
                    },
                    {
                      "k": "has_wiki",
                      "v": true
                    },
                    {
                      "k": "homepage",
                      "v": null
                    },
                    {
                      "k": "hooks_url",
                      "v": "https://api.github.com/repos/Prabhatkumarkhemariya/DevOpsCICDProject/hooks"
                    },
                    {
                      "k": "html_url",
                      "v": "https://github.com/Prabhatkumarkhemariya/DevOpsCICDProject"
                    },
                    {
                      "k": "id",
                      "v": 1390018597.0
                    },
                    {
                      "k": "is_template",
                      "v": false
                    },
                    {
                      "k": "issue_comment_url",
                      "v": "https://api.github.com/repos/Prabhatkumarkhemariya/DevOpsCICDProject/issues/comments{/number}"
                    },
                    {
                      "k": "issue_events_url",
                      "v": "https://api.github.com/repos/Prabhatkumarkhemariya/DevOpsCICDProject/issues/events{/number}"
                    },
                    {
                      "k": "issues_url",
                      "v": "https://api.github.com/repos/Prabhatkumarkhemariya/DevOpsCICDProject/issues{/number}"
                    },
                    {
                      "k": "keys_url",
                      "v": "https://api.github.com/repos/Prabhatkumarkhemariya/DevOpsCICDProject/keys{/key_id}"
                    },
                    {
                      "k": "labels_url",
                      "v": "https://api.github.com/repos/Prabhatkumarkhemariya/DevOpsCICDProject/labels{/name}"
                    },
                    {
                      "k": "language",
                      "v": "Python"
                    },
                    {
                      "k": "languages_url",
                      "v": "https://api.github.com/repos/Prabhatkumarkhemariya/DevOpsCICDProject/languages"
                    },
                    {
                      "k": "license",
                      "v": null
                    },
                    {
                      "k": "master_branch",
                      "v": "main"
                    },
                    {
                      "k": "merges_url",
                      "v": "https://api.github.com/repos/Prabhatkumarkhemariya/DevOpsCICDProject/merges"
                    },
                    {
                      "k": "milestones_url",
                      "v": "https://api.github.com/repos/Prabhatkumarkhemariya/DevOpsCICDProject/milestones{/number}"
                    },
                    {
                      "k": "mirror_url",
                      "v": null
                    },
                    {
                      "k": "name",
                      "v": "DevOpsCICDProject"
                    },
                    {
                      "k": "node_id",
                      "v": "R_kgDOUtoAJQ"
                    },
                    {
                      "k": "notifications_url",
                      "v": "https://api.github.com/repos/Prabhatkumarkhemariya/DevOpsCICDProject/notifications{?since,all,participating}"
                    },
                    {
                      "k": "open_issues",
                      "v": 0.0
                    },
                    {
                      "k": "open_issues_count",
                      "v": 0.0
                    },
                    {
                      "k": "owner",
                      "v": {
                        "t": 2,
                        "d": [
                          {
                            "k": "avatar_url",
                            "v": "https://avatars.githubusercontent.com/u/182388013?v=4"
                          },
                          {
                            "k": "email",
                            "v": "erprabhat04@gmail.com"
                          },
                          {
                            "k": "events_url",
                            "v": "https://api.github.com/users/Prabhatkumarkhemariya/events{/privacy}"
                          },
                          {
                            "k": "followers_url",
                            "v": "https://api.github.com/users/Prabhatkumarkhemariya/followers"
                          },
                          {
                            "k": "following_url",
                            "v": "https://api.github.com/users/Prabhatkumarkhemariya/following{/other_user}"
                          },
                          {
                            "k": "gists_url",
                            "v": "https://api.github.com/users/Prabhatkumarkhemariya/gists{/gist_id}"
                          },
                          {
                            "k": "gravatar_id",
                            "v": ""
                          },
                          {
                            "k": "html_url",
                            "v": "https://github.com/Prabhatkumarkhemariya"
                          },
                          {
                            "k": "id",
                            "v": 182388013.0
                          },
                          {
                            "k": "login",
                            "v": "Prabhatkumarkhemariya"
                          },
                          {
                            "k": "name",
                            "v": "Prabhatkumarkhemariya"
                          },
                          {
                            "k": "node_id",
                            "v": "U_kgDOCt8FLQ"
                          },
                          {
                            "k": "organizations_url",
                            "v": "https://api.github.com/users/Prabhatkumarkhemariya/orgs"
                          },
                          {
                            "k": "received_events_url",
                            "v": "https://api.github.com/users/Prabhatkumarkhemariya/received_events"
                          },
                          {
                            "k": "repos_url",
                            "v": "https://api.github.com/users/Prabhatkumarkhemariya/repos"
                          },
                          {
                            "k": "site_admin",
                            "v": false
                          },
                          {
                            "k": "starred_url",
                            "v": "https://api.github.com/users/Prabhatkumarkhemariya/starred{/owner}{/repo}"
                          },
                          {
                            "k": "subscriptions_url",
                            "v": "https://api.github.com/users/Prabhatkumarkhemariya/subscriptions"
                          },
                          {
                            "k": "type",
                            "v": "User"
                          },
                          {
                            "k": "url",
                            "v": "https://api.github.com/users/Prabhatkumarkhemariya"
                          },
                          {
                            "k": "user_view_type",
                            "v": "public"
                          }
                        ]
                      }
                    },
                    {
                      "k": "private",
                      "v": false
                    },
                    {
                      "k": "pull_request_creation_policy",
                      "v": "all"
                    },
                    {
                      "k": "pulls_url",
                      "v": "https://api.github.com/repos/Prabhatkumarkhemariya/DevOpsCICDProject/pulls{/number}"
                    },
                    {
                      "k": "pushed_at",
                      "v": 1790611937.0
                    },
                    {
                      "k": "releases_url",
                      "v": "https://api.github.com/repos/Prabhatkumarkhemariya/DevOpsCICDProject/releases{/id}"
                    },
                    {
                      "k": "size",
                      "v": 28.0
                    },
                    {
                      "k": "ssh_url",
                      "v": "git@github.com:Prabhatkumarkhemariya/DevOpsCICDProject.git"
                    },
                    {
                      "k": "stargazers",
                      "v": 0.0
                    },
                    {
                      "k": "stargazers_count",
                      "v": 0.0
                    },
                    {
                      "k": "stargazers_url",
                      "v": "https://api.github.com/repos/Prabhatkumarkhemariya/DevOpsCICDProject/stargazers"
                    },
                    {
                      "k": "statuses_url",
                      "v": "https://api.github.com/repos/Prabhatkumarkhemariya/DevOpsCICDProject/statuses/{sha}"
                    },
                    {
                      "k": "subscribers_url",
                      "v": "https://api.github.com/repos/Prabhatkumarkhemariya/DevOpsCICDProject/subscribers"
                    },
                    {
                      "k": "subscription_url",
                      "v": "https://api.github.com/repos/Prabhatkumarkhemariya/DevOpsCICDProject/subscription"
                    },
                    {
                      "k": "svn_url",
                      "v": "https://github.com/Prabhatkumarkhemariya/DevOpsCICDProject"
                    },
                    {
                      "k": "tags_url",
                      "v": "https://api.github.com/repos/Prabhatkumarkhemariya/DevOpsCICDProject/tags"
                    },
                    {
                      "k": "teams_url",
                      "v": "https://api.github.com/repos/Prabhatkumarkhemariya/DevOpsCICDProject/teams"
                    },
                    {
                      "k": "topics",
                      "v": {
                        "t": 1
                      }
                    },
                    {
                      "k": "trees_url",
                      "v": "https://api.github.com/repos/Prabhatkumarkhemariya/DevOpsCICDProject/git/trees{/sha}"
                    },
                    {
                      "k": "updated_at",
                      "v": "2026-09-27T18:15:53Z"
                    },
                    {
                      "k": "url",
                      "v": "https://api.github.com/repos/Prabhatkumarkhemariya/DevOpsCICDProject"
                    },
                    {
                      "k": "visibility",
                      "v": "public"
                    },
                    {
                      "k": "watchers",
                      "v": 0.0
                    },
                    {
                      "k": "watchers_count",
                      "v": 0.0
                    },
                    {
                      "k": "web_commit_signoff_required",
                      "v": false
                    }
                  ]
                }
              },
              {
                "k": "sender",
                "v": {
                  "t": 2,
                  "d": [
                    {
                      "k": "avatar_url",
                      "v": "https://avatars.githubusercontent.com/u/182388013?v=4"
                    },
                    {
                      "k": "events_url",
                      "v": "https://api.github.com/users/Prabhatkumarkhemariya/events{/privacy}"
                    },
                    {
                      "k": "followers_url",
                      "v": "https://api.github.com/users/Prabhatkumarkhemariya/followers"
                    },
                    {
                      "k": "following_url",
                      "v": "https://api.github.com/users/Prabhatkumarkhemariya/following{/other_user}"
                    },
                    {
                      "k": "gists_url",
                      "v": "https://api.github.com/users/Prabhatkumarkhemariya/gists{/gist_id}"
                    },
                    {
                      "k": "gravatar_id",
                      "v": ""
                    },
                    {
                      "k": "html_url",
                      "v": "https://github.com/Prabhatkumarkhemariya"
                    },
                    {
                      "k": "id",
                      "v": 182388013.0
                    },
                    {
                      "k": "login",
                      "v": "Prabhatkumarkhemariya"
                    },
                    {
                      "k": "node_id",
                      "v": "U_kgDOCt8FLQ"
                    },
                    {
                      "k": "organizations_url",
                      "v": "https://api.github.com/users/Prabhatkumarkhemariya/orgs"
                    },
                    {
                      "k": "received_events_url",
                      "v": "https://api.github.com/users/Prabhatkumarkhemariya/received_events"
                    },
                    {
                      "k": "repos_url",
                      "v": "https://api.github.com/users/Prabhatkumarkhemariya/repos"
                    },
                    {
                      "k": "site_admin",
                      "v": false
                    },
                    {
                      "k": "starred_url",
                      "v": "https://api.github.com/users/Prabhatkumarkhemariya/starred{/owner}{/repo}"
                    },
                    {
                      "k": "subscriptions_url",
                      "v": "https://api.github.com/users/Prabhatkumarkhemariya/subscriptions"
                    },
                    {
                      "k": "type",
                      "v": "User"
                    },
                    {
                      "k": "url",
                      "v": "https://api.github.com/users/Prabhatkumarkhemariya"
                    },
                    {
                      "k": "user_view_type",
                      "v": "public"
                    }
                  ]
                }
              }
            ]
          }
        },
        {
          "k": "workflow_ref",
          "v": "Prabhatkumarkhemariya/DevOpsCICDProject/.github/workflows/pipeline2.yaml@refs/heads/main"
        },
        {
          "k": "workflow_sha",
          "v": "bd84daf86edb993f6ab160cafede82b742b80fe7"
        },
        {
          "k": "repository_id",
          "v": "1390018597"
        },
        {
          "k": "triggering_actor",
          "v": "Prabhatkumarkhemariya"
        }
      ]
    },
    "inputs": {
      "t": 2
    },
    "job": {
      "t": 2,
      "d": [
        {
          "k": "check_run_id",
          "v": 109234919857.0
        },
        {
          "k": "workflow_ref",
          "v": "Prabhatkumarkhemariya/DevOpsCICDProject/.github/workflows/pipeline2.yaml@refs/heads/main"
        },
        {
          "k": "workflow_sha",
          "v": "bd84daf86edb993f6ab160cafede82b742b80fe7"
        },
        {
          "k": "workflow_repository",
          "v": "Prabhatkumarkhemariya/DevOpsCICDProject"
        },
        {
          "k": "workflow_file_path",
          "v": ".github/workflows/pipeline2.yaml"
        }
      ]
    },
    "matrix": null,
    "needs": {
      "t": 2
    },
    "strategy": {
      "t": 2,
      "d": [
        {
          "k": "fail-fast",
          "v": true
        },
        {
          "k": "job-index",
          "v": 0.0
        },
        {
          "k": "job-total",
          "v": 1.0
        },
        {
          "k": "max-parallel",
          "v": 1.0
        }
      ]
    },
    "vars": {
      "t": 2
    }
  },
  "billingOwnerId": "U_kgDOCt8FLQ"
}
[2026-09-29 02:57:10Z INFO JobRunner] Job ID 14b182fb-dd0a-599b-836d-ff6d9163c5ec
[2026-09-29 02:57:10Z INFO ConfigurationStore] currentAssemblyLocation: C:\Devops_training\DevOpsCICDProject\actions-runner\bin\Runner.Worker.dll
[2026-09-29 02:57:10Z INFO HostContext] Well known directory 'Bin': 'C:\Devops_training\DevOpsCICDProject\actions-runner\bin'
[2026-09-29 02:57:10Z INFO ConfigurationStore] binPath: C:\Devops_training\DevOpsCICDProject\actions-runner\bin
[2026-09-29 02:57:10Z INFO HostContext] Well known directory 'Bin': 'C:\Devops_training\DevOpsCICDProject\actions-runner\bin'
[2026-09-29 02:57:10Z INFO HostContext] Well known directory 'Root': 'C:\Devops_training\DevOpsCICDProject\actions-runner'
[2026-09-29 02:57:10Z INFO ConfigurationStore] RootFolder: C:\Devops_training\DevOpsCICDProject\actions-runner
[2026-09-29 02:57:10Z INFO HostContext] Well known directory 'Bin': 'C:\Devops_training\DevOpsCICDProject\actions-runner\bin'
[2026-09-29 02:57:10Z INFO HostContext] Well known directory 'Root': 'C:\Devops_training\DevOpsCICDProject\actions-runner'
[2026-09-29 02:57:10Z INFO HostContext] Well known config file 'Runner': 'C:\Devops_training\DevOpsCICDProject\actions-runner\.runner'
[2026-09-29 02:57:10Z INFO ConfigurationStore] ConfigFilePath: C:\Devops_training\DevOpsCICDProject\actions-runner\.runner
[2026-09-29 02:57:10Z INFO HostContext] Well known directory 'Bin': 'C:\Devops_training\DevOpsCICDProject\actions-runner\bin'
[2026-09-29 02:57:10Z INFO HostContext] Well known directory 'Root': 'C:\Devops_training\DevOpsCICDProject\actions-runner'
[2026-09-29 02:57:10Z INFO HostContext] Well known config file 'MigratedRunner': 'C:\Devops_training\DevOpsCICDProject\actions-runner\.runner_migrated'
[2026-09-29 02:57:10Z INFO ConfigurationStore] MigratedConfigFilePath: C:\Devops_training\DevOpsCICDProject\actions-runner\.runner_migrated
[2026-09-29 02:57:10Z INFO HostContext] Well known directory 'Bin': 'C:\Devops_training\DevOpsCICDProject\actions-runner\bin'
[2026-09-29 02:57:10Z INFO HostContext] Well known directory 'Root': 'C:\Devops_training\DevOpsCICDProject\actions-runner'
[2026-09-29 02:57:10Z INFO HostContext] Well known config file 'Credentials': 'C:\Devops_training\DevOpsCICDProject\actions-runner\.credentials'
[2026-09-29 02:57:10Z INFO ConfigurationStore] CredFilePath: C:\Devops_training\DevOpsCICDProject\actions-runner\.credentials
[2026-09-29 02:57:10Z INFO HostContext] Well known directory 'Bin': 'C:\Devops_training\DevOpsCICDProject\actions-runner\bin'
[2026-09-29 02:57:10Z INFO HostContext] Well known directory 'Root': 'C:\Devops_training\DevOpsCICDProject\actions-runner'
[2026-09-29 02:57:10Z INFO HostContext] Well known config file 'MigratedCredentials': 'C:\Devops_training\DevOpsCICDProject\actions-runner\.credentials_migrated'
[2026-09-29 02:57:10Z INFO ConfigurationStore] MigratedCredFilePath: C:\Devops_training\DevOpsCICDProject\actions-runner\.credentials_migrated
[2026-09-29 02:57:10Z INFO HostContext] Well known directory 'Bin': 'C:\Devops_training\DevOpsCICDProject\actions-runner\bin'
[2026-09-29 02:57:10Z INFO HostContext] Well known directory 'Root': 'C:\Devops_training\DevOpsCICDProject\actions-runner'
[2026-09-29 02:57:10Z INFO HostContext] Well known config file 'Service': 'C:\Devops_training\DevOpsCICDProject\actions-runner\.service'
[2026-09-29 02:57:10Z INFO ConfigurationStore] ServiceConfigFilePath: C:\Devops_training\DevOpsCICDProject\actions-runner\.service
[2026-09-29 02:57:10Z INFO ConfigurationStore] Read setting file: 418 chars
[2026-09-29 02:57:10Z INFO JobRunner] Initializing launch client
[2026-09-29 02:57:10Z INFO JobServerQueue] Initializing results client
[2026-09-29 02:57:10Z INFO ResultServer] Creating websocket client ...wss://results-receiver.actions.githubusercontent.com/_ws/ingest.sock
[2026-09-29 02:57:10Z INFO ResultServer] Attempting to start websocket client with delay 00:00:00.
[2026-09-29 02:57:10Z INFO JobServerQueue] Start process web console line queue.
[2026-09-29 02:57:10Z INFO JobServerQueue] Start process file upload queue.
[2026-09-29 02:57:10Z INFO JobServerQueue] Start results file upload queue.
[2026-09-29 02:57:10Z INFO JobServerQueue] Starting results-based upload queue...
[2026-09-29 02:57:10Z INFO JobServerQueue] Start process timeline update queue.
[2026-09-29 02:57:10Z INFO ExecutionContext] Initializing Job context
[2026-09-29 02:57:10Z INFO ExecutionContext] Initialize GitHub context
[2026-09-29 02:57:10Z INFO ExecutionContext] Initialize Env context
[2026-09-29 02:57:11Z INFO HostContext] Well known directory 'Bin': 'C:\Devops_training\DevOpsCICDProject\actions-runner\bin'
[2026-09-29 02:57:11Z INFO HostContext] Well known directory 'Root': 'C:\Devops_training\DevOpsCICDProject\actions-runner'
[2026-09-29 02:57:11Z INFO HostContext] Well known directory 'Diag': 'C:\Devops_training\DevOpsCICDProject\actions-runner\_diag'
[2026-09-29 02:57:11Z INFO HostContext] Well known directory 'Bin': 'C:\Devops_training\DevOpsCICDProject\actions-runner\bin'
[2026-09-29 02:57:11Z INFO HostContext] Well known directory 'Root': 'C:\Devops_training\DevOpsCICDProject\actions-runner'
[2026-09-29 02:57:11Z INFO HostContext] Well known directory 'Diag': 'C:\Devops_training\DevOpsCICDProject\actions-runner\_diag'
[2026-09-29 02:57:11Z INFO JobRunner] Starting the job execution context.
[2026-09-29 02:57:11Z INFO HostContext] Well known directory 'Bin': 'C:\Devops_training\DevOpsCICDProject\actions-runner\bin'
[2026-09-29 02:57:11Z INFO HostContext] Well known directory 'Root': 'C:\Devops_training\DevOpsCICDProject\actions-runner'
[2026-09-29 02:57:11Z INFO HostContext] Well known directory 'Work': 'C:\Devops_training\DevOpsCICDProject\actions-runner\_work'
[2026-09-29 02:57:11Z INFO JobRunner] Validating directory permissions for: 'C:\Devops_training\DevOpsCICDProject\actions-runner\_work'
[2026-09-29 02:57:11Z INFO HostContext] Well known directory 'Bin': 'C:\Devops_training\DevOpsCICDProject\actions-runner\bin'
[2026-09-29 02:57:11Z INFO HostContext] Well known directory 'Root': 'C:\Devops_training\DevOpsCICDProject\actions-runner'
[2026-09-29 02:57:11Z INFO HostContext] Well known directory 'Work': 'C:\Devops_training\DevOpsCICDProject\actions-runner\_work'
[2026-09-29 02:57:11Z INFO HostContext] Well known directory 'Tools': 'C:\Devops_training\DevOpsCICDProject\actions-runner\_work\_tool'
[2026-09-29 02:57:11Z INFO HostContext] Well known directory 'Bin': 'C:\Devops_training\DevOpsCICDProject\actions-runner\bin'
[2026-09-29 02:57:11Z INFO HostContext] Well known directory 'Root': 'C:\Devops_training\DevOpsCICDProject\actions-runner'
[2026-09-29 02:57:11Z INFO HostContext] Well known directory 'Work': 'C:\Devops_training\DevOpsCICDProject\actions-runner\_work'
[2026-09-29 02:57:11Z INFO HostContext] Well known directory 'Temp': 'C:\Devops_training\DevOpsCICDProject\actions-runner\_work\_temp'
[2026-09-29 02:57:11Z INFO JobRunner] Getting job extension.
[2026-09-29 02:57:11Z INFO JobRunner] Initialize job. Getting all job steps.
[2026-09-29 02:57:11Z INFO HostContext] Well known directory 'Bin': 'C:\Devops_training\DevOpsCICDProject\actions-runner\bin'
[2026-09-29 02:57:11Z INFO HostContext] Well known directory 'Root': 'C:\Devops_training\DevOpsCICDProject\actions-runner'
[2026-09-29 02:57:11Z INFO HostContext] Well known directory 'Diag': 'C:\Devops_training\DevOpsCICDProject\actions-runner\_diag'
[2026-09-29 02:57:11Z INFO HostContext] Well known directory 'Bin': 'C:\Devops_training\DevOpsCICDProject\actions-runner\bin'
[2026-09-29 02:57:11Z INFO HostContext] Well known directory 'Root': 'C:\Devops_training\DevOpsCICDProject\actions-runner'
[2026-09-29 02:57:11Z INFO HostContext] Well known directory 'Diag': 'C:\Devops_training\DevOpsCICDProject\actions-runner\_diag'
[2026-09-29 02:57:11Z INFO HostContext] Well known directory 'Bin': 'C:\Devops_training\DevOpsCICDProject\actions-runner\bin'
[2026-09-29 02:57:11Z INFO HostContext] Well known directory 'Root': 'C:\Devops_training\DevOpsCICDProject\actions-runner'
[2026-09-29 02:57:11Z INFO HostContext] Well known config file 'Credentials': 'C:\Devops_training\DevOpsCICDProject\actions-runner\.credentials'
[2026-09-29 02:57:11Z INFO HostContext] Well known directory 'Bin': 'C:\Devops_training\DevOpsCICDProject\actions-runner\bin'
[2026-09-29 02:57:11Z INFO HostContext] Well known directory 'Root': 'C:\Devops_training\DevOpsCICDProject\actions-runner'
[2026-09-29 02:57:11Z INFO HostContext] Well known config file 'SetupInfo': 'C:\Devops_training\DevOpsCICDProject\actions-runner\.setup_info'
[2026-09-29 02:57:11Z INFO HostContext] Well known directory 'Bin': 'C:\Devops_training\DevOpsCICDProject\actions-runner\bin'
[2026-09-29 02:57:11Z INFO HostContext] Well known directory 'Root': 'C:\Devops_training\DevOpsCICDProject\actions-runner'
[2026-09-29 02:57:11Z INFO HostContext] Well known directory 'Work': 'C:\Devops_training\DevOpsCICDProject\actions-runner\_work'
[2026-09-29 02:57:11Z INFO PipelineDirectoryManager] Loading tracking config if exists: C:\Devops_training\DevOpsCICDProject\actions-runner\_work\_PipelineMapping\Prabhatkumarkhemariya/DevOpsCICDProject\PipelineFolder.json
[2026-09-29 02:57:11Z INFO PipelineDirectoryManager] Creating a new tracking config file.
[2026-09-29 02:57:11Z INFO HostContext] Well known directory 'Bin': 'C:\Devops_training\DevOpsCICDProject\actions-runner\bin'
[2026-09-29 02:57:11Z INFO HostContext] Well known directory 'Root': 'C:\Devops_training\DevOpsCICDProject\actions-runner'
[2026-09-29 02:57:11Z INFO HostContext] Well known directory 'Work': 'C:\Devops_training\DevOpsCICDProject\actions-runner\_work'
[2026-09-29 02:57:11Z INFO PipelineDirectoryManager] Creating pipeline directory.
[2026-09-29 02:57:11Z INFO HostContext] Well known directory 'Bin': 'C:\Devops_training\DevOpsCICDProject\actions-runner\bin'
[2026-09-29 02:57:11Z INFO HostContext] Well known directory 'Root': 'C:\Devops_training\DevOpsCICDProject\actions-runner'
[2026-09-29 02:57:11Z INFO HostContext] Well known directory 'Work': 'C:\Devops_training\DevOpsCICDProject\actions-runner\_work'
[2026-09-29 02:57:11Z INFO PipelineDirectoryManager] Creating workspace directory.
[2026-09-29 02:57:11Z INFO HostContext] Well known directory 'Bin': 'C:\Devops_training\DevOpsCICDProject\actions-runner\bin'
[2026-09-29 02:57:11Z INFO HostContext] Well known directory 'Root': 'C:\Devops_training\DevOpsCICDProject\actions-runner'
[2026-09-29 02:57:11Z INFO HostContext] Well known directory 'Work': 'C:\Devops_training\DevOpsCICDProject\actions-runner\_work'
[2026-09-29 02:57:11Z INFO JobExtension] Downloading actions
[2026-09-29 02:57:11Z INFO HostContext] Well known directory 'Bin': 'C:\Devops_training\DevOpsCICDProject\actions-runner\bin'
[2026-09-29 02:57:11Z INFO HostContext] Well known directory 'Root': 'C:\Devops_training\DevOpsCICDProject\actions-runner'
[2026-09-29 02:57:11Z INFO HostContext] Well known directory 'Work': 'C:\Devops_training\DevOpsCICDProject\actions-runner\_work'
[2026-09-29 02:57:11Z INFO HostContext] Well known directory 'Actions': 'C:\Devops_training\DevOpsCICDProject\actions-runner\_work\_actions'
[2026-09-29 02:57:11Z INFO Worker] Listening for cancel message from the channel.
[2026-09-29 02:57:11Z INFO Worker] Waiting for the job to complete or for a cancel message from the channel.
[2026-09-29 02:57:12Z INFO ResultServer] Successfully started websocket client.
[2026-09-29 02:57:12Z INFO JobServerQueue] Try to append 1 batches web console lines for record '14b182fb-dd0a-599b-836d-ff6d9163c5ec', success rate: 1/1.
[2026-09-29 02:57:12Z INFO JobServerQueue] Try to append 1 batches web console lines for record 'ef58bd27-a020-4298-a77a-75c6143530f0', success rate: 1/1.
[2026-09-29 02:57:12Z INFO JobServerQueue] Try to append 1 batches web console lines for record 'ef58bd27-a020-4298-a77a-75c6143530f0', success rate: 1/1.
[2026-09-29 02:57:12Z INFO JobServerQueue] Job timeline record has been updated for the first time.
[2026-09-29 02:57:12Z INFO HostContext] Well known directory 'Bin': 'C:\Devops_training\DevOpsCICDProject\actions-runner\bin'
[2026-09-29 02:57:12Z INFO HostContext] Well known directory 'Root': 'C:\Devops_training\DevOpsCICDProject\actions-runner'
[2026-09-29 02:57:12Z INFO HostContext] Well known directory 'Work': 'C:\Devops_training\DevOpsCICDProject\actions-runner\_work'
[2026-09-29 02:57:12Z INFO HostContext] Well known directory 'Actions': 'C:\Devops_training\DevOpsCICDProject\actions-runner\_work\_actions'
[2026-09-29 02:57:12Z INFO HostContext] Well known directory 'Bin': 'C:\Devops_training\DevOpsCICDProject\actions-runner\bin'
[2026-09-29 02:57:12Z INFO HostContext] Well known directory 'Root': 'C:\Devops_training\DevOpsCICDProject\actions-runner'
[2026-09-29 02:57:12Z INFO HostContext] Well known directory 'Work': 'C:\Devops_training\DevOpsCICDProject\actions-runner\_work'
[2026-09-29 02:57:12Z INFO HostContext] Well known directory 'Actions': 'C:\Devops_training\DevOpsCICDProject\actions-runner\_work\_actions'
[2026-09-29 02:57:12Z INFO ActionManager] Save archive 'https://codeload.github.com/actions/checkout/zip/11d5960a326750d5838078e36cf38b85af677262' into C:\Devops_training\DevOpsCICDProject\actions-runner\_work\_actions\_temp_936a0939-44fb-4ac1-8f0b-f298ef70a2c4\7ad89e12-4594-4f99-a64a-2d1987fbe3fd.zip.
[2026-09-29 02:57:12Z INFO ActionManager] Using Basic token for action archive download.
[2026-09-29 02:57:12Z INFO JobServerQueue] Try to append 1 batches web console lines for record 'ef58bd27-a020-4298-a77a-75c6143530f0', success rate: 1/1.
[2026-09-29 02:57:13Z INFO ActionManager] Request URL: https://codeload.github.com/actions/checkout/zip/11d5960a326750d5838078e36cf38b85af677262 X-GitHub-Request-Id: 2C76:EA9DA:60FA:8251C:6ABB2908 Http Status: OK
[2026-09-29 02:57:13Z INFO JobServerQueue] Try to append 1 batches web console lines for record 'ef58bd27-a020-4298-a77a-75c6143530f0', success rate: 1/1.
[2026-09-29 02:57:13Z INFO JobServerQueue] Try to append 1 batches web console lines for record 'ef58bd27-a020-4298-a77a-75c6143530f0', success rate: 1/1.
[2026-09-29 02:57:14Z INFO ActionManager] Finished getting action repository.
[2026-09-29 02:57:14Z INFO HostContext] Well known directory 'Bin': 'C:\Devops_training\DevOpsCICDProject\actions-runner\bin'
[2026-09-29 02:57:14Z INFO HostContext] Well known directory 'Root': 'C:\Devops_training\DevOpsCICDProject\actions-runner'
[2026-09-29 02:57:14Z INFO HostContext] Well known directory 'Work': 'C:\Devops_training\DevOpsCICDProject\actions-runner\_work'
[2026-09-29 02:57:14Z INFO HostContext] Well known directory 'Actions': 'C:\Devops_training\DevOpsCICDProject\actions-runner\_work\_actions'
[2026-09-29 02:57:14Z INFO ActionManifestManagerLegacy] Load schema file with definitions: [
  "null",
  "boolean",
  "number",
  "string",
  "sequence",
  "mapping",
  "any",
  "action-root",
  "inputs",
  "input",
  "outputs",
  "output-definition",
  "runs",
  "container-runs",
  "container-runs-args",
  "container-runs-env",
  "node-runs",
  "plugin-runs",
  "composite-runs",
  "composite-steps",
  "composite-step",
  "run-step",
  "uses-step",
  "container-runs-context",
  "output-value",
  "input-default-context",
  "non-empty-string",
  "string-steps-context",
  "boolean-steps-context",
  "step-env",
  "step-if",
  "step-with"
]
[2026-09-29 02:57:14Z INFO JobServerQueue] Try to append 1 batches web console lines for record 'ef58bd27-a020-4298-a77a-75c6143530f0', success rate: 1/1.
[2026-09-29 02:57:14Z INFO ActionManifestManager] Load schema file with definitions: [
  "null",
  "boolean",
  "number",
  "string",
  "sequence",
  "mapping",
  "any",
  "action-root",
  "inputs",
  "input",
  "outputs",
  "output-definition",
  "runs",
  "container-runs",
  "container-runs-args",
  "container-runs-env",
  "node-runs",
  "plugin-runs",
  "composite-runs",
  "composite-steps",
  "composite-step",
  "run-step",
  "uses-step",
  "container-runs-context",
  "output-value",
  "input-default-context",
  "non-empty-string",
  "string-steps-context",
  "boolean-steps-context",
  "step-env",
  "step-if",
  "step-with"
]
[2026-09-29 02:57:14Z INFO HostContext] Well known directory 'Bin': 'C:\Devops_training\DevOpsCICDProject\actions-runner\bin'
[2026-09-29 02:57:14Z INFO HostContext] Well known directory 'Root': 'C:\Devops_training\DevOpsCICDProject\actions-runner'
[2026-09-29 02:57:14Z INFO HostContext] Well known directory 'Work': 'C:\Devops_training\DevOpsCICDProject\actions-runner\_work'
[2026-09-29 02:57:14Z INFO HostContext] Well known directory 'Actions': 'C:\Devops_training\DevOpsCICDProject\actions-runner\_work\_actions'
[2026-09-29 02:57:14Z INFO ActionManifestManagerLegacy] Loaded action.yml file: {
  "name": "Checkout",
  "description": "Checkout a Git repository at a particular version",
  "inputs": {
    "type": 2,
    "map": [
      {
        "key": {
          "type": 0,
          "file": 2,
          "line": 4,
          "col": 3,
          "lit": "repository"
        },
        "value": {
          "type": 3,
          "file": 2,
          "line": 6,
          "col": 14,
          "expr": "github.repository"
        }
      },
      {
        "key": {
          "type": 0,
          "file": 2,
          "line": 7,
          "col": 3,
          "lit": "ref"
        },
        "value": ""
      },
      {
        "key": {
          "type": 0,
          "file": 2,
          "line": 12,
          "col": 3,
          "lit": "token"
        },
        "value": {
          "type": 3,
          "file": 2,
          "line": 24,
          "col": 14,
          "expr": "github.token"
        }
      },
      {
        "key": {
          "type": 0,
          "file": 2,
          "line": 25,
          "col": 3,
          "lit": "ssh-key"
        },
        "value": ""
      },
      {
        "key": {
          "type": 0,
          "file": 2,
          "line": 37,
          "col": 3,
          "lit": "ssh-known-hosts"
        },
        "value": ""
      },
      {
        "key": {
          "type": 0,
          "file": 2,
          "line": 42,
          "col": 3,
          "lit": "ssh-strict"
        },
        "value": {
          "type": 0,
          "file": 2,
          "line": 47,
          "col": 14,
          "lit": "true"
        }
      },
      {
        "key": {
          "type": 0,
          "file": 2,
          "line": 48,
          "col": 3,
          "lit": "ssh-user"
        },
        "value": {
          "type": 0,
          "file": 2,
          "line": 51,
          "col": 14,
          "lit": "git"
        }
      },
      {
        "key": {
          "type": 0,
          "file": 2,
          "line": 52,
          "col": 3,
          "lit": "persist-credentials"
        },
        "value": {
          "type": 0,
          "file": 2,
          "line": 54,
          "col": 14,
          "lit": "true"
        }
      },
      {
        "key": {
          "type": 0,
          "file": 2,
          "line": 55,
          "col": 3,
          "lit": "path"
        },
        "value": ""
      },
      {
        "key": {
          "type": 0,
          "file": 2,
          "line": 57,
          "col": 3,
          "lit": "clean"
        },
        "value": {
          "type": 0,
          "file": 2,
          "line": 59,
          "col": 14,
          "lit": "true"
        }
      },
      {
        "key": {
          "type": 0,
          "file": 2,
          "line": 60,
          "col": 3,
          "lit": "filter"
        },
        "value": {
          "type": 0,
          "file": 2,
          "line": 64,
          "col": 14,
          "lit": ""
        }
      },
      {
        "key": {
          "type": 0,
          "file": 2,
          "line": 65,
          "col": 3,
          "lit": "sparse-checkout"
        },
        "value": {
          "type": 0,
          "file": 2,
          "line": 69,
          "col": 14,
          "lit": ""
        }
      },
      {
        "key": {
          "type": 0,
          "file": 2,
          "line": 70,
          "col": 3,
          "lit": "sparse-checkout-cone-mode"
        },
        "value": {
          "type": 0,
          "file": 2,
          "line": 73,
          "col": 14,
          "lit": "true"
        }
      },
      {
        "key": {
          "type": 0,
          "file": 2,
          "line": 74,
          "col": 3,
          "lit": "fetch-depth"
        },
        "value": {
          "type": 0,
          "file": 2,
          "line": 76,
          "col": 14,
          "lit": "1"
        }
      },
      {
        "key": {
          "type": 0,
          "file": 2,
          "line": 77,
          "col": 3,
          "lit": "fetch-tags"
        },
        "value": {
          "type": 0,
          "file": 2,
          "line": 79,
          "col": 14,
          "lit": "false"
        }
      },
      {
        "key": {
          "type": 0,
          "file": 2,
          "line": 80,
          "col": 3,
          "lit": "show-progress"
        },
        "value": {
          "type": 0,
          "file": 2,
          "line": 82,
          "col": 14,
          "lit": "true"
        }
      },
      {
        "key": {
          "type": 0,
          "file": 2,
          "line": 83,
          "col": 3,
          "lit": "lfs"
        },
        "value": {
          "type": 0,
          "file": 2,
          "line": 85,
          "col": 14,
          "lit": "false"
        }
      },
      {
        "key": {
          "type": 0,
          "file": 2,
          "line": 86,
          "col": 3,
          "lit": "submodules"
        },
        "value": {
          "type": 0,
          "file": 2,
          "line": 94,
          "col": 14,
          "lit": "false"
        }
      },
      {
        "key": {
          "type": 0,
          "file": 2,
          "line": 95,
          "col": 3,
          "lit": "set-safe-directory"
        },
        "value": {
          "type": 0,
          "file": 2,
          "line": 97,
          "col": 14,
          "lit": "true"
        }
      },
      {
        "key": {
          "type": 0,
          "file": 2,
          "line": 98,
          "col": 3,
          "lit": "github-server-url"
        },
        "value": ""
      },
      {
        "key": {
          "type": 0,
          "file": 2,
          "line": 101,
          "col": 3,
          "lit": "allow-unsafe-pr-checkout"
        },
        "value": {
          "type": 0,
          "file": 2,
          "line": 109,
          "col": 14,
          "lit": "false"
        }
      }
    ]
  },
  "execution": {
    "executionType": "nodeJS",
    "hasPre": false,
    "hasPost": true,
    "script": "dist/index.js",
    "pre": null,
    "post": "dist/index.js",
    "nodeVersion": "node20",
    "cleanupCondition": "always()",
    "initCondition": "always()"
  },
  "deprecated": null
}
[2026-09-29 02:57:14Z INFO ActionManager] Action node.js file: dist/index.js, no more preparation.
[2026-09-29 02:57:14Z INFO HostContext] Well known directory 'Bin': 'C:\Devops_training\DevOpsCICDProject\actions-runner\bin'
[2026-09-29 02:57:14Z INFO HostContext] Well known directory 'Root': 'C:\Devops_training\DevOpsCICDProject\actions-runner'
[2026-09-29 02:57:14Z INFO HostContext] Well known directory 'Work': 'C:\Devops_training\DevOpsCICDProject\actions-runner\_work'
[2026-09-29 02:57:14Z INFO HostContext] Well known directory 'Actions': 'C:\Devops_training\DevOpsCICDProject\actions-runner\_work\_actions'
[2026-09-29 02:57:14Z INFO ActionManager] Load action that reference repository from 'C:\Devops_training\DevOpsCICDProject\actions-runner\_work\_actions\actions\checkout\v4'
[2026-09-29 02:57:14Z INFO HostContext] Well known directory 'Bin': 'C:\Devops_training\DevOpsCICDProject\actions-runner\bin'
[2026-09-29 02:57:14Z INFO HostContext] Well known directory 'Root': 'C:\Devops_training\DevOpsCICDProject\actions-runner'
[2026-09-29 02:57:14Z INFO HostContext] Well known directory 'Work': 'C:\Devops_training\DevOpsCICDProject\actions-runner\_work'
[2026-09-29 02:57:14Z INFO HostContext] Well known directory 'Actions': 'C:\Devops_training\DevOpsCICDProject\actions-runner\_work\_actions'
[2026-09-29 02:57:14Z INFO ActionManifestManagerLegacy] Loaded action.yml file: {
  "name": "Checkout",
  "description": "Checkout a Git repository at a particular version",
  "inputs": {
    "type": 2,
    "map": [
      {
        "key": {
          "type": 0,
          "file": 2,
          "line": 4,
          "col": 3,
          "lit": "repository"
        },
        "value": {
          "type": 3,
          "file": 2,
          "line": 6,
          "col": 14,
          "expr": "github.repository"
        }
      },
      {
        "key": {
          "type": 0,
          "file": 2,
          "line": 7,
          "col": 3,
          "lit": "ref"
        },
        "value": ""
      },
      {
        "key": {
          "type": 0,
          "file": 2,
          "line": 12,
          "col": 3,
          "lit": "token"
        },
        "value": {
          "type": 3,
          "file": 2,
          "line": 24,
          "col": 14,
          "expr": "github.token"
        }
      },
      {
        "key": {
          "type": 0,
          "file": 2,
          "line": 25,
          "col": 3,
          "lit": "ssh-key"
        },
        "value": ""
      },
      {
        "key": {
          "type": 0,
          "file": 2,
          "line": 37,
          "col": 3,
          "lit": "ssh-known-hosts"
        },
        "value": ""
      },
      {
        "key": {
          "type": 0,
          "file": 2,
          "line": 42,
          "col": 3,
          "lit": "ssh-strict"
        },
        "value": {
          "type": 0,
          "file": 2,
          "line": 47,
          "col": 14,
          "lit": "true"
        }
      },
      {
        "key": {
          "type": 0,
          "file": 2,
          "line": 48,
          "col": 3,
          "lit": "ssh-user"
        },
        "value": {
          "type": 0,
          "file": 2,
          "line": 51,
          "col": 14,
          "lit": "git"
        }
      },
      {
        "key": {
          "type": 0,
          "file": 2,
          "line": 52,
          "col": 3,
          "lit": "persist-credentials"
        },
        "value": {
          "type": 0,
          "file": 2,
          "line": 54,
          "col": 14,
          "lit": "true"
        }
      },
      {
        "key": {
          "type": 0,
          "file": 2,
          "line": 55,
          "col": 3,
          "lit": "path"
        },
        "value": ""
      },
      {
        "key": {
          "type": 0,
          "file": 2,
          "line": 57,
          "col": 3,
          "lit": "clean"
        },
        "value": {
          "type": 0,
          "file": 2,
          "line": 59,
          "col": 14,
          "lit": "true"
        }
      },
      {
        "key": {
          "type": 0,
          "file": 2,
          "line": 60,
          "col": 3,
          "lit": "filter"
        },
        "value": {
          "type": 0,
          "file": 2,
          "line": 64,
          "col": 14,
          "lit": ""
        }
      },
      {
        "key": {
          "type": 0,
          "file": 2,
          "line": 65,
          "col": 3,
          "lit": "sparse-checkout"
        },
        "value": {
          "type": 0,
          "file": 2,
          "line": 69,
          "col": 14,
          "lit": ""
        }
      },
      {
        "key": {
          "type": 0,
          "file": 2,
          "line": 70,
          "col": 3,
          "lit": "sparse-checkout-cone-mode"
        },
        "value": {
          "type": 0,
          "file": 2,
          "line": 73,
          "col": 14,
          "lit": "true"
        }
      },
      {
        "key": {
          "type": 0,
          "file": 2,
          "line": 74,
          "col": 3,
          "lit": "fetch-depth"
        },
        "value": {
          "type": 0,
          "file": 2,
          "line": 76,
          "col": 14,
          "lit": "1"
        }
      },
      {
        "key": {
          "type": 0,
          "file": 2,
          "line": 77,
          "col": 3,
          "lit": "fetch-tags"
        },
        "value": {
          "type": 0,
          "file": 2,
          "line": 79,
          "col": 14,
          "lit": "false"
        }
      },
      {
        "key": {
          "type": 0,
          "file": 2,
          "line": 80,
          "col": 3,
          "lit": "show-progress"
        },
        "value": {
          "type": 0,
          "file": 2,
          "line": 82,
          "col": 14,
          "lit": "true"
        }
      },
      {
        "key": {
          "type": 0,
          "file": 2,
          "line": 83,
          "col": 3,
          "lit": "lfs"
        },
        "value": {
          "type": 0,
          "file": 2,
          "line": 85,
          "col": 14,
          "lit": "false"
        }
      },
      {
        "key": {
          "type": 0,
          "file": 2,
          "line": 86,
          "col": 3,
          "lit": "submodules"
        },
        "value": {
          "type": 0,
          "file": 2,
          "line": 94,
          "col": 14,
          "lit": "false"
        }
      },
      {
        "key": {
          "type": 0,
          "file": 2,
          "line": 95,
          "col": 3,
          "lit": "set-safe-directory"
        },
        "value": {
          "type": 0,
          "file": 2,
          "line": 97,
          "col": 14,
          "lit": "true"
        }
      },
      {
        "key": {
          "type": 0,
          "file": 2,
          "line": 98,
          "col": 3,
          "lit": "github-server-url"
        },
        "value": ""
      },
      {
        "key": {
          "type": 0,
          "file": 2,
          "line": 101,
          "col": 3,
          "lit": "allow-unsafe-pr-checkout"
        },
        "value": {
          "type": 0,
          "file": 2,
          "line": 109,
          "col": 14,
          "lit": "false"
        }
      }
    ]
  },
  "execution": {
    "executionType": "nodeJS",
    "hasPre": false,
    "hasPost": true,
    "script": "dist/index.js",
    "pre": null,
    "post": "dist/index.js",
    "nodeVersion": "node20",
    "cleanupCondition": "always()",
    "initCondition": "always()"
  },
  "deprecated": null
}
[2026-09-29 02:57:14Z INFO ActionManager] Action pre node.js file: N/A.
[2026-09-29 02:57:14Z INFO ActionManager] Action node.js file: dist/index.js.
[2026-09-29 02:57:14Z INFO ActionManager] Action post node.js file: dist/index.js.
[2026-09-29 02:57:14Z INFO JobExtension] Adding .
[2026-09-29 02:57:14Z INFO JobExtension] Adding .
[2026-09-29 02:57:14Z INFO HostContext] Well known directory 'Bin': 'C:\Devops_training\DevOpsCICDProject\actions-runner\bin'
[2026-09-29 02:57:14Z INFO HostContext] Well known directory 'Root': 'C:\Devops_training\DevOpsCICDProject\actions-runner'
[2026-09-29 02:57:14Z INFO HostContext] Well known directory 'Diag': 'C:\Devops_training\DevOpsCICDProject\actions-runner\_diag'
[2026-09-29 02:57:14Z INFO HostContext] Well known directory 'Bin': 'C:\Devops_training\DevOpsCICDProject\actions-runner\bin'
[2026-09-29 02:57:14Z INFO HostContext] Well known directory 'Root': 'C:\Devops_training\DevOpsCICDProject\actions-runner'
[2026-09-29 02:57:14Z INFO HostContext] Well known directory 'Diag': 'C:\Devops_training\DevOpsCICDProject\actions-runner\_diag'
[2026-09-29 02:57:14Z INFO HostContext] Well known directory 'Bin': 'C:\Devops_training\DevOpsCICDProject\actions-runner\bin'
[2026-09-29 02:57:14Z INFO HostContext] Well known directory 'Root': 'C:\Devops_training\DevOpsCICDProject\actions-runner'
[2026-09-29 02:57:14Z INFO HostContext] Well known directory 'Diag': 'C:\Devops_training\DevOpsCICDProject\actions-runner\_diag'
[2026-09-29 02:57:14Z INFO HostContext] Well known directory 'Bin': 'C:\Devops_training\DevOpsCICDProject\actions-runner\bin'
[2026-09-29 02:57:14Z INFO HostContext] Well known directory 'Root': 'C:\Devops_training\DevOpsCICDProject\actions-runner'
[2026-09-29 02:57:14Z INFO HostContext] Well known directory 'Diag': 'C:\Devops_training\DevOpsCICDProject\actions-runner\_diag'
[2026-09-29 02:57:14Z INFO JobExtension] Total accessible running process: 346.
[2026-09-29 02:57:14Z INFO JobServerQueue] Try to append 1 batches web console lines for record 'ef58bd27-a020-4298-a77a-75c6143530f0', success rate: 1/1.
[2026-09-29 02:57:14Z INFO HostContext] Well known directory 'Bin': 'C:\Devops_training\DevOpsCICDProject\actions-runner\bin'
[2026-09-29 02:57:14Z INFO HostContext] Well known directory 'Root': 'C:\Devops_training\DevOpsCICDProject\actions-runner'
[2026-09-29 02:57:14Z INFO HostContext] Well known directory 'Work': 'C:\Devops_training\DevOpsCICDProject\actions-runner\_work'
[2026-09-29 02:57:14Z INFO JobExtension] Start checking server connectivity.
[2026-09-29 02:57:14Z INFO JobExtension] Check server connectivity for https://broker.actions.githubusercontent.com/health.
[2026-09-29 02:57:14Z INFO JobExtension] Check server connectivity for https://token.actions.githubusercontent.com/ready.
[2026-09-29 02:57:14Z INFO JobExtension] Check server connectivity for https://run.actions.githubusercontent.com/health.
[2026-09-29 02:57:14Z INFO JobExtension] Start checking service connectivity in background.
[2026-09-29 02:57:14Z INFO ExecutionContext] Publish step telemetry for current step {
  "action": "setup_job",
  "type": "runner",
  "stage": "Pre",
  "stepId": "ef58bd27-a020-4298-a77a-75c6143530f0",
  "result": "succeeded",
  "errorMessages": [],
  "executionTimeInSeconds": 4,
  "startTime": "2026-09-29T02:57:11.1357009Z",
  "finishTime": "2026-09-29T02:57:14.7844416Z"
}.
[2026-09-29 02:57:14Z INFO JobRunner] Total job steps: 2.
[2026-09-29 02:57:14Z INFO JobRunner] Run all job steps.
[2026-09-29 02:57:14Z INFO DapDebugger] DapDebugger initialized
[2026-09-29 02:57:14Z INFO StepsRunner] Processing step: DisplayName='Checkout Code'
[2026-09-29 02:57:14Z INFO StepsRunner] Evaluating: success()
[2026-09-29 02:57:14Z INFO StepsRunner] Result: true
[2026-09-29 02:57:14Z INFO StepsRunner] Starting the step.
[2026-09-29 02:57:14Z INFO HostContext] Well known directory 'Bin': 'C:\Devops_training\DevOpsCICDProject\actions-runner\bin'
[2026-09-29 02:57:14Z INFO HostContext] Well known directory 'Root': 'C:\Devops_training\DevOpsCICDProject\actions-runner'
[2026-09-29 02:57:14Z INFO HostContext] Well known directory 'Work': 'C:\Devops_training\DevOpsCICDProject\actions-runner\_work'
[2026-09-29 02:57:14Z INFO StepsRunner] Which2: 'chcp'
[2026-09-29 02:57:14Z INFO StepsRunner] Location: 'C:\windows\system32\chcp.COM'
[2026-09-29 02:57:14Z INFO ProcessInvokerWrapper] Starting process:
[2026-09-29 02:57:14Z INFO ProcessInvokerWrapper]   File name: 'C:\windows\system32\chcp.COM'
[2026-09-29 02:57:14Z INFO ProcessInvokerWrapper]   Arguments: '65001'
[2026-09-29 02:57:14Z INFO ProcessInvokerWrapper]   Working directory: 'C:\Devops_training\DevOpsCICDProject\actions-runner\_work'
[2026-09-29 02:57:14Z INFO ProcessInvokerWrapper]   Require exit code zero: 'False'
[2026-09-29 02:57:14Z INFO ProcessInvokerWrapper]   Encoding web name:  ; code page: ''
[2026-09-29 02:57:14Z INFO ProcessInvokerWrapper]   Force kill process on cancellation: 'False'
[2026-09-29 02:57:14Z INFO ProcessInvokerWrapper]   Redirected STDIN: 'False'
[2026-09-29 02:57:14Z INFO ProcessInvokerWrapper]   Persist current code page: 'True'
[2026-09-29 02:57:14Z INFO ProcessInvokerWrapper]   Keep redirected STDIN open: 'False'
[2026-09-29 02:57:14Z INFO ProcessInvokerWrapper]   High priority process: 'False'
[2026-09-29 02:57:14Z INFO ProcessInvokerWrapper] Process started with process id 23200, waiting for process exit.
[2026-09-29 02:57:14Z INFO ProcessInvokerWrapper] STDOUT/STDERR stream read finished.
[2026-09-29 02:57:14Z INFO ProcessInvokerWrapper] STDOUT/STDERR stream read finished.
[2026-09-29 02:57:14Z INFO ProcessInvokerWrapper] Finished process 23200 with exit code 0, and elapsed time 00:00:00.0371941.
[2026-09-29 02:57:14Z INFO StepsRunner] Successfully returned to code page 65001 (UTF8)
[2026-09-29 02:57:14Z INFO HostContext] Well known directory 'Bin': 'C:\Devops_training\DevOpsCICDProject\actions-runner\bin'
[2026-09-29 02:57:14Z INFO HostContext] Well known directory 'Root': 'C:\Devops_training\DevOpsCICDProject\actions-runner'
[2026-09-29 02:57:14Z INFO HostContext] Well known directory 'Work': 'C:\Devops_training\DevOpsCICDProject\actions-runner\_work'
[2026-09-29 02:57:14Z INFO HostContext] Well known directory 'Actions': 'C:\Devops_training\DevOpsCICDProject\actions-runner\_work\_actions'
[2026-09-29 02:57:14Z INFO ActionManager] Load action that reference repository from 'C:\Devops_training\DevOpsCICDProject\actions-runner\_work\_actions\actions\checkout\v4'
[2026-09-29 02:57:14Z INFO HostContext] Well known directory 'Bin': 'C:\Devops_training\DevOpsCICDProject\actions-runner\bin'
[2026-09-29 02:57:14Z INFO HostContext] Well known directory 'Root': 'C:\Devops_training\DevOpsCICDProject\actions-runner'
[2026-09-29 02:57:14Z INFO HostContext] Well known directory 'Work': 'C:\Devops_training\DevOpsCICDProject\actions-runner\_work'
[2026-09-29 02:57:14Z INFO HostContext] Well known directory 'Actions': 'C:\Devops_training\DevOpsCICDProject\actions-runner\_work\_actions'
[2026-09-29 02:57:14Z INFO JobServerQueue] Try to upload 1 log files or attachments, success rate: 1/1.
[2026-09-29 02:57:14Z INFO ActionManifestManagerLegacy] Loaded action.yml file: {
  "name": "Checkout",
  "description": "Checkout a Git repository at a particular version",
  "inputs": {
    "type": 2,
    "map": [
      {
        "key": {
          "type": 0,
          "file": 2,
          "line": 4,
          "col": 3,
          "lit": "repository"
        },
        "value": {
          "type": 3,
          "file": 2,
          "line": 6,
          "col": 14,
          "expr": "github.repository"
        }
      },
      {
        "key": {
          "type": 0,
          "file": 2,
          "line": 7,
          "col": 3,
          "lit": "ref"
        },
        "value": ""
      },
      {
        "key": {
          "type": 0,
          "file": 2,
          "line": 12,
          "col": 3,
          "lit": "token"
        },
        "value": {
          "type": 3,
          "file": 2,
          "line": 24,
          "col": 14,
          "expr": "github.token"
        }
      },
      {
        "key": {
          "type": 0,
          "file": 2,
          "line": 25,
          "col": 3,
          "lit": "ssh-key"
        },
        "value": ""
      },
      {
        "key": {
          "type": 0,
          "file": 2,
          "line": 37,
          "col": 3,
          "lit": "ssh-known-hosts"
        },
        "value": ""
      },
      {
        "key": {
          "type": 0,
          "file": 2,
          "line": 42,
          "col": 3,
          "lit": "ssh-strict"
        },
        "value": {
          "type": 0,
          "file": 2,
          "line": 47,
          "col": 14,
          "lit": "true"
        }
      },
      {
        "key": {
          "type": 0,
          "file": 2,
          "line": 48,
          "col": 3,
          "lit": "ssh-user"
        },
        "value": {
          "type": 0,
          "file": 2,
          "line": 51,
          "col": 14,
          "lit": "git"
        }
      },
      {
        "key": {
          "type": 0,
          "file": 2,
          "line": 52,
          "col": 3,
          "lit": "persist-credentials"
        },
        "value": {
          "type": 0,
          "file": 2,
          "line": 54,
          "col": 14,
          "lit": "true"
        }
      },
      {
        "key": {
          "type": 0,
          "file": 2,
          "line": 55,
          "col": 3,
          "lit": "path"
        },
        "value": ""
      },
      {
        "key": {
          "type": 0,
          "file": 2,
          "line": 57,
          "col": 3,
          "lit": "clean"
        },
        "value": {
          "type": 0,
          "file": 2,
          "line": 59,
          "col": 14,
          "lit": "true"
        }
      },
      {
        "key": {
          "type": 0,
          "file": 2,
          "line": 60,
          "col": 3,
          "lit": "filter"
        },
        "value": {
          "type": 0,
          "file": 2,
          "line": 64,
          "col": 14,
          "lit": ""
        }
      },
      {
        "key": {
          "type": 0,
          "file": 2,
          "line": 65,
          "col": 3,
          "lit": "sparse-checkout"
        },
        "value": {
          "type": 0,
          "file": 2,
          "line": 69,
          "col": 14,
          "lit": ""
        }
      },
      {
        "key": {
          "type": 0,
          "file": 2,
          "line": 70,
          "col": 3,
          "lit": "sparse-checkout-cone-mode"
        },
        "value": {
          "type": 0,
          "file": 2,
          "line": 73,
          "col": 14,
          "lit": "true"
        }
      },
      {
        "key": {
          "type": 0,
          "file": 2,
          "line": 74,
          "col": 3,
          "lit": "fetch-depth"
        },
        "value": {
          "type": 0,
          "file": 2,
          "line": 76,
          "col": 14,
          "lit": "1"
        }
      },
      {
        "key": {
          "type": 0,
          "file": 2,
          "line": 77,
          "col": 3,
          "lit": "fetch-tags"
        },
        "value": {
          "type": 0,
          "file": 2,
          "line": 79,
          "col": 14,
          "lit": "false"
        }
      },
      {
        "key": {
          "type": 0,
          "file": 2,
          "line": 80,
          "col": 3,
          "lit": "show-progress"
        },
        "value": {
          "type": 0,
          "file": 2,
          "line": 82,
          "col": 14,
          "lit": "true"
        }
      },
      {
        "key": {
          "type": 0,
          "file": 2,
          "line": 83,
          "col": 3,
          "lit": "lfs"
        },
        "value": {
          "type": 0,
          "file": 2,
          "line": 85,
          "col": 14,
          "lit": "false"
        }
      },
      {
        "key": {
          "type": 0,
          "file": 2,
          "line": 86,
          "col": 3,
          "lit": "submodules"
        },
        "value": {
          "type": 0,
          "file": 2,
          "line": 94,
          "col": 14,
          "lit": "false"
        }
      },
      {
        "key": {
          "type": 0,
          "file": 2,
          "line": 95,
          "col": 3,
          "lit": "set-safe-directory"
        },
        "value": {
          "type": 0,
          "file": 2,
          "line": 97,
          "col": 14,
          "lit": "true"
        }
      },
      {
        "key": {
          "type": 0,
          "file": 2,
          "line": 98,
          "col": 3,
          "lit": "github-server-url"
        },
        "value": ""
      },
      {
        "key": {
          "type": 0,
          "file": 2,
          "line": 101,
          "col": 3,
          "lit": "allow-unsafe-pr-checkout"
        },
        "value": {
          "type": 0,
          "file": 2,
          "line": 109,
          "col": 14,
          "lit": "false"
        }
      }
    ]
  },
  "execution": {
    "executionType": "nodeJS",
    "hasPre": false,
    "hasPost": true,
    "script": "dist/index.js",
    "pre": null,
    "post": "dist/index.js",
    "nodeVersion": "node20",
    "cleanupCondition": "always()",
    "initCondition": "always()"
  },
  "deprecated": null
}
[2026-09-29 02:57:14Z INFO ActionManager] Action pre node.js file: N/A.
[2026-09-29 02:57:14Z INFO ActionManager] Action node.js file: dist/index.js.
[2026-09-29 02:57:14Z INFO ActionManager] Action post node.js file: dist/index.js.
[2026-09-29 02:57:14Z INFO ExecutionContext] Reserve record order 4 to 6 for post job actions.
[2026-09-29 02:57:14Z INFO HostContext] Well known directory 'Bin': 'C:\Devops_training\DevOpsCICDProject\actions-runner\bin'
[2026-09-29 02:57:14Z INFO HostContext] Well known directory 'Root': 'C:\Devops_training\DevOpsCICDProject\actions-runner'
[2026-09-29 02:57:14Z INFO HostContext] Well known directory 'Diag': 'C:\Devops_training\DevOpsCICDProject\actions-runner\_diag'
[2026-09-29 02:57:14Z INFO HostContext] Well known directory 'Bin': 'C:\Devops_training\DevOpsCICDProject\actions-runner\bin'
[2026-09-29 02:57:14Z INFO HostContext] Well known directory 'Root': 'C:\Devops_training\DevOpsCICDProject\actions-runner'
[2026-09-29 02:57:14Z INFO HostContext] Well known directory 'Diag': 'C:\Devops_training\DevOpsCICDProject\actions-runner\_diag'
[2026-09-29 02:57:14Z INFO HostContext] Well known directory 'Bin': 'C:\Devops_training\DevOpsCICDProject\actions-runner\bin'
[2026-09-29 02:57:14Z INFO HostContext] Well known directory 'Root': 'C:\Devops_training\DevOpsCICDProject\actions-runner'
[2026-09-29 02:57:14Z INFO HostContext] Well known directory 'Work': 'C:\Devops_training\DevOpsCICDProject\actions-runner\_work'
[2026-09-29 02:57:14Z INFO HostContext] Well known directory 'Temp': 'C:\Devops_training\DevOpsCICDProject\actions-runner\_work\_temp'
[2026-09-29 02:57:14Z INFO JobServerQueue] Got a step log file to send to results service.
[2026-09-29 02:57:14Z INFO JobServerQueue] Try to append 1 batches web console lines for record 'ef58bd27-a020-4298-a77a-75c6143530f0', success rate: 1/1.
[2026-09-29 02:57:14Z INFO JobServerQueue] Try to append 1 batches web console lines for record '4dbb64a1-7d89-4a64-881b-132e40c27aa2', success rate: 1/1.
[2026-09-29 02:57:14Z INFO JobServerQueue] Starting upload of step log file to results service ResultsLog, C:\Devops_training\DevOpsCICDProject\actions-runner\_diag\blocks\956b22fa-cb38-4272-9725-5b66954d8065_ef58bd27-a020-4298-a77a-75c6143530f0.1
[2026-09-29 02:57:14Z INFO ExecutionContext] Write event payload to C:\Devops_training\DevOpsCICDProject\actions-runner\_work\_temp\_github_workflow\event.json
[2026-09-29 02:57:14Z INFO HostContext] Well known directory 'Bin': 'C:\Devops_training\DevOpsCICDProject\actions-runner\bin'
[2026-09-29 02:57:14Z INFO HostContext] Well known directory 'Root': 'C:\Devops_training\DevOpsCICDProject\actions-runner'
[2026-09-29 02:57:14Z INFO HostContext] Well known directory 'Work': 'C:\Devops_training\DevOpsCICDProject\actions-runner\_work'
[2026-09-29 02:57:14Z INFO HostContext] Well known directory 'Temp': 'C:\Devops_training\DevOpsCICDProject\actions-runner\_work\_temp'
[2026-09-29 02:57:14Z INFO ExtensionManager] Getting extensions for interface: 'GitHub.Runner.Worker.IFileCommandExtension'
[2026-09-29 02:57:14Z INFO ExtensionManager] Creating instance: GitHub.Runner.Worker.AddPathFileCommand, Runner.Worker
[2026-09-29 02:57:14Z INFO ExtensionManager] Creating instance: GitHub.Runner.Worker.SetEnvFileCommand, Runner.Worker
[2026-09-29 02:57:14Z INFO ExtensionManager] Creating instance: GitHub.Runner.Worker.CreateStepSummaryCommand, Runner.Worker
[2026-09-29 02:57:14Z INFO ExtensionManager] Creating instance: GitHub.Runner.Worker.SaveStateFileCommand, Runner.Worker
[2026-09-29 02:57:14Z INFO ExtensionManager] Creating instance: GitHub.Runner.Worker.SetOutputFileCommand, Runner.Worker
[2026-09-29 02:57:14Z INFO ExtensionManager] Creating instance: GitHub.Runner.Worker.CreateArtifactsFileCommand, Runner.Worker
[2026-09-29 02:57:14Z INFO ExtensionManager] Creating instance: GitHub.Runner.Worker.ArtifactsListFileCommand, Runner.Worker
[2026-09-29 02:57:15Z INFO ActionManifestManagerLegacy] Input 'repository': default value evaluate result: {
  "type": 0,
  "file": 2,
  "line": 6,
  "col": 14,
  "lit": "Prabhatkumarkhemariya/DevOpsCICDProject"
}
[2026-09-29 02:57:15Z INFO ActionManifestManagerLegacy] Input 'ref': default value evaluate result: ""
[2026-09-29 02:57:15Z INFO ActionManifestManagerLegacy] Input 'token': default value evaluate result: {
  "type": 0,
  "file": 2,
  "line": 24,
  "col": 14,
  "lit": "***"
}
[2026-09-29 02:57:15Z INFO ActionManifestManagerLegacy] Input 'ssh-key': default value evaluate result: ""
[2026-09-29 02:57:15Z INFO ActionManifestManagerLegacy] Input 'ssh-known-hosts': default value evaluate result: ""
[2026-09-29 02:57:15Z INFO ActionManifestManagerLegacy] Input 'ssh-strict': default value evaluate result: {
  "type": 0,
  "file": 2,
  "line": 47,
  "col": 14,
  "lit": "true"
}
[2026-09-29 02:57:15Z INFO ActionManifestManagerLegacy] Input 'ssh-user': default value evaluate result: {
  "type": 0,
  "file": 2,
  "line": 51,
  "col": 14,
  "lit": "git"
}
[2026-09-29 02:57:15Z INFO ActionManifestManagerLegacy] Input 'persist-credentials': default value evaluate result: {
  "type": 0,
  "file": 2,
  "line": 54,
  "col": 14,
  "lit": "true"
}
[2026-09-29 02:57:15Z INFO ActionManifestManagerLegacy] Input 'path': default value evaluate result: ""
[2026-09-29 02:57:15Z INFO ActionManifestManagerLegacy] Input 'clean': default value evaluate result: {
  "type": 0,
  "file": 2,
  "line": 59,
  "col": 14,
  "lit": "true"
}
[2026-09-29 02:57:15Z INFO ActionManifestManagerLegacy] Input 'filter': default value evaluate result: {
  "type": 0,
  "file": 2,
  "line": 64,
  "col": 14,
  "lit": ""
}
[2026-09-29 02:57:15Z INFO ActionManifestManagerLegacy] Input 'sparse-checkout': default value evaluate result: {
  "type": 0,
  "file": 2,
  "line": 69,
  "col": 14,
  "lit": ""
}
[2026-09-29 02:57:15Z INFO ActionManifestManagerLegacy] Input 'sparse-checkout-cone-mode': default value evaluate result: {
  "type": 0,
  "file": 2,
  "line": 73,
  "col": 14,
  "lit": "true"
}
[2026-09-29 02:57:15Z INFO ActionManifestManagerLegacy] Input 'fetch-depth': default value evaluate result: {
  "type": 0,
  "file": 2,
  "line": 76,
  "col": 14,
  "lit": "1"
}
[2026-09-29 02:57:15Z INFO ActionManifestManagerLegacy] Input 'fetch-tags': default value evaluate result: {
  "type": 0,
  "file": 2,
  "line": 79,
  "col": 14,
  "lit": "false"
}
[2026-09-29 02:57:15Z INFO ActionManifestManagerLegacy] Input 'show-progress': default value evaluate result: {
  "type": 0,
  "file": 2,
  "line": 82,
  "col": 14,
  "lit": "true"
}
[2026-09-29 02:57:15Z INFO ActionManifestManagerLegacy] Input 'lfs': default value evaluate result: {
  "type": 0,
  "file": 2,
  "line": 85,
  "col": 14,
  "lit": "false"
}
[2026-09-29 02:57:15Z INFO ActionManifestManagerLegacy] Input 'submodules': default value evaluate result: {
  "type": 0,
  "file": 2,
  "line": 94,
  "col": 14,
  "lit": "false"
}
[2026-09-29 02:57:15Z INFO ActionManifestManagerLegacy] Input 'set-safe-directory': default value evaluate result: {
  "type": 0,
  "file": 2,
  "line": 97,
  "col": 14,
  "lit": "true"
}
[2026-09-29 02:57:15Z INFO ActionManifestManagerLegacy] Input 'github-server-url': default value evaluate result: ""
[2026-09-29 02:57:15Z INFO ActionManifestManagerLegacy] Input 'allow-unsafe-pr-checkout': default value evaluate result: {
  "type": 0,
  "file": 2,
  "line": 109,
  "col": 14,
  "lit": "false"
}
[2026-09-29 02:57:15Z INFO ExtensionManager] Getting extensions for interface: 'GitHub.Runner.Worker.IActionCommandExtension'
[2026-09-29 02:57:15Z INFO ExtensionManager] Creating instance: GitHub.Runner.Worker.InternalPluginSetRepoPathCommandExtension, Runner.Worker
[2026-09-29 02:57:15Z INFO ExtensionManager] Creating instance: GitHub.Runner.Worker.SetEnvCommandExtension, Runner.Worker
[2026-09-29 02:57:15Z INFO ExtensionManager] Creating instance: GitHub.Runner.Worker.SetOutputCommandExtension, Runner.Worker
[2026-09-29 02:57:15Z INFO ExtensionManager] Creating instance: GitHub.Runner.Worker.SaveStateCommandExtension, Runner.Worker
[2026-09-29 02:57:15Z INFO ExtensionManager] Creating instance: GitHub.Runner.Worker.AddPathCommandExtension, Runner.Worker
[2026-09-29 02:57:15Z INFO ExtensionManager] Creating instance: GitHub.Runner.Worker.AddMaskCommandExtension, Runner.Worker
[2026-09-29 02:57:15Z INFO ExtensionManager] Creating instance: GitHub.Runner.Worker.AddMatcherCommandExtension, Runner.Worker
[2026-09-29 02:57:15Z INFO ExtensionManager] Creating instance: GitHub.Runner.Worker.RemoveMatcherCommandExtension, Runner.Worker
[2026-09-29 02:57:15Z INFO ExtensionManager] Creating instance: GitHub.Runner.Worker.WarningCommandExtension, Runner.Worker
[2026-09-29 02:57:15Z INFO ExtensionManager] Creating instance: GitHub.Runner.Worker.ErrorCommandExtension, Runner.Worker
[2026-09-29 02:57:15Z INFO ExtensionManager] Creating instance: GitHub.Runner.Worker.NoticeCommandExtension, Runner.Worker
[2026-09-29 02:57:15Z INFO ExtensionManager] Creating instance: GitHub.Runner.Worker.DebugCommandExtension, Runner.Worker
[2026-09-29 02:57:15Z INFO ExtensionManager] Creating instance: GitHub.Runner.Worker.GroupCommandExtension, Runner.Worker
[2026-09-29 02:57:15Z INFO ExtensionManager] Creating instance: GitHub.Runner.Worker.EndGroupCommandExtension, Runner.Worker
[2026-09-29 02:57:15Z INFO ExtensionManager] Creating instance: GitHub.Runner.Worker.EchoCommandExtension, Runner.Worker
[2026-09-29 02:57:15Z INFO ActionCommandManager] Register action command extension for command internal-set-repo-path
[2026-09-29 02:57:15Z INFO ActionCommandManager] Register action command extension for command set-env
[2026-09-29 02:57:15Z INFO ActionCommandManager] Register action command extension for command set-output
[2026-09-29 02:57:15Z INFO ActionCommandManager] Register action command extension for command save-state
[2026-09-29 02:57:15Z INFO ActionCommandManager] Register action command extension for command add-path
[2026-09-29 02:57:15Z INFO ActionCommandManager] Register action command extension for command add-mask
[2026-09-29 02:57:15Z INFO ActionCommandManager] Register action command extension for command add-matcher
[2026-09-29 02:57:15Z INFO ActionCommandManager] Register action command extension for command remove-matcher
[2026-09-29 02:57:15Z INFO ActionCommandManager] Register action command extension for command warning
[2026-09-29 02:57:15Z INFO ActionCommandManager] Register action command extension for command error
[2026-09-29 02:57:15Z INFO ActionCommandManager] Register action command extension for command notice
[2026-09-29 02:57:15Z INFO ActionCommandManager] Register action command extension for command debug
[2026-09-29 02:57:15Z INFO ActionCommandManager] Register action command extension for command group
[2026-09-29 02:57:15Z INFO ActionCommandManager] Register action command extension for command endgroup
[2026-09-29 02:57:15Z INFO ActionCommandManager] Register action command extension for command echo
[2026-09-29 02:57:15Z INFO HostContext] Well known directory 'Bin': 'C:\Devops_training\DevOpsCICDProject\actions-runner\bin'
[2026-09-29 02:57:15Z INFO HostContext] Well known directory 'Root': 'C:\Devops_training\DevOpsCICDProject\actions-runner'
[2026-09-29 02:57:15Z INFO HostContext] Well known directory 'Externals': 'C:\Devops_training\DevOpsCICDProject\actions-runner\externals'
[2026-09-29 02:57:15Z INFO ProcessInvokerWrapper] Starting process:
[2026-09-29 02:57:15Z INFO ProcessInvokerWrapper]   File name: 'C:\Devops_training\DevOpsCICDProject\actions-runner\externals\node24\bin\node.exe'
[2026-09-29 02:57:15Z INFO ProcessInvokerWrapper]   Arguments: '"C:\Devops_training\DevOpsCICDProject\actions-runner\_work\_actions\actions\checkout\v4\dist/index.js"'
[2026-09-29 02:57:15Z INFO ProcessInvokerWrapper]   Working directory: 'C:\Devops_training\DevOpsCICDProject\actions-runner\_work\DevOpsCICDProject\DevOpsCICDProject'
[2026-09-29 02:57:15Z INFO ProcessInvokerWrapper]   Require exit code zero: 'False'
[2026-09-29 02:57:15Z INFO ProcessInvokerWrapper]   Encoding web name: utf-8 ; code page: '65001'
[2026-09-29 02:57:15Z INFO ProcessInvokerWrapper]   Force kill process on cancellation: 'False'
[2026-09-29 02:57:15Z INFO ProcessInvokerWrapper]   Redirected STDIN: 'False'
[2026-09-29 02:57:15Z INFO ProcessInvokerWrapper]   Persist current code page: 'True'
[2026-09-29 02:57:15Z INFO ProcessInvokerWrapper]   Keep redirected STDIN open: 'False'
[2026-09-29 02:57:15Z INFO ProcessInvokerWrapper]   High priority process: 'False'
[2026-09-29 02:57:15Z INFO JobServerQueue] Try to append 1 batches web console lines for record '4dbb64a1-7d89-4a64-881b-132e40c27aa2', success rate: 1/1.
[2026-09-29 02:57:18Z INFO JobServerQueue] Tried to upload 1 file(s) to results, success rate: 1/1.
[2026-09-29 02:57:19Z INFO ProcessInvokerWrapper] Process started with process id 1456, waiting for process exit.
[2026-09-29 02:57:20Z INFO AddMaskCommandExtension] Add new secret mask with length of 524
[2026-09-29 02:57:20Z INFO JobServerQueue] Try to append 1 batches web console lines for record '4dbb64a1-7d89-4a64-881b-132e40c27aa2', success rate: 1/1.
[2026-09-29 02:57:20Z INFO JobServerQueue] Try to append 1 batches web console lines for record '4dbb64a1-7d89-4a64-881b-132e40c27aa2', success rate: 1/1.
[2026-09-29 02:57:20Z INFO JobServerQueue] Try to append 1 batches web console lines for record '4dbb64a1-7d89-4a64-881b-132e40c27aa2', success rate: 1/1.
[2026-09-29 02:57:21Z INFO JobServerQueue] Try to append 1 batches web console lines for record '4dbb64a1-7d89-4a64-881b-132e40c27aa2', success rate: 1/1.
[2026-09-29 02:57:22Z INFO JobServerQueue] Try to append 1 batches web console lines for record '4dbb64a1-7d89-4a64-881b-132e40c27aa2', success rate: 1/1.
[2026-09-29 02:57:23Z INFO JobServerQueue] Try to append 1 batches web console lines for record '4dbb64a1-7d89-4a64-881b-132e40c27aa2', success rate: 1/1.
[2026-09-29 02:57:23Z INFO JobServerQueue] Try to append 1 batches web console lines for record '4dbb64a1-7d89-4a64-881b-132e40c27aa2', success rate: 1/1.
[2026-09-29 02:57:24Z INFO JobServerQueue] Try to append 1 batches web console lines for record '4dbb64a1-7d89-4a64-881b-132e40c27aa2', success rate: 1/1.
[2026-09-29 02:57:24Z INFO HostContext] Well known directory 'Bin': 'C:\Devops_training\DevOpsCICDProject\actions-runner\bin'
[2026-09-29 02:57:24Z INFO HostContext] Well known directory 'Root': 'C:\Devops_training\DevOpsCICDProject\actions-runner'
[2026-09-29 02:57:24Z INFO HostContext] Well known directory 'Work': 'C:\Devops_training\DevOpsCICDProject\actions-runner\_work'
[2026-09-29 02:57:26Z INFO JobServerQueue] Try to append 1 batches web console lines for record '4dbb64a1-7d89-4a64-881b-132e40c27aa2', success rate: 1/1.
[2026-09-29 02:57:26Z INFO JobServerQueue] Try to append 1 batches web console lines for record '4dbb64a1-7d89-4a64-881b-132e40c27aa2', success rate: 1/1.
[2026-09-29 02:57:26Z INFO ProcessInvokerWrapper] STDOUT/STDERR stream read finished.
[2026-09-29 02:57:26Z INFO ProcessInvokerWrapper] STDOUT/STDERR stream read finished.
[2026-09-29 02:57:26Z INFO ProcessInvokerWrapper] Finished process 1456 with exit code 0, and elapsed time 00:00:11.4048005.
[2026-09-29 02:57:26Z INFO CreateStepSummaryCommand] Step Summary file (C:\Devops_training\DevOpsCICDProject\actions-runner\_work\_temp\_runner_file_commands\step_summary_fbbff551-34b1-42a1-8bca-ebe19babd2a0) is empty; skipping attachment upload
[2026-09-29 02:57:26Z INFO StepsRunner] Step result: 
[2026-09-29 02:57:26Z INFO ExecutionContext] Publish step telemetry for current step {
  "action": "actions/checkout",
  "ref": "v4",
  "type": "node24",
  "stage": "Main",
  "stepId": "4dbb64a1-7d89-4a64-881b-132e40c27aa2",
  "stepContextName": "__actions_checkout",
  "hasPreStep": false,
  "hasPostStep": true,
  "result": "succeeded",
  "errorMessages": [],
  "executionTimeInSeconds": 12,
  "startTime": "2026-09-29T02:57:14.8292909Z",
  "finishTime": "2026-09-29T02:57:26.5471058Z"
}.
[2026-09-29 02:57:26Z INFO StepsRunner] No need for updating job result with current step result 'Succeeded'.
[2026-09-29 02:57:26Z INFO StepsRunner] Current state: job state = ''
[2026-09-29 02:57:26Z INFO StepsRunner] Processing step: DisplayName='Build'
[2026-09-29 02:57:26Z INFO StepsRunner] Evaluating: success()
[2026-09-29 02:57:26Z INFO StepsRunner] Result: true
[2026-09-29 02:57:26Z INFO StepsRunner] Starting the step.
[2026-09-29 02:57:26Z INFO HostContext] Well known directory 'Bin': 'C:\Devops_training\DevOpsCICDProject\actions-runner\bin'
[2026-09-29 02:57:26Z INFO HostContext] Well known directory 'Root': 'C:\Devops_training\DevOpsCICDProject\actions-runner'
[2026-09-29 02:57:26Z INFO HostContext] Well known directory 'Work': 'C:\Devops_training\DevOpsCICDProject\actions-runner\_work'
[2026-09-29 02:57:26Z INFO StepsRunner] Which2: 'chcp'
[2026-09-29 02:57:26Z INFO StepsRunner] Location: 'C:\windows\system32\chcp.COM'
[2026-09-29 02:57:26Z INFO ProcessInvokerWrapper] Starting process:
[2026-09-29 02:57:26Z INFO ProcessInvokerWrapper]   File name: 'C:\windows\system32\chcp.COM'
[2026-09-29 02:57:26Z INFO ProcessInvokerWrapper]   Arguments: '65001'
[2026-09-29 02:57:26Z INFO ProcessInvokerWrapper]   Working directory: 'C:\Devops_training\DevOpsCICDProject\actions-runner\_work'
[2026-09-29 02:57:26Z INFO ProcessInvokerWrapper]   Require exit code zero: 'False'
[2026-09-29 02:57:26Z INFO ProcessInvokerWrapper]   Encoding web name:  ; code page: ''
[2026-09-29 02:57:26Z INFO ProcessInvokerWrapper]   Force kill process on cancellation: 'False'
[2026-09-29 02:57:26Z INFO ProcessInvokerWrapper]   Redirected STDIN: 'False'
[2026-09-29 02:57:26Z INFO ProcessInvokerWrapper]   Persist current code page: 'True'
[2026-09-29 02:57:26Z INFO ProcessInvokerWrapper]   Keep redirected STDIN open: 'False'
[2026-09-29 02:57:26Z INFO ProcessInvokerWrapper]   High priority process: 'False'
[2026-09-29 02:57:26Z INFO JobServerQueue] Try to append 1 batches web console lines for record '4dbb64a1-7d89-4a64-881b-132e40c27aa2', success rate: 1/1.
[2026-09-29 02:57:26Z INFO JobServerQueue] Try to append 1 batches web console lines for record '4f852431-2654-4ea8-b55b-3d5e052b850b', success rate: 1/1.
[2026-09-29 02:57:26Z INFO ProcessInvokerWrapper] Process started with process id 27792, waiting for process exit.
[2026-09-29 02:57:26Z INFO ProcessInvokerWrapper] STDOUT/STDERR stream read finished.
[2026-09-29 02:57:26Z INFO ProcessInvokerWrapper] STDOUT/STDERR stream read finished.
[2026-09-29 02:57:26Z INFO ProcessInvokerWrapper] Finished process 27792 with exit code 0, and elapsed time 00:00:00.0227629.
[2026-09-29 02:57:26Z INFO StepsRunner] Successfully returned to code page 65001 (UTF8)
[2026-09-29 02:57:26Z INFO HostContext] Well known directory 'Bin': 'C:\Devops_training\DevOpsCICDProject\actions-runner\bin'
[2026-09-29 02:57:26Z INFO HostContext] Well known directory 'Root': 'C:\Devops_training\DevOpsCICDProject\actions-runner'
[2026-09-29 02:57:26Z INFO HostContext] Well known directory 'Work': 'C:\Devops_training\DevOpsCICDProject\actions-runner\_work'
[2026-09-29 02:57:26Z INFO HostContext] Well known directory 'Temp': 'C:\Devops_training\DevOpsCICDProject\actions-runner\_work\_temp'
[2026-09-29 02:57:26Z INFO ExecutionContext] Write event payload to C:\Devops_training\DevOpsCICDProject\actions-runner\_work\_temp\_github_workflow\event.json
[2026-09-29 02:57:26Z INFO HostContext] Well known directory 'Bin': 'C:\Devops_training\DevOpsCICDProject\actions-runner\bin'
[2026-09-29 02:57:26Z INFO HostContext] Well known directory 'Root': 'C:\Devops_training\DevOpsCICDProject\actions-runner'
[2026-09-29 02:57:26Z INFO HostContext] Well known directory 'Work': 'C:\Devops_training\DevOpsCICDProject\actions-runner\_work'
[2026-09-29 02:57:26Z INFO HostContext] Well known directory 'Temp': 'C:\Devops_training\DevOpsCICDProject\actions-runner\_work\_temp'
[2026-09-29 02:57:26Z INFO ExtensionManager] Getting extensions for interface: 'GitHub.Runner.Worker.IFileCommandExtension'
[2026-09-29 02:57:26Z INFO ExtensionManager] Getting extensions for interface: 'GitHub.Runner.Worker.IActionCommandExtension'
[2026-09-29 02:57:26Z INFO ActionCommandManager] Register action command extension for command internal-set-repo-path
[2026-09-29 02:57:26Z INFO ActionCommandManager] Register action command extension for command set-env
[2026-09-29 02:57:26Z INFO ActionCommandManager] Register action command extension for command set-output
[2026-09-29 02:57:26Z INFO ActionCommandManager] Register action command extension for command save-state
[2026-09-29 02:57:26Z INFO ActionCommandManager] Register action command extension for command add-path
[2026-09-29 02:57:26Z INFO ActionCommandManager] Register action command extension for command add-mask
[2026-09-29 02:57:26Z INFO ActionCommandManager] Register action command extension for command add-matcher
[2026-09-29 02:57:26Z INFO ActionCommandManager] Register action command extension for command remove-matcher
[2026-09-29 02:57:26Z INFO ActionCommandManager] Register action command extension for command warning
[2026-09-29 02:57:26Z INFO ActionCommandManager] Register action command extension for command error
[2026-09-29 02:57:26Z INFO ActionCommandManager] Register action command extension for command notice
[2026-09-29 02:57:26Z INFO ActionCommandManager] Register action command extension for command debug
[2026-09-29 02:57:26Z INFO ActionCommandManager] Register action command extension for command group
[2026-09-29 02:57:26Z INFO ActionCommandManager] Register action command extension for command endgroup
[2026-09-29 02:57:26Z INFO ActionCommandManager] Register action command extension for command echo
[2026-09-29 02:57:26Z INFO ScriptHandler] Which2: 'pwsh'
[2026-09-29 02:57:26Z INFO ScriptHandler] pwsh: command not found. Make sure 'pwsh' is installed and its location included in the 'Path' environment variable.
[2026-09-29 02:57:26Z INFO ScriptHandler] Defaulting to powershell
[2026-09-29 02:57:26Z INFO ScriptHandler] Which2: 'powershell'
[2026-09-29 02:57:26Z INFO ScriptHandler] Location: 'C:\windows\System32\WindowsPowerShell\v1.0\powershell.EXE'
[2026-09-29 02:57:26Z INFO HostContext] Well known directory 'Bin': 'C:\Devops_training\DevOpsCICDProject\actions-runner\bin'
[2026-09-29 02:57:26Z INFO HostContext] Well known directory 'Root': 'C:\Devops_training\DevOpsCICDProject\actions-runner'
[2026-09-29 02:57:26Z INFO HostContext] Well known directory 'Work': 'C:\Devops_training\DevOpsCICDProject\actions-runner\_work'
[2026-09-29 02:57:26Z INFO HostContext] Well known directory 'Temp': 'C:\Devops_training\DevOpsCICDProject\actions-runner\_work\_temp'
[2026-09-29 02:57:26Z INFO ScriptHandler] Which2: 'pwsh'
[2026-09-29 02:57:26Z INFO ScriptHandler] pwsh: command not found. Make sure 'pwsh' is installed and its location included in the 'Path' environment variable.
[2026-09-29 02:57:26Z INFO ScriptHandler] Defaulting to powershell
[2026-09-29 02:57:26Z INFO ScriptHandler] Which2: 'powershell'
[2026-09-29 02:57:26Z INFO ScriptHandler] Location: 'C:\windows\System32\WindowsPowerShell\v1.0\powershell.EXE'
[2026-09-29 02:57:26Z INFO ProcessInvokerWrapper] Starting process:
[2026-09-29 02:57:26Z INFO ProcessInvokerWrapper]   File name: 'C:\windows\System32\WindowsPowerShell\v1.0\powershell.EXE'
[2026-09-29 02:57:26Z INFO ProcessInvokerWrapper]   Arguments: '-command ". 'C:\Devops_training\DevOpsCICDProject\actions-runner\_work\_temp\ee2628ef-b979-492c-88ce-be32251e794c.ps1'"'
[2026-09-29 02:57:26Z INFO ProcessInvokerWrapper]   Working directory: 'C:\Devops_training\DevOpsCICDProject\actions-runner\_work\DevOpsCICDProject\DevOpsCICDProject'
[2026-09-29 02:57:26Z INFO ProcessInvokerWrapper]   Require exit code zero: 'False'
[2026-09-29 02:57:26Z INFO ProcessInvokerWrapper]   Encoding web name:  ; code page: ''
[2026-09-29 02:57:26Z INFO ProcessInvokerWrapper]   Force kill process on cancellation: 'False'
[2026-09-29 02:57:26Z INFO ProcessInvokerWrapper]   Redirected STDIN: 'False'
[2026-09-29 02:57:26Z INFO ProcessInvokerWrapper]   Persist current code page: 'True'
[2026-09-29 02:57:26Z INFO ProcessInvokerWrapper]   Keep redirected STDIN open: 'False'
[2026-09-29 02:57:26Z INFO ProcessInvokerWrapper]   High priority process: 'False'
[2026-09-29 02:57:26Z INFO JobServerQueue] Got a step log file to send to results service.
[2026-09-29 02:57:26Z INFO JobServerQueue] Starting upload of step log file to results service ResultsLog, C:\Devops_training\DevOpsCICDProject\actions-runner\_diag\blocks\956b22fa-cb38-4272-9725-5b66954d8065_4dbb64a1-7d89-4a64-881b-132e40c27aa2.1
[2026-09-29 02:57:26Z INFO ProcessInvokerWrapper] Process started with process id 3036, waiting for process exit.
[2026-09-29 02:57:26Z INFO JobServerQueue] Try to append 1 batches web console lines for record '4f852431-2654-4ea8-b55b-3d5e052b850b', success rate: 1/1.
[2026-09-29 02:57:27Z INFO JobServerQueue] Try to upload 1 log files or attachments, success rate: 1/1.
[2026-09-29 02:57:27Z INFO JobServerQueue] Tried to upload 1 file(s) to results, success rate: 1/1.
[2026-09-29 02:57:28Z INFO ProcessInvokerWrapper] STDOUT/STDERR stream read finished.
[2026-09-29 02:57:28Z INFO ProcessInvokerWrapper] STDOUT/STDERR stream read finished.
[2026-09-29 02:57:28Z INFO ProcessInvokerWrapper] Finished process 3036 with exit code 0, and elapsed time 00:00:01.6210782.
[2026-09-29 02:57:28Z INFO CreateStepSummaryCommand] Step Summary file (C:\Devops_training\DevOpsCICDProject\actions-runner\_work\_temp\_runner_file_commands\step_summary_5f3549a6-2080-43e5-8314-365fea1b1d60) is empty; skipping attachment upload
[2026-09-29 02:57:28Z INFO StepsRunner] Step result: 
[2026-09-29 02:57:28Z INFO ExecutionContext] Publish step telemetry for current step {
  "action": "powershell",
  "type": "run",
  "stage": "Main",
  "stepId": "4f852431-2654-4ea8-b55b-3d5e052b850b",
  "stepContextName": "__run",
  "result": "succeeded",
  "errorMessages": [],
  "executionTimeInSeconds": 2,
  "startTime": "2026-09-29T02:57:26.5523123Z",
  "finishTime": "2026-09-29T02:57:28.3123804Z"
}.
[2026-09-29 02:57:28Z INFO StepsRunner] No need for updating job result with current step result 'Succeeded'.
[2026-09-29 02:57:28Z INFO StepsRunner] Current state: job state = ''
[2026-09-29 02:57:28Z INFO StepsRunner] Processing step: DisplayName='Post Checkout Code'
[2026-09-29 02:57:28Z INFO StepsRunner] Evaluating: always()
[2026-09-29 02:57:28Z INFO StepsRunner] Result: true
[2026-09-29 02:57:28Z INFO StepsRunner] Starting the step.
[2026-09-29 02:57:28Z INFO HostContext] Well known directory 'Bin': 'C:\Devops_training\DevOpsCICDProject\actions-runner\bin'
[2026-09-29 02:57:28Z INFO HostContext] Well known directory 'Root': 'C:\Devops_training\DevOpsCICDProject\actions-runner'
[2026-09-29 02:57:28Z INFO HostContext] Well known directory 'Work': 'C:\Devops_training\DevOpsCICDProject\actions-runner\_work'
[2026-09-29 02:57:28Z INFO StepsRunner] Which2: 'chcp'
[2026-09-29 02:57:28Z INFO StepsRunner] Location: 'C:\windows\system32\chcp.COM'
[2026-09-29 02:57:28Z INFO ProcessInvokerWrapper] Starting process:
[2026-09-29 02:57:28Z INFO ProcessInvokerWrapper]   File name: 'C:\windows\system32\chcp.COM'
[2026-09-29 02:57:28Z INFO ProcessInvokerWrapper]   Arguments: '65001'
[2026-09-29 02:57:28Z INFO ProcessInvokerWrapper]   Working directory: 'C:\Devops_training\DevOpsCICDProject\actions-runner\_work'
[2026-09-29 02:57:28Z INFO ProcessInvokerWrapper]   Require exit code zero: 'False'
[2026-09-29 02:57:28Z INFO ProcessInvokerWrapper]   Encoding web name:  ; code page: ''
[2026-09-29 02:57:28Z INFO ProcessInvokerWrapper]   Force kill process on cancellation: 'False'
[2026-09-29 02:57:28Z INFO ProcessInvokerWrapper]   Redirected STDIN: 'False'
[2026-09-29 02:57:28Z INFO ProcessInvokerWrapper]   Persist current code page: 'True'
[2026-09-29 02:57:28Z INFO ProcessInvokerWrapper]   Keep redirected STDIN open: 'False'
[2026-09-29 02:57:28Z INFO ProcessInvokerWrapper]   High priority process: 'False'
[2026-09-29 02:57:28Z INFO ProcessInvokerWrapper] Process started with process id 31732, waiting for process exit.
[2026-09-29 02:57:28Z INFO ProcessInvokerWrapper] STDOUT/STDERR stream read finished.
[2026-09-29 02:57:28Z INFO ProcessInvokerWrapper] STDOUT/STDERR stream read finished.
[2026-09-29 02:57:28Z INFO JobServerQueue] Try to append 1 batches web console lines for record '4f852431-2654-4ea8-b55b-3d5e052b850b', success rate: 1/1.
[2026-09-29 02:57:28Z INFO JobServerQueue] Try to append 1 batches web console lines for record 'd61b1c1a-158e-408a-b837-4423b41bc1e3', success rate: 1/1.
[2026-09-29 02:57:28Z INFO ProcessInvokerWrapper] Finished process 31732 with exit code 0, and elapsed time 00:00:00.0278123.
[2026-09-29 02:57:28Z INFO StepsRunner] Successfully returned to code page 65001 (UTF8)
[2026-09-29 02:57:28Z INFO HostContext] Well known directory 'Bin': 'C:\Devops_training\DevOpsCICDProject\actions-runner\bin'
[2026-09-29 02:57:28Z INFO HostContext] Well known directory 'Root': 'C:\Devops_training\DevOpsCICDProject\actions-runner'
[2026-09-29 02:57:28Z INFO HostContext] Well known directory 'Work': 'C:\Devops_training\DevOpsCICDProject\actions-runner\_work'
[2026-09-29 02:57:28Z INFO HostContext] Well known directory 'Actions': 'C:\Devops_training\DevOpsCICDProject\actions-runner\_work\_actions'
[2026-09-29 02:57:28Z INFO ActionManager] Load action that reference repository from 'C:\Devops_training\DevOpsCICDProject\actions-runner\_work\_actions\actions\checkout\v4'
[2026-09-29 02:57:28Z INFO HostContext] Well known directory 'Bin': 'C:\Devops_training\DevOpsCICDProject\actions-runner\bin'
[2026-09-29 02:57:28Z INFO HostContext] Well known directory 'Root': 'C:\Devops_training\DevOpsCICDProject\actions-runner'
[2026-09-29 02:57:28Z INFO HostContext] Well known directory 'Work': 'C:\Devops_training\DevOpsCICDProject\actions-runner\_work'
[2026-09-29 02:57:28Z INFO HostContext] Well known directory 'Actions': 'C:\Devops_training\DevOpsCICDProject\actions-runner\_work\_actions'
[2026-09-29 02:57:28Z INFO ActionManifestManagerLegacy] Loaded action.yml file: {
  "name": "Checkout",
  "description": "Checkout a Git repository at a particular version",
  "inputs": {
    "type": 2,
    "map": [
      {
        "key": {
          "type": 0,
          "file": 2,
          "line": 4,
          "col": 3,
          "lit": "repository"
        },
        "value": {
          "type": 3,
          "file": 2,
          "line": 6,
          "col": 14,
          "expr": "github.repository"
        }
      },
      {
        "key": {
          "type": 0,
          "file": 2,
          "line": 7,
          "col": 3,
          "lit": "ref"
        },
        "value": ""
      },
      {
        "key": {
          "type": 0,
          "file": 2,
          "line": 12,
          "col": 3,
          "lit": "token"
        },
        "value": {
          "type": 3,
          "file": 2,
          "line": 24,
          "col": 14,
          "expr": "github.token"
        }
      },
      {
        "key": {
          "type": 0,
          "file": 2,
          "line": 25,
          "col": 3,
          "lit": "ssh-key"
        },
        "value": ""
      },
      {
        "key": {
          "type": 0,
          "file": 2,
          "line": 37,
          "col": 3,
          "lit": "ssh-known-hosts"
        },
        "value": ""
      },
      {
        "key": {
          "type": 0,
          "file": 2,
          "line": 42,
          "col": 3,
          "lit": "ssh-strict"
        },
        "value": {
          "type": 0,
          "file": 2,
          "line": 47,
          "col": 14,
          "lit": "true"
        }
      },
      {
        "key": {
          "type": 0,
          "file": 2,
          "line": 48,
          "col": 3,
          "lit": "ssh-user"
        },
        "value": {
          "type": 0,
          "file": 2,
          "line": 51,
          "col": 14,
          "lit": "git"
        }
      },
      {
        "key": {
          "type": 0,
          "file": 2,
          "line": 52,
          "col": 3,
          "lit": "persist-credentials"
        },
        "value": {
          "type": 0,
          "file": 2,
          "line": 54,
          "col": 14,
          "lit": "true"
        }
      },
      {
        "key": {
          "type": 0,
          "file": 2,
          "line": 55,
          "col": 3,
          "lit": "path"
        },
        "value": ""
      },
      {
        "key": {
          "type": 0,
          "file": 2,
          "line": 57,
          "col": 3,
          "lit": "clean"
        },
        "value": {
          "type": 0,
          "file": 2,
          "line": 59,
          "col": 14,
          "lit": "true"
        }
      },
      {
        "key": {
          "type": 0,
          "file": 2,
          "line": 60,
          "col": 3,
          "lit": "filter"
        },
        "value": {
          "type": 0,
          "file": 2,
          "line": 64,
          "col": 14,
          "lit": ""
        }
      },
      {
        "key": {
          "type": 0,
          "file": 2,
          "line": 65,
          "col": 3,
          "lit": "sparse-checkout"
        },
        "value": {
          "type": 0,
          "file": 2,
          "line": 69,
          "col": 14,
          "lit": ""
        }
      },
      {
        "key": {
          "type": 0,
          "file": 2,
          "line": 70,
          "col": 3,
          "lit": "sparse-checkout-cone-mode"
        },
        "value": {
          "type": 0,
          "file": 2,
          "line": 73,
          "col": 14,
          "lit": "true"
        }
      },
      {
        "key": {
          "type": 0,
          "file": 2,
          "line": 74,
          "col": 3,
          "lit": "fetch-depth"
        },
        "value": {
          "type": 0,
          "file": 2,
          "line": 76,
          "col": 14,
          "lit": "1"
        }
      },
      {
        "key": {
          "type": 0,
          "file": 2,
          "line": 77,
          "col": 3,
          "lit": "fetch-tags"
        },
        "value": {
          "type": 0,
          "file": 2,
          "line": 79,
          "col": 14,
          "lit": "false"
        }
      },
      {
        "key": {
          "type": 0,
          "file": 2,
          "line": 80,
          "col": 3,
          "lit": "show-progress"
        },
        "value": {
          "type": 0,
          "file": 2,
          "line": 82,
          "col": 14,
          "lit": "true"
        }
      },
      {
        "key": {
          "type": 0,
          "file": 2,
          "line": 83,
          "col": 3,
          "lit": "lfs"
        },
        "value": {
          "type": 0,
          "file": 2,
          "line": 85,
          "col": 14,
          "lit": "false"
        }
      },
      {
        "key": {
          "type": 0,
          "file": 2,
          "line": 86,
          "col": 3,
          "lit": "submodules"
        },
        "value": {
          "type": 0,
          "file": 2,
          "line": 94,
          "col": 14,
          "lit": "false"
        }
      },
      {
        "key": {
          "type": 0,
          "file": 2,
          "line": 95,
          "col": 3,
          "lit": "set-safe-directory"
        },
        "value": {
          "type": 0,
          "file": 2,
          "line": 97,
          "col": 14,
          "lit": "true"
        }
      },
      {
        "key": {
          "type": 0,
          "file": 2,
          "line": 98,
          "col": 3,
          "lit": "github-server-url"
        },
        "value": ""
      },
      {
        "key": {
          "type": 0,
          "file": 2,
          "line": 101,
          "col": 3,
          "lit": "allow-unsafe-pr-checkout"
        },
        "value": {
          "type": 0,
          "file": 2,
          "line": 109,
          "col": 14,
          "lit": "false"
        }
      }
    ]
  },
  "execution": {
    "executionType": "nodeJS",
    "hasPre": false,
    "hasPost": true,
    "script": "dist/index.js",
    "pre": null,
    "post": "dist/index.js",
    "nodeVersion": "node20",
    "cleanupCondition": "always()",
    "initCondition": "always()"
  },
  "deprecated": null
}
[2026-09-29 02:57:28Z INFO ActionManager] Action pre node.js file: N/A.
[2026-09-29 02:57:28Z INFO ActionManager] Action node.js file: dist/index.js.
[2026-09-29 02:57:28Z INFO ActionManager] Action post node.js file: dist/index.js.
[2026-09-29 02:57:28Z INFO HostContext] Well known directory 'Bin': 'C:\Devops_training\DevOpsCICDProject\actions-runner\bin'
[2026-09-29 02:57:28Z INFO HostContext] Well known directory 'Root': 'C:\Devops_training\DevOpsCICDProject\actions-runner'
[2026-09-29 02:57:28Z INFO HostContext] Well known directory 'Work': 'C:\Devops_training\DevOpsCICDProject\actions-runner\_work'
[2026-09-29 02:57:28Z INFO HostContext] Well known directory 'Temp': 'C:\Devops_training\DevOpsCICDProject\actions-runner\_work\_temp'
[2026-09-29 02:57:28Z INFO ExecutionContext] Write event payload to C:\Devops_training\DevOpsCICDProject\actions-runner\_work\_temp\_github_workflow\event.json
[2026-09-29 02:57:28Z INFO HostContext] Well known directory 'Bin': 'C:\Devops_training\DevOpsCICDProject\actions-runner\bin'
[2026-09-29 02:57:28Z INFO HostContext] Well known directory 'Root': 'C:\Devops_training\DevOpsCICDProject\actions-runner'
[2026-09-29 02:57:28Z INFO HostContext] Well known directory 'Work': 'C:\Devops_training\DevOpsCICDProject\actions-runner\_work'
[2026-09-29 02:57:28Z INFO HostContext] Well known directory 'Temp': 'C:\Devops_training\DevOpsCICDProject\actions-runner\_work\_temp'
[2026-09-29 02:57:28Z INFO ExtensionManager] Getting extensions for interface: 'GitHub.Runner.Worker.IFileCommandExtension'
[2026-09-29 02:57:28Z INFO ActionManifestManagerLegacy] Input 'repository': default value evaluate result: {
  "type": 0,
  "file": 2,
  "line": 6,
  "col": 14,
  "lit": "Prabhatkumarkhemariya/DevOpsCICDProject"
}
[2026-09-29 02:57:28Z INFO ActionManifestManagerLegacy] Input 'ref': default value evaluate result: ""
[2026-09-29 02:57:28Z INFO ActionManifestManagerLegacy] Input 'token': default value evaluate result: {
  "type": 0,
  "file": 2,
  "line": 24,
  "col": 14,
  "lit": "***"
}
[2026-09-29 02:57:28Z INFO ActionManifestManagerLegacy] Input 'ssh-key': default value evaluate result: ""
[2026-09-29 02:57:28Z INFO ActionManifestManagerLegacy] Input 'ssh-known-hosts': default value evaluate result: ""
[2026-09-29 02:57:28Z INFO ActionManifestManagerLegacy] Input 'ssh-strict': default value evaluate result: {
  "type": 0,
  "file": 2,
  "line": 47,
  "col": 14,
  "lit": "true"
}
[2026-09-29 02:57:28Z INFO ActionManifestManagerLegacy] Input 'ssh-user': default value evaluate result: {
  "type": 0,
  "file": 2,
  "line": 51,
  "col": 14,
  "lit": "git"
}
[2026-09-29 02:57:28Z INFO ActionManifestManagerLegacy] Input 'persist-credentials': default value evaluate result: {
  "type": 0,
  "file": 2,
  "line": 54,
  "col": 14,
  "lit": "true"
}
[2026-09-29 02:57:28Z INFO ActionManifestManagerLegacy] Input 'path': default value evaluate result: ""
[2026-09-29 02:57:28Z INFO ActionManifestManagerLegacy] Input 'clean': default value evaluate result: {
  "type": 0,
  "file": 2,
  "line": 59,
  "col": 14,
  "lit": "true"
}
[2026-09-29 02:57:28Z INFO ActionManifestManagerLegacy] Input 'filter': default value evaluate result: {
  "type": 0,
  "file": 2,
  "line": 64,
  "col": 14,
  "lit": ""
}
[2026-09-29 02:57:28Z INFO ActionManifestManagerLegacy] Input 'sparse-checkout': default value evaluate result: {
  "type": 0,
  "file": 2,
  "line": 69,
  "col": 14,
  "lit": ""
}
[2026-09-29 02:57:28Z INFO ActionManifestManagerLegacy] Input 'sparse-checkout-cone-mode': default value evaluate result: {
  "type": 0,
  "file": 2,
  "line": 73,
  "col": 14,
  "lit": "true"
}
[2026-09-29 02:57:28Z INFO ActionManifestManagerLegacy] Input 'fetch-depth': default value evaluate result: {
  "type": 0,
  "file": 2,
  "line": 76,
  "col": 14,
  "lit": "1"
}
[2026-09-29 02:57:28Z INFO ActionManifestManagerLegacy] Input 'fetch-tags': default value evaluate result: {
  "type": 0,
  "file": 2,
  "line": 79,
  "col": 14,
  "lit": "false"
}
[2026-09-29 02:57:28Z INFO ActionManifestManagerLegacy] Input 'show-progress': default value evaluate result: {
  "type": 0,
  "file": 2,
  "line": 82,
  "col": 14,
  "lit": "true"
}
[2026-09-29 02:57:28Z INFO ActionManifestManagerLegacy] Input 'lfs': default value evaluate result: {
  "type": 0,
  "file": 2,
  "line": 85,
  "col": 14,
  "lit": "false"
}
[2026-09-29 02:57:28Z INFO ActionManifestManagerLegacy] Input 'submodules': default value evaluate result: {
  "type": 0,
  "file": 2,
  "line": 94,
  "col": 14,
  "lit": "false"
}
[2026-09-29 02:57:28Z INFO ActionManifestManagerLegacy] Input 'set-safe-directory': default value evaluate result: {
  "type": 0,
  "file": 2,
  "line": 97,
  "col": 14,
  "lit": "true"
}
[2026-09-29 02:57:28Z INFO ActionManifestManagerLegacy] Input 'github-server-url': default value evaluate result: ""
[2026-09-29 02:57:28Z INFO ActionManifestManagerLegacy] Input 'allow-unsafe-pr-checkout': default value evaluate result: {
  "type": 0,
  "file": 2,
  "line": 109,
  "col": 14,
  "lit": "false"
}
[2026-09-29 02:57:28Z INFO ExtensionManager] Getting extensions for interface: 'GitHub.Runner.Worker.IActionCommandExtension'
[2026-09-29 02:57:28Z INFO ActionCommandManager] Register action command extension for command internal-set-repo-path
[2026-09-29 02:57:28Z INFO ActionCommandManager] Register action command extension for command set-env
[2026-09-29 02:57:28Z INFO ActionCommandManager] Register action command extension for command set-output
[2026-09-29 02:57:28Z INFO ActionCommandManager] Register action command extension for command save-state
[2026-09-29 02:57:28Z INFO ActionCommandManager] Register action command extension for command add-path
[2026-09-29 02:57:28Z INFO ActionCommandManager] Register action command extension for command add-mask
[2026-09-29 02:57:28Z INFO ActionCommandManager] Register action command extension for command add-matcher
[2026-09-29 02:57:28Z INFO ActionCommandManager] Register action command extension for command remove-matcher
[2026-09-29 02:57:28Z INFO ActionCommandManager] Register action command extension for command warning
[2026-09-29 02:57:28Z INFO ActionCommandManager] Register action command extension for command error
[2026-09-29 02:57:28Z INFO ActionCommandManager] Register action command extension for command notice
[2026-09-29 02:57:28Z INFO ActionCommandManager] Register action command extension for command debug
[2026-09-29 02:57:28Z INFO ActionCommandManager] Register action command extension for command group
[2026-09-29 02:57:28Z INFO ActionCommandManager] Register action command extension for command endgroup
[2026-09-29 02:57:28Z INFO ActionCommandManager] Register action command extension for command echo
[2026-09-29 02:57:28Z INFO HostContext] Well known directory 'Bin': 'C:\Devops_training\DevOpsCICDProject\actions-runner\bin'
[2026-09-29 02:57:28Z INFO HostContext] Well known directory 'Root': 'C:\Devops_training\DevOpsCICDProject\actions-runner'
[2026-09-29 02:57:28Z INFO HostContext] Well known directory 'Externals': 'C:\Devops_training\DevOpsCICDProject\actions-runner\externals'
[2026-09-29 02:57:28Z INFO ProcessInvokerWrapper] Starting process:
[2026-09-29 02:57:28Z INFO ProcessInvokerWrapper]   File name: 'C:\Devops_training\DevOpsCICDProject\actions-runner\externals\node24\bin\node.exe'
[2026-09-29 02:57:28Z INFO ProcessInvokerWrapper]   Arguments: '"C:\Devops_training\DevOpsCICDProject\actions-runner\_work\_actions\actions\checkout\v4\dist/index.js"'
[2026-09-29 02:57:28Z INFO ProcessInvokerWrapper]   Working directory: 'C:\Devops_training\DevOpsCICDProject\actions-runner\_work\DevOpsCICDProject\DevOpsCICDProject'
[2026-09-29 02:57:28Z INFO ProcessInvokerWrapper]   Require exit code zero: 'False'
[2026-09-29 02:57:28Z INFO ProcessInvokerWrapper]   Encoding web name: utf-8 ; code page: '65001'
[2026-09-29 02:57:28Z INFO ProcessInvokerWrapper]   Force kill process on cancellation: 'False'
[2026-09-29 02:57:28Z INFO ProcessInvokerWrapper]   Redirected STDIN: 'False'
[2026-09-29 02:57:28Z INFO ProcessInvokerWrapper]   Persist current code page: 'True'
[2026-09-29 02:57:28Z INFO ProcessInvokerWrapper]   Keep redirected STDIN open: 'False'
[2026-09-29 02:57:28Z INFO ProcessInvokerWrapper]   High priority process: 'False'
[2026-09-29 02:57:28Z INFO ProcessInvokerWrapper] Process started with process id 996, waiting for process exit.
[2026-09-29 02:57:28Z INFO JobServerQueue] Got a step log file to send to results service.
[2026-09-29 02:57:28Z INFO JobServerQueue] Starting upload of step log file to results service ResultsLog, C:\Devops_training\DevOpsCICDProject\actions-runner\_diag\blocks\956b22fa-cb38-4272-9725-5b66954d8065_4f852431-2654-4ea8-b55b-3d5e052b850b.1
[2026-09-29 02:57:28Z INFO JobServerQueue] Try to append 1 batches web console lines for record 'd61b1c1a-158e-408a-b837-4423b41bc1e3', success rate: 1/1.
[2026-09-29 02:57:28Z INFO JobServerQueue] Try to append 1 batches web console lines for record 'd61b1c1a-158e-408a-b837-4423b41bc1e3', success rate: 1/1.
[2026-09-29 02:57:29Z INFO AddMaskCommandExtension] Add new secret mask with length of 32
[2026-09-29 02:57:29Z INFO JobServerQueue] Try to upload 1 log files or attachments, success rate: 1/1.
[2026-09-29 02:57:29Z INFO JobServerQueue] Try to append 1 batches web console lines for record 'd61b1c1a-158e-408a-b837-4423b41bc1e3', success rate: 1/1.
[2026-09-29 02:57:29Z INFO JobServerQueue] Tried to upload 1 file(s) to results, success rate: 1/1.
[2026-09-29 02:57:29Z INFO JobServerQueue] Try to append 1 batches web console lines for record 'd61b1c1a-158e-408a-b837-4423b41bc1e3', success rate: 1/1.
[2026-09-29 02:57:31Z INFO JobServerQueue] Try to append 1 batches web console lines for record 'd61b1c1a-158e-408a-b837-4423b41bc1e3', success rate: 1/1.
[2026-09-29 02:57:32Z INFO JobServerQueue] Try to append 1 batches web console lines for record 'd61b1c1a-158e-408a-b837-4423b41bc1e3', success rate: 1/1.
[2026-09-29 02:57:33Z INFO ProcessInvokerWrapper] STDOUT/STDERR stream read finished.
[2026-09-29 02:57:33Z INFO ProcessInvokerWrapper] STDOUT/STDERR stream read finished.
[2026-09-29 02:57:33Z INFO ProcessInvokerWrapper] Finished process 996 with exit code 0, and elapsed time 00:00:05.2130645.
[2026-09-29 02:57:33Z INFO CreateStepSummaryCommand] Step Summary file (C:\Devops_training\DevOpsCICDProject\actions-runner\_work\_temp\_runner_file_commands\step_summary_bc19fbba-4d0d-448f-97b1-4502653c85f3) is empty; skipping attachment upload
[2026-09-29 02:57:33Z INFO StepsRunner] Step result: 
[2026-09-29 02:57:33Z INFO ExecutionContext] Publish step telemetry for current step {
  "action": "actions/checkout",
  "ref": "v4",
  "type": "node24",
  "stage": "Post",
  "stepId": "d61b1c1a-158e-408a-b837-4423b41bc1e3",
  "result": "succeeded",
  "errorMessages": [],
  "executionTimeInSeconds": 6,
  "startTime": "2026-09-29T02:57:28.3283148Z",
  "finishTime": "2026-09-29T02:57:33.6522382Z"
}.
[2026-09-29 02:57:33Z INFO StepsRunner] No need for updating job result with current step result 'Succeeded'.
[2026-09-29 02:57:33Z INFO StepsRunner] Current state: job state = ''
[2026-09-29 02:57:33Z INFO JobRunner] Finalize job.
[2026-09-29 02:57:33Z INFO HostContext] Well known directory 'Bin': 'C:\Devops_training\DevOpsCICDProject\actions-runner\bin'
[2026-09-29 02:57:33Z INFO HostContext] Well known directory 'Root': 'C:\Devops_training\DevOpsCICDProject\actions-runner'
[2026-09-29 02:57:33Z INFO HostContext] Well known directory 'Diag': 'C:\Devops_training\DevOpsCICDProject\actions-runner\_diag'
[2026-09-29 02:57:33Z INFO HostContext] Well known directory 'Bin': 'C:\Devops_training\DevOpsCICDProject\actions-runner\bin'
[2026-09-29 02:57:33Z INFO HostContext] Well known directory 'Root': 'C:\Devops_training\DevOpsCICDProject\actions-runner'
[2026-09-29 02:57:33Z INFO HostContext] Well known directory 'Diag': 'C:\Devops_training\DevOpsCICDProject\actions-runner\_diag'
[2026-09-29 02:57:33Z INFO JobExtension] Initialize Env context
[2026-09-29 02:57:33Z INFO JobExtension] Initialize steps context
[2026-09-29 02:57:33Z INFO JobExtension] Support log upload starting.
[2026-09-29 02:57:33Z INFO HostContext] Well known directory 'Bin': 'C:\Devops_training\DevOpsCICDProject\actions-runner\bin'
[2026-09-29 02:57:33Z INFO HostContext] Well known directory 'Root': 'C:\Devops_training\DevOpsCICDProject\actions-runner'
[2026-09-29 02:57:33Z INFO HostContext] Well known directory 'Work': 'C:\Devops_training\DevOpsCICDProject\actions-runner\_work'
[2026-09-29 02:57:33Z INFO HostContext] Well known directory 'Temp': 'C:\Devops_training\DevOpsCICDProject\actions-runner\_work\_temp'
[2026-09-29 02:57:33Z INFO HostContext] Well known directory 'Bin': 'C:\Devops_training\DevOpsCICDProject\actions-runner\bin'
[2026-09-29 02:57:33Z INFO HostContext] Well known directory 'Root': 'C:\Devops_training\DevOpsCICDProject\actions-runner'
[2026-09-29 02:57:33Z INFO HostContext] Well known directory 'Diag': 'C:\Devops_training\DevOpsCICDProject\actions-runner\_diag'
[2026-09-29 02:57:33Z INFO HostContext] Well known directory 'Bin': 'C:\Devops_training\DevOpsCICDProject\actions-runner\bin'
[2026-09-29 02:57:33Z INFO HostContext] Well known directory 'Root': 'C:\Devops_training\DevOpsCICDProject\actions-runner'
[2026-09-29 02:57:33Z INFO HostContext] Well known directory 'Diag': 'C:\Devops_training\DevOpsCICDProject\actions-runner\_diag'
[2026-09-29 02:57:33Z INFO JobServerQueue] Try to append 1 batches web console lines for record 'd61b1c1a-158e-408a-b837-4423b41bc1e3', success rate: 1/1.
[2026-09-29 02:57:33Z INFO JobServerQueue] Try to append 1 batches web console lines for record 'b5ed0aaa-b656-4739-af4d-bacfc7dfbd73', success rate: 1/1.
[2026-09-29 02:57:33Z INFO JobExtension] Support log upload complete.
[2026-09-29 02:57:33Z INFO JobExtension] Total accessible running process: 350.
[2026-09-29 02:57:33Z INFO JobExtension] Inspecting process environment variables. PID: 19128 (terraform-ls)
[2026-09-29 02:57:33Z INFO JobExtension] Inspecting process environment variables. PID: 5640 (conhost)
[2026-09-29 02:57:33Z INFO JobExtension] Inspecting process environment variables. PID: 16008 (git)
[2026-09-29 02:57:33Z INFO JobExtension] Inspecting process environment variables. PID: 26052 (conhost)
[2026-09-29 02:57:33Z INFO JobExtension] Inspecting process environment variables. PID: 18236 (git)
[2026-09-29 02:57:33Z INFO JobExtension] Inspecting process environment variables. PID: 14800 (conhost)
[2026-09-29 02:57:33Z INFO JobExtension] Wait for all connectivity checks to finish.
[2026-09-29 02:57:33Z INFO JobExtension] Connectivity check result: {
  "endpointUrl": "https://broker.actions.githubusercontent.com/health",
  "endpointIPs": null,
  "startTime": "2026-09-29T02:57:14.7731388Z",
  "statusCode": "http_OK",
  "requestId": "7A36:24E3EC:115493:129FF0:6ABB290B",
  "httpRequestDurationInMs": 729,
  "dnsResolutionDurationInMs": 0,
  "dnsError": null
}
[2026-09-29 02:57:33Z INFO JobExtension] Connectivity check result: {
  "endpointUrl": "https://token.actions.githubusercontent.com/ready",
  "endpointIPs": null,
  "startTime": "2026-09-29T02:57:14.7759514Z",
  "statusCode": "http_NoContent",
  "requestId": "0B06:1FB161:4CB9D2:608236:6ABB290B",
  "httpRequestDurationInMs": 867,
  "dnsResolutionDurationInMs": 0,
  "dnsError": null
}
[2026-09-29 02:57:33Z INFO JobExtension] Connectivity check result: {
  "endpointUrl": "https://run.actions.githubusercontent.com/health",
  "endpointIPs": null,
  "startTime": "2026-09-29T02:57:14.7766823Z",
  "statusCode": "http_OK",
  "requestId": "4B33:32321C:10FCB6:1247B9:6ABB290B",
  "httpRequestDurationInMs": 729,
  "dnsResolutionDurationInMs": 0,
  "dnsError": null
}
[2026-09-29 02:57:33Z INFO ExecutionContext] Publish step telemetry for current step {
  "action": "complete_job",
  "type": "runner",
  "stage": "Post",
  "stepId": "b5ed0aaa-b656-4739-af4d-bacfc7dfbd73",
  "result": "succeeded",
  "errorMessages": [
    "Node.js 20 is deprecated. The following actions target Node.js 20 but are being forced to run on Node.js 24: actions/checkout@v4. For more information see: https://github.blog/changelog/2025-09-19-deprecation-of-node-20-on-github-actions-runners/"
  ],
  "executionTimeInSeconds": 1,
  "startTime": "2026-09-29T02:57:33.7056245Z",
  "finishTime": "2026-09-29T02:57:33.9456653Z"
}.
[2026-09-29 02:57:33Z INFO JobRunner] Job result after all job steps finish: Succeeded
[2026-09-29 02:57:33Z INFO JobRunner] Completing the job execution context.
[2026-09-29 02:57:33Z INFO JobRunner] Shutting down the job server queue.
[2026-09-29 02:57:33Z INFO JobServerQueue] Fire signal to shutdown all queues.
[2026-09-29 02:57:34Z INFO JobServerQueue] All queue process task stopped.
[2026-09-29 02:57:34Z INFO JobServerQueue] Try to append 1 batches web console lines for record 'b5ed0aaa-b656-4739-af4d-bacfc7dfbd73', success rate: 1/1.
[2026-09-29 02:57:34Z INFO JobServerQueue] Try to append 1 batches web console lines for record '14b182fb-dd0a-599b-836d-ff6d9163c5ec', success rate: 1/1.
[2026-09-29 02:57:34Z INFO JobServerQueue] Web console line queue drained.
[2026-09-29 02:57:34Z INFO JobServerQueue] Uploading 5 files in one shot.
[2026-09-29 02:57:34Z INFO JobServerQueue] Try to upload 5 log files or attachments, success rate: 5/5.
[2026-09-29 02:57:34Z INFO JobServerQueue] File upload queue drained.
[2026-09-29 02:57:34Z INFO JobServerQueue] Starting results-based upload queue...
[2026-09-29 02:57:34Z INFO JobServerQueue] Uploading 4 file(s) in one shot through results service.
[2026-09-29 02:57:34Z INFO JobServerQueue] Got a step log file to send to results service.
[2026-09-29 02:57:34Z INFO JobServerQueue] Starting upload of step log file to results service ResultsLog, C:\Devops_training\DevOpsCICDProject\actions-runner\_diag\blocks\956b22fa-cb38-4272-9725-5b66954d8065_d61b1c1a-158e-408a-b837-4423b41bc1e3.1
[2026-09-29 02:57:35Z INFO JobServerQueue] Starting to upload diagnostic logs file to results service Build UnknownBuildNumber-Build.zip, C:\Devops_training\DevOpsCICDProject\actions-runner\_work\_temp\__default-support\Build UnknownBuildNumber-Build.zip
[2026-09-29 02:57:36Z INFO JobServerQueue] Got a step log file to send to results service.
[2026-09-29 02:57:36Z INFO JobServerQueue] Starting upload of step log file to results service ResultsLog, C:\Devops_training\DevOpsCICDProject\actions-runner\_diag\blocks\956b22fa-cb38-4272-9725-5b66954d8065_b5ed0aaa-b656-4739-af4d-bacfc7dfbd73.1
[2026-09-29 02:57:36Z INFO JobServerQueue] Got a job log file to send to results service.
[2026-09-29 02:57:36Z INFO JobServerQueue] Starting upload of job log file to results service ResultsLog, C:\Devops_training\DevOpsCICDProject\actions-runner\_diag\blocks\956b22fa-cb38-4272-9725-5b66954d8065_14b182fb-dd0a-599b-836d-ff6d9163c5ec.1
[2026-09-29 02:57:37Z INFO JobServerQueue] Tried to upload 4 file(s) to results, success rate: 4/4.
[2026-09-29 02:57:37Z INFO JobServerQueue] Results upload queue drained.
[2026-09-29 02:57:38Z INFO JobServerQueue] Timeline update queue drained.
[2026-09-29 02:57:38Z INFO JobServerQueue] Disposing job server ...
[2026-09-29 02:57:38Z INFO JobServerQueue] Disposing results server ...
[2026-09-29 02:57:38Z INFO JobServerQueue] All queue process tasks have been stopped, and all queues are drained.
[2026-09-29 02:57:38Z INFO TempDirectoryManager] Cleaning runner temp folder: C:\Devops_training\DevOpsCICDProject\actions-runner\_work\_temp
[2026-09-29 02:57:38Z INFO HostContext] Well known directory 'Bin': 'C:\Devops_training\DevOpsCICDProject\actions-runner\bin'
[2026-09-29 02:57:38Z INFO HostContext] Well known directory 'Root': 'C:\Devops_training\DevOpsCICDProject\actions-runner'
[2026-09-29 02:57:38Z INFO HostContext] Well known directory 'Diag': 'C:\Devops_training\DevOpsCICDProject\actions-runner\_diag'
[2026-09-29 02:57:38Z INFO HostContext] Well known config file 'Telemetry': 'C:\Devops_training\DevOpsCICDProject\actions-runner\_diag\.telemetry'
[2026-09-29 02:57:38Z INFO JobRunner] Raising job completed against run service
[2026-09-29 02:57:39Z INFO Worker] Job completed.
