[2026-09-30 10:21:39Z INFO HostContext] No proxy settings were found based on environmental variables (http_proxy/https_proxy/HTTP_PROXY/HTTPS_PROXY)
[2026-09-30 10:21:39Z INFO HostContext] Well known directory 'Bin': 'C:\Devops_training\DevOpsCICDProject\actions-runner\bin'
[2026-09-30 10:21:39Z INFO HostContext] Well known directory 'Root': 'C:\Devops_training\DevOpsCICDProject\actions-runner'
[2026-09-30 10:21:39Z INFO HostContext] Well known config file 'Credentials': 'C:\Devops_training\DevOpsCICDProject\actions-runner\.credentials'
[2026-09-30 10:21:39Z INFO HostContext] Well known directory 'Bin': 'C:\Devops_training\DevOpsCICDProject\actions-runner\bin'
[2026-09-30 10:21:39Z INFO HostContext] Well known directory 'Root': 'C:\Devops_training\DevOpsCICDProject\actions-runner'
[2026-09-30 10:21:39Z INFO HostContext] Well known config file 'Runner': 'C:\Devops_training\DevOpsCICDProject\actions-runner\.runner'
[2026-09-30 10:21:39Z INFO Worker] Version: 2.337.0
[2026-09-30 10:21:39Z INFO Worker] Commit: 397b032cbf865e9c3ddfab89d533ec19325e1273
[2026-09-30 10:21:39Z INFO Worker] Culture: en-IN
[2026-09-30 10:21:39Z INFO Worker] UI Culture: en-US
[2026-09-30 10:21:39Z INFO Worker] Waiting to receive the job message from the channel.
[2026-09-30 10:21:39Z INFO ProcessChannel] Receiving message of length 27230, with hash 'ebeb697813ddfe668f61874a2bc570020fa9cd00510a55938b884b86c34f4921'
[2026-09-30 10:21:39Z INFO Worker] Message received.
[2026-09-30 10:21:39Z INFO Worker] Job message:
 {
  "fileTable": [
    ".github/workflows/pipeline.yaml"
  ],
  "mask": [
    {
      "type": "regex",
      "value": "***"
    },
    {
      "type": "regex",
      "value": "***"
    },
    {
      "type": "regex",
      "value": "***"
    },
    {
      "type": "regex",
      "value": "***"
    },
    {
      "type": "regex",
      "value": "***"
    },
    {
      "type": "regex",
      "value": "***"
    },
    {
      "type": "regex",
      "value": "***"
    },
    {
      "type": "regex",
      "value": "***"
    },
    {
      "type": "regex",
      "value": "***"
    },
    {
      "type": "regex",
      "value": "***"
    },
    {
      "type": "regex",
      "value": "***"
    },
    {
      "type": "regex",
      "value": "***"
    },
    {
      "type": "regex",
      "value": "***"
    },
    {
      "type": "regex",
      "value": "***"
    },
    {
      "type": "regex",
      "value": "***"
    },
    {
      "type": "regex",
      "value": "***"
    },
    {
      "type": "regex",
      "value": "***"
    },
    {
      "type": "regex",
      "value": "***"
    },
    {
      "type": "regex",
      "value": "***"
    },
    {
      "type": "regex",
      "value": "***"
    },
    {
      "type": "regex",
      "value": "***"
    },
    {
      "type": "regex",
      "value": "***"
    },
    {
      "type": "regex",
      "value": "***"
    },
    {
      "type": "regex",
      "value": "***"
    }
  ],
  "steps": [
    {
      "type": "action",
      "reference": {
        "type": "repository",
        "name": "actions/checkout",
        "ref": "v4",
        "repositoryType": "GitHub"
      },
      "displayNameToken": {
        "type": 0,
        "file": 1,
        "line": 14,
        "col": 15,
        "lit": "Checkout Code"
      },
      "contextName": "__actions_checkout",
      "condition": "success()",
      "id": "f92fcf95-ea28-44aa-bbfe-7d5637923d79",
      "name": "__actions_checkout"
    },
    {
      "type": "action",
      "reference": {
        "type": "script"
      },
      "displayNameToken": {
        "type": 0,
        "file": 1,
        "line": 16,
        "col": 15,
        "lit": "Check Workspace"
      },
      "contextName": "__run",
      "inputs": {
        "type": 2,
        "map": [
          {
            "key": "script",
            "value": {
              "type": 0,
              "file": 1,
              "line": 17,
              "col": 14,
              "lit": "Write-Host \"Current directory:\"\nGet-Location\n\nWrite-Host \"Files in current directory:\"\nGet-ChildItem\n\nWrite-Host \"Searching for Dockerfile:\"\nGet-ChildItem -Path . -Filter Dockerfile -Recurse\n"
            }
          }
        ]
      },
      "condition": "success()",
      "id": "3788a927-a8bf-4021-a215-f99b83f55cdf",
      "name": "__run"
    },
    {
      "type": "action",
      "reference": {
        "type": "script"
      },
      "displayNameToken": {
        "type": 0,
        "file": 1,
        "line": 26,
        "col": 15,
        "lit": "Check Docker Secrets"
      },
      "contextName": "__run_2",
      "inputs": {
        "type": 2,
        "map": [
          {
            "key": "script",
            "value": {
              "type": 3,
              "file": 1,
              "line": 27,
              "col": 14,
              "expr": "format('if ([string]::IsNullOrEmpty(\"{0}\")) {{\n  Write-Host \"DOCKERHUB_USERNAME is EMPTY\"\n}} else {{\n  Write-Host \"DOCKERHUB_USERNAME is available\"\n}}\nif ([string]::IsNullOrEmpty(\"{1}\")) {{\n  Write-Host \"DOCKERHUB_TOKEN is EMPTY\"\n}} else {{\n  Write-Host \"DOCKERHUB_TOKEN is available\"\n}}\n', secrets.DOCKERHUB_USERNAME, secrets.DOCKERHUB_TOKEN)"
            }
          }
        ]
      },
      "condition": "success()",
      "id": "b4b6655c-eace-4179-af90-02dcd1872d54",
      "name": "__run_2"
    },
    {
      "type": "action",
      "reference": {
        "type": "script"
      },
      "displayNameToken": {
        "type": 0,
        "file": 1,
        "line": 41,
        "col": 15,
        "lit": "Docker Login"
      },
      "contextName": "__run_3",
      "inputs": {
        "type": 2,
        "map": [
          {
            "key": "script",
            "value": {
              "type": 3,
              "file": 1,
              "line": 42,
              "col": 14,
              "expr": "format('echo \"{0}\" | docker login -u \"{1}\" --password-stdin\n', secrets.DOCKERHUB_TOKEN, secrets.DOCKERHUB_USERNAME)"
            }
          }
        ]
      },
      "condition": "success()",
      "id": "23778c0e-445e-4063-a86b-8234482c82e7",
      "name": "__run_3"
    },
    {
      "type": "action",
      "reference": {
        "type": "script"
      },
      "displayNameToken": {
        "type": 0,
        "file": 1,
        "line": 46,
        "col": 15,
        "lit": "Build Docker Image"
      },
      "contextName": "__run_4",
      "inputs": {
        "type": 2,
        "map": [
          {
            "key": "script",
            "value": {
              "type": 3,
              "file": 1,
              "line": 47,
              "col": 14,
              "expr": "format('docker build -t ***/devops-app:{0} .\n', github.run_number)"
            }
          }
        ]
      },
      "condition": "success()",
      "id": "a212e6d0-98f0-4677-9874-2d126a8d3d9a",
      "name": "__run_4"
    },
    {
      "type": "action",
      "reference": {
        "type": "script"
      },
      "displayNameToken": {
        "type": 0,
        "file": 1,
        "line": 51,
        "col": 15,
        "lit": "Push Docker Image"
      },
      "contextName": "__run_5",
      "inputs": {
        "type": 2,
        "map": [
          {
            "key": "script",
            "value": {
              "type": 3,
              "file": 1,
              "line": 52,
              "col": 14,
              "expr": "format('docker push ***/devops-app:{0}\n', github.run_number)"
            }
          }
        ]
      },
      "condition": "success()",
      "id": "53c115ad-dd3c-4f80-84ac-141284def72b",
      "name": "__run_5"
    },
    {
      "type": "action",
      "reference": {
        "type": "script"
      },
      "displayNameToken": {
        "type": 0,
        "file": 1,
        "line": 56,
        "col": 15,
        "lit": "Deploy to Kubernetes"
      },
      "contextName": "__run_6",
      "inputs": {
        "type": 2,
        "map": [
          {
            "key": "script",
            "value": {
              "type": 3,
              "file": 1,
              "line": 57,
              "col": 14,
              "expr": "format('kubectl set image deployment/devops-app devops-app=***/devops-app:{0}\n', github.run_number)"
            }
          }
        ]
      },
      "condition": "success()",
      "id": "aead3f87-95d8-44cc-961e-22ea3ed21b49",
      "name": "__run_6"
    },
    {
      "type": "action",
      "reference": {
        "type": "script"
      },
      "displayNameToken": {
        "type": 0,
        "file": 1,
        "line": 61,
        "col": 15,
        "lit": "Wait for Deployment"
      },
      "contextName": "__run_7",
      "inputs": {
        "type": 2,
        "map": [
          {
            "key": "script",
            "value": {
              "type": 0,
              "file": 1,
              "line": 62,
              "col": 14,
              "lit": "kubectl rollout status deployment/devops-app --timeout=120s\n"
            }
          }
        ]
      },
      "condition": "success()",
      "id": "fdbba44b-f124-42b8-b23f-43ebe9194de6",
      "name": "__run_7"
    },
    {
      "type": "action",
      "reference": {
        "type": "script"
      },
      "displayNameToken": {
        "type": 0,
        "file": 1,
        "line": 66,
        "col": 15,
        "lit": "Verify Kubernetes Deployment"
      },
      "contextName": "__run_8",
      "inputs": {
        "type": 2,
        "map": [
          {
            "key": "script",
            "value": {
              "type": 0,
              "file": 1,
              "line": 67,
              "col": 14,
              "lit": "echo \"===== Deployment =====\"\nkubectl get deployment devops-app\n\necho \"===== Pods =====\"\nkubectl get pods -o wide\n\necho \"===== Services =====\"\nkubectl get svc\n"
            }
          }
        ]
      },
      "condition": "success()",
      "id": "cd6c8944-389e-4f04-86e6-f965bc156c22",
      "name": "__run_8"
    }
  ],
  "variables": {
    "ACTIONS_RUNNER_DEBUG": {
      "value": "true",
      "isSecret": true
    },
    "ACTIONS_STEP_DEBUG": {
      "value": "true",
      "isSecret": true
    },
    "Actions.EnableHttpRedirects": {
      "value": "true"
    },
    "DOCKERHUB_TOKEN": {
      "value": "***",
      "isSecret": true
    },
    "DOCKERHUB_USERNAME": {
      "value": "***",
      "isSecret": true
    },
    "DistributedTask.AddWarningToNode12Action": {
      "value": "true"
    },
    "DistributedTask.AddWarningToNode16Action": {
      "value": "true"
    },
    "DistributedTask.AllowRunnerContainerHooks": {
      "value": "true"
    },
    "DistributedTask.DeprecateStepOutputCommands": {
      "value": "true"
    },
    "DistributedTask.DetailUntarFailure": {
      "value": "true"
    },
    "DistributedTask.EnableCompositeActions": {
      "value": "true"
    },
    "DistributedTask.EnableJobServerQueueTelemetry": {
      "value": "true"
    },
    "DistributedTask.EnhancedAnnotations": {
      "value": "true"
    },
    "DistributedTask.ForceGithubJavascriptActionsToNode16": {
      "value": "true"
    },
    "DistributedTask.ForceGithubJavascriptActionsToNode20": {
      "value": "true"
    },
    "DistributedTask.LogTemplateErrorsAsDebugMessages": {
      "value": "true"
    },
    "DistributedTask.MarkJobAsFailedOnWorkerCrash": {
      "value": "true"
    },
    "DistributedTask.NewActionMetadata": {
      "value": "true"
    },
    "DistributedTask.UploadStepSummary": {
      "value": "true"
    },
    "DistributedTask.UseActionArchiveCache": {
      "value": "true"
    },
    "DistributedTask.UseWhich2": {
      "value": "true"
    },
    "RunService.FixEmbeddedIssues": {
      "value": "true"
    },
    "actions.runner.requirenode24": {
      "value": "true"
    },
    "actions.runner.usenode24bydefault": {
      "value": "true"
    },
    "actions.runner.warnonnode20": {
      "value": "true"
    },
    "actions_add_check_run_id_to_job_context": {
      "value": "true"
    },
    "actions_batch_action_resolution": {
      "value": "false"
    },
    "actions_cache_mode": {
      "value": "write"
    },
    "actions_container_action_runner_temp": {
      "value": "true"
    },
    "actions_display_helpful_actions_download_errors": {
      "value": "true"
    },
    "actions_runner_allow_artifacts_file": {
      "value": "false"
    },
    "actions_runner_compare_workflow_parser": {
      "value": "false"
    },
    "actions_runner_deprecate_linux_arm32": {
      "value": "true"
    },
    "actions_runner_emit_composite_markers": {
      "value": "true"
    },
    "actions_runner_kill_linux_arm32": {
      "value": "false"
    },
    "actions_runner_node20_removal_date": {
      "value": "September 23rd, 2026"
    },
    "actions_runner_node24_default_date": {
      "value": "June 16th, 2026"
    },
    "actions_self_repository": {
      "value": "true"
    },
    "actions_service_container_command": {
      "value": "true"
    },
    "actions_set_orchestration_id_env_for_actions": {
      "value": "true"
    },
    "actions_skip_retry_complete_job_upon_known_errors": {
      "value": "true"
    },
    "actions_snapshot_preflight_hosted_runner_check": {
      "value": "false"
    },
    "actions_snapshot_preflight_image_gen_pool_check": {
      "value": "false"
    },
    "actions_use_bearer_token_for_codeload": {
      "value": "false"
    },
    "actions_uses_cache_service_v2": {
      "value": "true"
    },
    "github_token": {
      "value": "***",
      "isSecret": true
    },
    "system.from_run_service": {
      "value": "true"
    },
    "system.github.job": {
      "value": "deploy"
    },
    "system.github.launch_endpoint": {
      "value": "https://launch.actions.githubusercontent.com"
    },
    "system.github.results_endpoint": {
      "value": "https://results-receiver.actions.githubusercontent.com/"
    },
    "system.github.results_upload_with_sdk": {
      "value": "true"
    },
    "system.github.token": {
      "value": "***",
      "isSecret": true
    },
    "system.github.token.permissions": {
      "value": "{\"Contents\":\"read\",\"Metadata\":\"read\",\"Packages\":\"read\"}"
    },
    "system.orchestrationId": {
      "value": "e65d4465-6ba5-8661-a11a-781b79e7aa89.deploy.__default"
    },
    "system.phaseDisplayName": {
      "value": "deploy"
    },
    "system.runner.lowdiskspacethreshold": {
      "value": "100"
    },
    "system.runnerEnvironment": {
      "value": "self-hosted"
    },
    "system.runnerGroupName": {
      "value": "Default"
    }
  },
  "messageType": "RunnerJobRequest",
  "plan": {
    "scopeIdentifier": "00000000-0000-0000-0000-000000000000",
    "planType": "actions",
    "version": 0,
    "planId": "e65d4465-6ba5-8661-a11a-781b79e7aa89",
    "planGroup": null,
    "artifactUri": null,
    "artifactLocation": null,
    "definition": null,
    "owner": null
  },
  "timeline": {
    "id": "e65d4465-6ba5-8661-a11a-781b79e7aa89",
    "changeId": 0,
    "location": null
  },
  "jobId": "13017ef0-0246-56e4-bbe9-ffb2ecac05a8",
  "jobDisplayName": "deploy",
  "jobName": "__default",
  "requestId": 0,
  "lockedUntil": "0001-01-01T00:00:00",
  "resources": {
    "endpoints": [
      {
        "data": {
          "ServerId": "",
          "ServerName": "",
          "CacheServerUrl": "https://artifactcache.actions.githubusercontent.com/mm6oqhgtxdmufdvalzOEbY43YRoioivgsXTjX2UQBxioQQHEGA/",
          "FeedStreamUrl": "wss://results-receiver.actions.githubusercontent.com/_ws/ingest.sock",
          "ResultsServiceUrl": "https://results-receiver.actions.githubusercontent.com/",
          "PipelinesServiceUrl": "https://pipelinesghubeus5.actions.githubusercontent.com/mm6oqhgtxdmufdvalzOEbY43YRoioivgsXTjX2UQBxioQQHEGA/",
          "GenerateIdTokenUrl": "",
          "ConnectivityChecks": "[\"https://broker.actions.githubusercontent.com/health\",\"https://token.actions.githubusercontent.com/ready\",\"https://run.actions.githubusercontent.com/health\"]",
          "ConnectivityAndDNSChecks": ""
        },
        "name": "SystemVssConnection",
        "url": "https://run-actions-1-azure-eastus.actions.githubusercontent.com/197/",
        "authorization": {
          "parameters": {
            "AccessToken": "***"
          },
          "scheme": "OAuth"
        },
        "isShared": false,
        "isReady": true
      }
    ]
  },
  "contextData": {
    "github": {
      "t": 2,
      "d": [
        {
          "k": "ref",
          "v": "refs/heads/master"
        },
        {
          "k": "sha",
          "v": "dcc5a3d0357c42c0e7622ce14f9bf9e25726942b"
        },
        {
          "k": "repository",
          "v": "Prabhatkumarkhemariya/DevOpsCICDProject"
        },
        {
          "k": "repository_owner",
          "v": "Prabhatkumarkhemariya"
        },
        {
          "k": "repository_owner_id",
          "v": "182388013"
        },
        {
          "k": "repositoryUrl",
          "v": "git://github.com/Prabhatkumarkhemariya/DevOpsCICDProject.git"
        },
        {
          "k": "run_id",
          "v": "36663596071"
        },
        {
          "k": "run_number",
          "v": "28"
        },
        {
          "k": "retention_days",
          "v": "90"
        },
        {
          "k": "run_attempt",
          "v": "3"
        },
        {
          "k": "artifact_cache_size_limit",
          "v": "10"
        },
        {
          "k": "repository_visibility",
          "v": "public"
        },
        {
          "k": "actor_id",
          "v": "182388013"
        },
        {
          "k": "actor",
          "v": "Prabhatkumarkhemariya"
        },
        {
          "k": "workflow",
          "v": "Local CI-CD Pipeline"
        },
        {
          "k": "head_ref",
          "v": ""
        },
        {
          "k": "base_ref",
          "v": ""
        },
        {
          "k": "event_name",
          "v": "push"
        },
        {
          "k": "server_url",
          "v": "https://github.com"
        },
        {
          "k": "api_url",
          "v": "https://api.github.com"
        },
        {
          "k": "graphql_url",
          "v": "https://api.github.com/graphql"
        },
        {
          "k": "ref_name",
          "v": "master"
        },
        {
          "k": "ref_protected",
          "v": false
        },
        {
          "k": "ref_type",
          "v": "branch"
        },
        {
          "k": "secret_source",
          "v": "Actions"
        },
        {
          "k": "event",
          "v": {
            "t": 2,
            "d": [
              {
                "k": "after",
                "v": "dcc5a3d0357c42c0e7622ce14f9bf9e25726942b"
              },
              {
                "k": "base_ref",
                "v": null
              },
              {
                "k": "before",
                "v": "f7c1842da1db0f681370f75e3d4f603b55248cbd"
              },
              {
                "k": "commits",
                "v": {
                  "t": 1,
                  "a": [
                    {
                      "t": 2,
                      "d": [
                        {
                          "k": "author",
                          "v": {
                            "t": 2,
                            "d": [
                              {
                                "k": "email",
                                "v": "erprabhat04@gmail.com"
                              },
                              {
                                "k": "name",
                                "v": "Prabhatkumarkhemariya"
                              },
                              {
                                "k": "username",
                                "v": "Prabhatkumarkhemariya"
                              }
                            ]
                          }
                        },
                        {
                          "k": "committer",
                          "v": {
                            "t": 2,
                            "d": [
                              {
                                "k": "email",
                                "v": "noreply@github.com"
                              },
                              {
                                "k": "name",
                                "v": "GitHub"
                              },
                              {
                                "k": "username",
                                "v": "web-flow"
                              }
                            ]
                          }
                        },
                        {
                          "k": "distinct",
                          "v": true
                        },
                        {
                          "k": "id",
                          "v": "dcc5a3d0357c42c0e7622ce14f9bf9e25726942b"
                        },
                        {
                          "k": "message",
                          "v": "Check Docker Hub credentials in pipeline\n\nAdded a step to check for Docker Hub credentials before logging in."
                        },
                        {
                          "k": "timestamp",
                          "v": "2026-09-30T08:45:37+05:30"
                        },
                        {
                          "k": "tree_id",
                          "v": "c1e32cf85f646b5aef470973491236956cb1277e"
                        },
                        {
                          "k": "url",
                          "v": "https://github.com/Prabhatkumarkhemariya/DevOpsCICDProject/commit/dcc5a3d0357c42c0e7622ce14f9bf9e25726942b"
                        }
                      ]
                    }
                  ]
                }
              },
              {
                "k": "compare",
                "v": "https://github.com/Prabhatkumarkhemariya/DevOpsCICDProject/compare/f7c1842da1db...dcc5a3d0357c"
              },
              {
                "k": "created",
                "v": false
              },
              {
                "k": "deleted",
                "v": false
              },
              {
                "k": "forced",
                "v": false
              },
              {
                "k": "head_commit",
                "v": {
                  "t": 2,
                  "d": [
                    {
                      "k": "author",
                      "v": {
                        "t": 2,
                        "d": [
                          {
                            "k": "email",
                            "v": "erprabhat04@gmail.com"
                          },
                          {
                            "k": "name",
                            "v": "Prabhatkumarkhemariya"
                          },
                          {
                            "k": "username",
                            "v": "Prabhatkumarkhemariya"
                          }
                        ]
                      }
                    },
                    {
                      "k": "committer",
                      "v": {
                        "t": 2,
                        "d": [
                          {
                            "k": "email",
                            "v": "noreply@github.com"
                          },
                          {
                            "k": "name",
                            "v": "GitHub"
                          },
                          {
                            "k": "username",
                            "v": "web-flow"
                          }
                        ]
                      }
                    },
                    {
                      "k": "distinct",
                      "v": true
                    },
                    {
                      "k": "id",
                      "v": "dcc5a3d0357c42c0e7622ce14f9bf9e25726942b"
                    },
                    {
                      "k": "message",
                      "v": "Check Docker Hub credentials in pipeline\n\nAdded a step to check for Docker Hub credentials before logging in."
                    },
                    {
                      "k": "timestamp",
                      "v": "2026-09-30T08:45:37+05:30"
                    },
                    {
                      "k": "tree_id",
                      "v": "c1e32cf85f646b5aef470973491236956cb1277e"
                    },
                    {
                      "k": "url",
                      "v": "https://github.com/Prabhatkumarkhemariya/DevOpsCICDProject/commit/dcc5a3d0357c42c0e7622ce14f9bf9e25726942b"
                    }
                  ]
                }
              },
              {
                "k": "pusher",
                "v": {
                  "t": 2,
                  "d": [
                    {
                      "k": "email",
                      "v": "erprabhat04@gmail.com"
                    },
                    {
                      "k": "name",
                      "v": "Prabhatkumarkhemariya"
                    }
                  ]
                }
              },
              {
                "k": "ref",
                "v": "refs/heads/master"
              },
              {
                "k": "repository",
                "v": {
                  "t": 2,
                  "d": [
                    {
                      "k": "allow_forking",
                      "v": true
                    },
                    {
                      "k": "archive_url",
                      "v": "https://api.github.com/repos/Prabhatkumarkhemariya/DevOpsCICDProject/{archive_format}{/ref}"
                    },
                    {
                      "k": "archived",
                      "v": false
                    },
                    {
                      "k": "assignees_url",
                      "v": "https://api.github.com/repos/Prabhatkumarkhemariya/DevOpsCICDProject/assignees{/user}"
                    },
                    {
                      "k": "blobs_url",
                      "v": "https://api.github.com/repos/Prabhatkumarkhemariya/DevOpsCICDProject/git/blobs{/sha}"
                    },
                    {
                      "k": "branches_url",
                      "v": "https://api.github.com/repos/Prabhatkumarkhemariya/DevOpsCICDProject/branches{/branch}"
                    },
                    {
                      "k": "clone_url",
                      "v": "https://github.com/Prabhatkumarkhemariya/DevOpsCICDProject.git"
                    },
                    {
                      "k": "collaborators_url",
                      "v": "https://api.github.com/repos/Prabhatkumarkhemariya/DevOpsCICDProject/collaborators{/collaborator}"
                    },
                    {
                      "k": "comments_url",
                      "v": "https://api.github.com/repos/Prabhatkumarkhemariya/DevOpsCICDProject/comments{/number}"
                    },
                    {
                      "k": "commits_url",
                      "v": "https://api.github.com/repos/Prabhatkumarkhemariya/DevOpsCICDProject/commits{/sha}"
                    },
                    {
                      "k": "compare_url",
                      "v": "https://api.github.com/repos/Prabhatkumarkhemariya/DevOpsCICDProject/compare/{base}...{head}"
                    },
                    {
                      "k": "contents_url",
                      "v": "https://api.github.com/repos/Prabhatkumarkhemariya/DevOpsCICDProject/contents/{+path}"
                    },
                    {
                      "k": "contributors_url",
                      "v": "https://api.github.com/repos/Prabhatkumarkhemariya/DevOpsCICDProject/contributors"
                    },
                    {
                      "k": "created_at",
                      "v": 1790478339.0
                    },
                    {
                      "k": "default_branch",
                      "v": "master"
                    },
                    {
                      "k": "deployments_url",
                      "v": "https://api.github.com/repos/Prabhatkumarkhemariya/DevOpsCICDProject/deployments"
                    },
                    {
                      "k": "description",
                      "v": "DevOpsCICDProject for practice the CICD pipeline completely"
                    },
                    {
                      "k": "disabled",
                      "v": false
                    },
                    {
                      "k": "downloads_url",
                      "v": "https://api.github.com/repos/Prabhatkumarkhemariya/DevOpsCICDProject/downloads"
                    },
                    {
                      "k": "events_url",
                      "v": "https://api.github.com/repos/Prabhatkumarkhemariya/DevOpsCICDProject/events"
                    },
                    {
                      "k": "fork",
                      "v": false
                    },
                    {
                      "k": "forks",
                      "v": 0.0
                    },
                    {
                      "k": "forks_count",
                      "v": 0.0
                    },
                    {
                      "k": "forks_url",
                      "v": "https://api.github.com/repos/Prabhatkumarkhemariya/DevOpsCICDProject/forks"
                    },
                    {
                      "k": "full_name",
                      "v": "Prabhatkumarkhemariya/DevOpsCICDProject"
                    },
                    {
                      "k": "git_commits_url",
                      "v": "https://api.github.com/repos/Prabhatkumarkhemariya/DevOpsCICDProject/git/commits{/sha}"
                    },
                    {
                      "k": "git_refs_url",
                      "v": "https://api.github.com/repos/Prabhatkumarkhemariya/DevOpsCICDProject/git/refs{/sha}"
                    },
                    {
                      "k": "git_tags_url",
                      "v": "https://api.github.com/repos/Prabhatkumarkhemariya/DevOpsCICDProject/git/tags{/sha}"
                    },
                    {
                      "k": "git_url",
                      "v": "git://github.com/Prabhatkumarkhemariya/DevOpsCICDProject.git"
                    },
                    {
                      "k": "has_discussions",
                      "v": false
                    },
                    {
                      "k": "has_downloads",
                      "v": true
                    },
                    {
                      "k": "has_issues",
                      "v": true
                    },
                    {
                      "k": "has_pages",
                      "v": false
                    },
                    {
                      "k": "has_projects",
                      "v": true
                    },
                    {
                      "k": "has_pull_requests",
                      "v": true
                    },
                    {
                      "k": "has_wiki",
                      "v": true
                    },
                    {
                      "k": "homepage",
                      "v": null
                    },
                    {
                      "k": "hooks_url",
                      "v": "https://api.github.com/repos/Prabhatkumarkhemariya/DevOpsCICDProject/hooks"
                    },
                    {
                      "k": "html_url",
                      "v": "https://github.com/Prabhatkumarkhemariya/DevOpsCICDProject"
                    },
                    {
                      "k": "id",
                      "v": 1390018597.0
                    },
                    {
                      "k": "is_template",
                      "v": false
                    },
                    {
                      "k": "issue_comment_url",
                      "v": "https://api.github.com/repos/Prabhatkumarkhemariya/DevOpsCICDProject/issues/comments{/number}"
                    },
                    {
                      "k": "issue_events_url",
                      "v": "https://api.github.com/repos/Prabhatkumarkhemariya/DevOpsCICDProject/issues/events{/number}"
                    },
                    {
                      "k": "issues_url",
                      "v": "https://api.github.com/repos/Prabhatkumarkhemariya/DevOpsCICDProject/issues{/number}"
                    },
                    {
                      "k": "keys_url",
                      "v": "https://api.github.com/repos/Prabhatkumarkhemariya/DevOpsCICDProject/keys{/key_id}"
                    },
                    {
                      "k": "labels_url",
                      "v": "https://api.github.com/repos/Prabhatkumarkhemariya/DevOpsCICDProject/labels{/name}"
                    },
                    {
                      "k": "language",
                      "v": "JavaScript"
                    },
                    {
                      "k": "languages_url",
                      "v": "https://api.github.com/repos/Prabhatkumarkhemariya/DevOpsCICDProject/languages"
                    },
                    {
                      "k": "license",
                      "v": null
                    },
                    {
                      "k": "master_branch",
                      "v": "master"
                    },
                    {
                      "k": "merges_url",
                      "v": "https://api.github.com/repos/Prabhatkumarkhemariya/DevOpsCICDProject/merges"
                    },
                    {
                      "k": "milestones_url",
                      "v": "https://api.github.com/repos/Prabhatkumarkhemariya/DevOpsCICDProject/milestones{/number}"
                    },
                    {
                      "k": "mirror_url",
                      "v": null
                    },
                    {
                      "k": "name",
                      "v": "DevOpsCICDProject"
                    },
                    {
                      "k": "node_id",
                      "v": "R_kgDOUtoAJQ"
                    },
                    {
                      "k": "notifications_url",
                      "v": "https://api.github.com/repos/Prabhatkumarkhemariya/DevOpsCICDProject/notifications{?since,all,participating}"
                    },
                    {
                      "k": "open_issues",
                      "v": 0.0
                    },
                    {
                      "k": "open_issues_count",
                      "v": 0.0
                    },
                    {
                      "k": "owner",
                      "v": {
                        "t": 2,
                        "d": [
                          {
                            "k": "avatar_url",
                            "v": "https://avatars.githubusercontent.com/u/182388013?v=4"
                          },
                          {
                            "k": "email",
                            "v": "erprabhat04@gmail.com"
                          },
                          {
                            "k": "events_url",
                            "v": "https://api.github.com/users/Prabhatkumarkhemariya/events{/privacy}"
                          },
                          {
                            "k": "followers_url",
                            "v": "https://api.github.com/users/Prabhatkumarkhemariya/followers"
                          },
                          {
                            "k": "following_url",
                            "v": "https://api.github.com/users/Prabhatkumarkhemariya/following{/other_user}"
                          },
                          {
                            "k": "gists_url",
                            "v": "https://api.github.com/users/Prabhatkumarkhemariya/gists{/gist_id}"
                          },
                          {
                            "k": "gravatar_id",
                            "v": ""
                          },
                          {
                            "k": "html_url",
                            "v": "https://github.com/Prabhatkumarkhemariya"
                          },
                          {
                            "k": "id",
                            "v": 182388013.0
                          },
                          {
                            "k": "login",
                            "v": "Prabhatkumarkhemariya"
                          },
                          {
                            "k": "name",
                            "v": "Prabhatkumarkhemariya"
                          },
                          {
                            "k": "node_id",
                            "v": "U_kgDOCt8FLQ"
                          },
                          {
                            "k": "organizations_url",
                            "v": "https://api.github.com/users/Prabhatkumarkhemariya/orgs"
                          },
                          {
                            "k": "received_events_url",
                            "v": "https://api.github.com/users/Prabhatkumarkhemariya/received_events"
                          },
                          {
                            "k": "repos_url",
                            "v": "https://api.github.com/users/Prabhatkumarkhemariya/repos"
                          },
                          {
                            "k": "site_admin",
                            "v": false
                          },
                          {
                            "k": "starred_url",
                            "v": "https://api.github.com/users/Prabhatkumarkhemariya/starred{/owner}{/repo}"
                          },
                          {
                            "k": "subscriptions_url",
                            "v": "https://api.github.com/users/Prabhatkumarkhemariya/subscriptions"
                          },
                          {
                            "k": "type",
                            "v": "User"
                          },
                          {
                            "k": "url",
                            "v": "https://api.github.com/users/Prabhatkumarkhemariya"
                          },
                          {
                            "k": "user_view_type",
                            "v": "public"
                          }
                        ]
                      }
                    },
                    {
                      "k": "private",
                      "v": false
                    },
                    {
                      "k": "pull_request_creation_policy",
                      "v": "all"
                    },
                    {
                      "k": "pulls_url",
                      "v": "https://api.github.com/repos/Prabhatkumarkhemariya/DevOpsCICDProject/pulls{/number}"
                    },
                    {
                      "k": "pushed_at",
                      "v": 1790738137.0
                    },
                    {
                      "k": "releases_url",
                      "v": "https://api.github.com/repos/Prabhatkumarkhemariya/DevOpsCICDProject/releases{/id}"
                    },
                    {
                      "k": "size",
                      "v": 35.0
                    },
                    {
                      "k": "ssh_url",
                      "v": "git@github.com:Prabhatkumarkhemariya/DevOpsCICDProject.git"
                    },
                    {
                      "k": "stargazers",
                      "v": 0.0
                    },
                    {
                      "k": "stargazers_count",
                      "v": 0.0
                    },
                    {
                      "k": "stargazers_url",
                      "v": "https://api.github.com/repos/Prabhatkumarkhemariya/DevOpsCICDProject/stargazers"
                    },
                    {
                      "k": "statuses_url",
                      "v": "https://api.github.com/repos/Prabhatkumarkhemariya/DevOpsCICDProject/statuses/{sha}"
                    },
                    {
                      "k": "subscribers_url",
                      "v": "https://api.github.com/repos/Prabhatkumarkhemariya/DevOpsCICDProject/subscribers"
                    },
                    {
                      "k": "subscription_url",
                      "v": "https://api.github.com/repos/Prabhatkumarkhemariya/DevOpsCICDProject/subscription"
                    },
                    {
                      "k": "svn_url",
                      "v": "https://github.com/Prabhatkumarkhemariya/DevOpsCICDProject"
                    },
                    {
                      "k": "tags_url",
                      "v": "https://api.github.com/repos/Prabhatkumarkhemariya/DevOpsCICDProject/tags"
                    },
                    {
                      "k": "teams_url",
                      "v": "https://api.github.com/repos/Prabhatkumarkhemariya/DevOpsCICDProject/teams"
                    },
                    {
                      "k": "topics",
                      "v": {
                        "t": 1
                      }
                    },
                    {
                      "k": "trees_url",
                      "v": "https://api.github.com/repos/Prabhatkumarkhemariya/DevOpsCICDProject/git/trees{/sha}"
                    },
                    {
                      "k": "updated_at",
                      "v": "2026-09-30T03:05:09Z"
                    },
                    {
                      "k": "url",
                      "v": "https://api.github.com/repos/Prabhatkumarkhemariya/DevOpsCICDProject"
                    },
                    {
                      "k": "visibility",
                      "v": "public"
                    },
                    {
                      "k": "watchers",
                      "v": 0.0
                    },
                    {
                      "k": "watchers_count",
                      "v": 0.0
                    },
                    {
                      "k": "web_commit_signoff_required",
                      "v": false
                    }
                  ]
                }
              },
              {
                "k": "sender",
                "v": {
                  "t": 2,
                  "d": [
                    {
                      "k": "avatar_url",
                      "v": "https://avatars.githubusercontent.com/u/182388013?v=4"
                    },
                    {
                      "k": "events_url",
                      "v": "https://api.github.com/users/Prabhatkumarkhemariya/events{/privacy}"
                    },
                    {
                      "k": "followers_url",
                      "v": "https://api.github.com/users/Prabhatkumarkhemariya/followers"
                    },
                    {
                      "k": "following_url",
                      "v": "https://api.github.com/users/Prabhatkumarkhemariya/following{/other_user}"
                    },
                    {
                      "k": "gists_url",
                      "v": "https://api.github.com/users/Prabhatkumarkhemariya/gists{/gist_id}"
                    },
                    {
                      "k": "gravatar_id",
                      "v": ""
                    },
                    {
                      "k": "html_url",
                      "v": "https://github.com/Prabhatkumarkhemariya"
                    },
                    {
                      "k": "id",
                      "v": 182388013.0
                    },
                    {
                      "k": "login",
                      "v": "Prabhatkumarkhemariya"
                    },
                    {
                      "k": "node_id",
                      "v": "U_kgDOCt8FLQ"
                    },
                    {
                      "k": "organizations_url",
                      "v": "https://api.github.com/users/Prabhatkumarkhemariya/orgs"
                    },
                    {
                      "k": "received_events_url",
                      "v": "https://api.github.com/users/Prabhatkumarkhemariya/received_events"
                    },
                    {
                      "k": "repos_url",
                      "v": "https://api.github.com/users/Prabhatkumarkhemariya/repos"
                    },
                    {
                      "k": "site_admin",
                      "v": false
                    },
                    {
                      "k": "starred_url",
                      "v": "https://api.github.com/users/Prabhatkumarkhemariya/starred{/owner}{/repo}"
                    },
                    {
                      "k": "subscriptions_url",
                      "v": "https://api.github.com/users/Prabhatkumarkhemariya/subscriptions"
                    },
                    {
                      "k": "type",
                      "v": "User"
                    },
                    {
                      "k": "url",
                      "v": "https://api.github.com/users/Prabhatkumarkhemariya"
                    },
                    {
                      "k": "user_view_type",
                      "v": "public"
                    }
                  ]
                }
              }
            ]
          }
        },
        {
          "k": "workflow_ref",
          "v": "Prabhatkumarkhemariya/DevOpsCICDProject/.github/workflows/pipeline.yaml@refs/heads/master"
        },
        {
          "k": "workflow_sha",
          "v": "dcc5a3d0357c42c0e7622ce14f9bf9e25726942b"
        },
        {
          "k": "repository_id",
          "v": "1390018597"
        },
        {
          "k": "triggering_actor",
          "v": "Prabhatkumarkhemariya"
        }
      ]
    },
    "inputs": {
      "t": 2
    },
    "job": {
      "t": 2,
      "d": [
        {
          "k": "check_run_id",
          "v": 109843143258.0
        },
        {
          "k": "workflow_ref",
          "v": "Prabhatkumarkhemariya/DevOpsCICDProject/.github/workflows/pipeline.yaml@refs/heads/master"
        },
        {
          "k": "workflow_sha",
          "v": "dcc5a3d0357c42c0e7622ce14f9bf9e25726942b"
        },
        {
          "k": "workflow_repository",
          "v": "Prabhatkumarkhemariya/DevOpsCICDProject"
        },
        {
          "k": "workflow_file_path",
          "v": ".github/workflows/pipeline.yaml"
        }
      ]
    },
    "matrix": null,
    "needs": {
      "t": 2
    },
    "strategy": {
      "t": 2,
      "d": [
        {
          "k": "fail-fast",
          "v": true
        },
        {
          "k": "job-index",
          "v": 0.0
        },
        {
          "k": "job-total",
          "v": 1.0
        },
        {
          "k": "max-parallel",
          "v": 1.0
        }
      ]
    },
    "vars": {
      "t": 2
    }
  },
  "billingOwnerId": "U_kgDOCt8FLQ"
}
[2026-09-30 10:21:39Z INFO JobRunner] Job ID 13017ef0-0246-56e4-bbe9-ffb2ecac05a8
[2026-09-30 10:21:39Z INFO ConfigurationStore] currentAssemblyLocation: C:\Devops_training\DevOpsCICDProject\actions-runner\bin\Runner.Worker.dll
[2026-09-30 10:21:39Z INFO HostContext] Well known directory 'Bin': 'C:\Devops_training\DevOpsCICDProject\actions-runner\bin'
[2026-09-30 10:21:39Z INFO ConfigurationStore] binPath: C:\Devops_training\DevOpsCICDProject\actions-runner\bin
[2026-09-30 10:21:39Z INFO HostContext] Well known directory 'Bin': 'C:\Devops_training\DevOpsCICDProject\actions-runner\bin'
[2026-09-30 10:21:39Z INFO HostContext] Well known directory 'Root': 'C:\Devops_training\DevOpsCICDProject\actions-runner'
[2026-09-30 10:21:39Z INFO ConfigurationStore] RootFolder: C:\Devops_training\DevOpsCICDProject\actions-runner
[2026-09-30 10:21:39Z INFO HostContext] Well known directory 'Bin': 'C:\Devops_training\DevOpsCICDProject\actions-runner\bin'
[2026-09-30 10:21:39Z INFO HostContext] Well known directory 'Root': 'C:\Devops_training\DevOpsCICDProject\actions-runner'
[2026-09-30 10:21:39Z INFO HostContext] Well known config file 'Runner': 'C:\Devops_training\DevOpsCICDProject\actions-runner\.runner'
[2026-09-30 10:21:39Z INFO ConfigurationStore] ConfigFilePath: C:\Devops_training\DevOpsCICDProject\actions-runner\.runner
[2026-09-30 10:21:39Z INFO HostContext] Well known directory 'Bin': 'C:\Devops_training\DevOpsCICDProject\actions-runner\bin'
[2026-09-30 10:21:39Z INFO HostContext] Well known directory 'Root': 'C:\Devops_training\DevOpsCICDProject\actions-runner'
[2026-09-30 10:21:39Z INFO HostContext] Well known config file 'MigratedRunner': 'C:\Devops_training\DevOpsCICDProject\actions-runner\.runner_migrated'
[2026-09-30 10:21:39Z INFO ConfigurationStore] MigratedConfigFilePath: C:\Devops_training\DevOpsCICDProject\actions-runner\.runner_migrated
[2026-09-30 10:21:39Z INFO HostContext] Well known directory 'Bin': 'C:\Devops_training\DevOpsCICDProject\actions-runner\bin'
[2026-09-30 10:21:39Z INFO HostContext] Well known directory 'Root': 'C:\Devops_training\DevOpsCICDProject\actions-runner'
[2026-09-30 10:21:39Z INFO HostContext] Well known config file 'Credentials': 'C:\Devops_training\DevOpsCICDProject\actions-runner\.credentials'
[2026-09-30 10:21:39Z INFO ConfigurationStore] CredFilePath: C:\Devops_training\DevOpsCICDProject\actions-runner\.credentials
[2026-09-30 10:21:39Z INFO HostContext] Well known directory 'Bin': 'C:\Devops_training\DevOpsCICDProject\actions-runner\bin'
[2026-09-30 10:21:39Z INFO HostContext] Well known directory 'Root': 'C:\Devops_training\DevOpsCICDProject\actions-runner'
[2026-09-30 10:21:39Z INFO HostContext] Well known config file 'MigratedCredentials': 'C:\Devops_training\DevOpsCICDProject\actions-runner\.credentials_migrated'
[2026-09-30 10:21:39Z INFO ConfigurationStore] MigratedCredFilePath: C:\Devops_training\DevOpsCICDProject\actions-runner\.credentials_migrated
[2026-09-30 10:21:39Z INFO HostContext] Well known directory 'Bin': 'C:\Devops_training\DevOpsCICDProject\actions-runner\bin'
[2026-09-30 10:21:39Z INFO HostContext] Well known directory 'Root': 'C:\Devops_training\DevOpsCICDProject\actions-runner'
[2026-09-30 10:21:39Z INFO HostContext] Well known config file 'Service': 'C:\Devops_training\DevOpsCICDProject\actions-runner\.service'
[2026-09-30 10:21:39Z INFO ConfigurationStore] ServiceConfigFilePath: C:\Devops_training\DevOpsCICDProject\actions-runner\.service
[2026-09-30 10:21:39Z INFO ConfigurationStore] Read setting file: 418 chars
[2026-09-30 10:21:40Z INFO JobRunner] Initializing launch client
[2026-09-30 10:21:40Z INFO JobServerQueue] Initializing results client
[2026-09-30 10:21:40Z INFO ResultServer] Creating websocket client ...wss://results-receiver.actions.githubusercontent.com/_ws/ingest.sock
[2026-09-30 10:21:40Z INFO ResultServer] Attempting to start websocket client with delay 00:00:00.
[2026-09-30 10:21:40Z INFO JobServerQueue] Start process web console line queue.
[2026-09-30 10:21:40Z INFO JobServerQueue] Start process file upload queue.
[2026-09-30 10:21:40Z INFO JobServerQueue] Start results file upload queue.
[2026-09-30 10:21:40Z INFO JobServerQueue] Starting results-based upload queue...
[2026-09-30 10:21:40Z INFO JobServerQueue] Start process timeline update queue.
[2026-09-30 10:21:40Z INFO ExecutionContext] Initializing Job context
[2026-09-30 10:21:40Z INFO ExecutionContext] Initialize GitHub context
[2026-09-30 10:21:40Z INFO ExecutionContext] Initialize Env context
[2026-09-30 10:21:40Z INFO HostContext] Well known directory 'Bin': 'C:\Devops_training\DevOpsCICDProject\actions-runner\bin'
[2026-09-30 10:21:40Z INFO HostContext] Well known directory 'Root': 'C:\Devops_training\DevOpsCICDProject\actions-runner'
[2026-09-30 10:21:40Z INFO HostContext] Well known directory 'Diag': 'C:\Devops_training\DevOpsCICDProject\actions-runner\_diag'
[2026-09-30 10:21:40Z INFO HostContext] Well known directory 'Bin': 'C:\Devops_training\DevOpsCICDProject\actions-runner\bin'
[2026-09-30 10:21:40Z INFO HostContext] Well known directory 'Root': 'C:\Devops_training\DevOpsCICDProject\actions-runner'
[2026-09-30 10:21:40Z INFO HostContext] Well known directory 'Diag': 'C:\Devops_training\DevOpsCICDProject\actions-runner\_diag'
[2026-09-30 10:21:40Z INFO JobRunner] Starting the job execution context.
[2026-09-30 10:21:40Z INFO HostContext] Well known directory 'Bin': 'C:\Devops_training\DevOpsCICDProject\actions-runner\bin'
[2026-09-30 10:21:40Z INFO HostContext] Well known directory 'Root': 'C:\Devops_training\DevOpsCICDProject\actions-runner'
[2026-09-30 10:21:40Z INFO HostContext] Well known directory 'Work': 'C:\Devops_training\DevOpsCICDProject\actions-runner\_work'
[2026-09-30 10:21:40Z INFO JobRunner] Validating directory permissions for: 'C:\Devops_training\DevOpsCICDProject\actions-runner\_work'
[2026-09-30 10:21:40Z INFO HostContext] Well known directory 'Bin': 'C:\Devops_training\DevOpsCICDProject\actions-runner\bin'
[2026-09-30 10:21:40Z INFO HostContext] Well known directory 'Root': 'C:\Devops_training\DevOpsCICDProject\actions-runner'
[2026-09-30 10:21:40Z INFO HostContext] Well known directory 'Work': 'C:\Devops_training\DevOpsCICDProject\actions-runner\_work'
[2026-09-30 10:21:40Z INFO HostContext] Well known directory 'Tools': 'C:\Devops_training\DevOpsCICDProject\actions-runner\_work\_tool'
[2026-09-30 10:21:40Z INFO HostContext] Well known directory 'Bin': 'C:\Devops_training\DevOpsCICDProject\actions-runner\bin'
[2026-09-30 10:21:40Z INFO HostContext] Well known directory 'Root': 'C:\Devops_training\DevOpsCICDProject\actions-runner'
[2026-09-30 10:21:40Z INFO HostContext] Well known directory 'Work': 'C:\Devops_training\DevOpsCICDProject\actions-runner\_work'
[2026-09-30 10:21:40Z INFO HostContext] Well known directory 'Temp': 'C:\Devops_training\DevOpsCICDProject\actions-runner\_work\_temp'
[2026-09-30 10:21:40Z INFO JobRunner] Getting job extension.
[2026-09-30 10:21:40Z INFO JobRunner] Initialize job. Getting all job steps.
[2026-09-30 10:21:40Z INFO HostContext] Well known directory 'Bin': 'C:\Devops_training\DevOpsCICDProject\actions-runner\bin'
[2026-09-30 10:21:40Z INFO HostContext] Well known directory 'Root': 'C:\Devops_training\DevOpsCICDProject\actions-runner'
[2026-09-30 10:21:40Z INFO HostContext] Well known directory 'Diag': 'C:\Devops_training\DevOpsCICDProject\actions-runner\_diag'
[2026-09-30 10:21:40Z INFO HostContext] Well known directory 'Bin': 'C:\Devops_training\DevOpsCICDProject\actions-runner\bin'
[2026-09-30 10:21:40Z INFO HostContext] Well known directory 'Root': 'C:\Devops_training\DevOpsCICDProject\actions-runner'
[2026-09-30 10:21:40Z INFO HostContext] Well known directory 'Diag': 'C:\Devops_training\DevOpsCICDProject\actions-runner\_diag'
[2026-09-30 10:21:40Z INFO HostContext] Well known directory 'Bin': 'C:\Devops_training\DevOpsCICDProject\actions-runner\bin'
[2026-09-30 10:21:40Z INFO HostContext] Well known directory 'Root': 'C:\Devops_training\DevOpsCICDProject\actions-runner'
[2026-09-30 10:21:40Z INFO HostContext] Well known config file 'Credentials': 'C:\Devops_training\DevOpsCICDProject\actions-runner\.credentials'
[2026-09-30 10:21:40Z INFO HostContext] Well known directory 'Bin': 'C:\Devops_training\DevOpsCICDProject\actions-runner\bin'
[2026-09-30 10:21:40Z INFO HostContext] Well known directory 'Root': 'C:\Devops_training\DevOpsCICDProject\actions-runner'
[2026-09-30 10:21:40Z INFO HostContext] Well known config file 'SetupInfo': 'C:\Devops_training\DevOpsCICDProject\actions-runner\.setup_info'
[2026-09-30 10:21:40Z INFO HostContext] Well known directory 'Bin': 'C:\Devops_training\DevOpsCICDProject\actions-runner\bin'
[2026-09-30 10:21:40Z INFO HostContext] Well known directory 'Root': 'C:\Devops_training\DevOpsCICDProject\actions-runner'
[2026-09-30 10:21:40Z INFO HostContext] Well known directory 'Work': 'C:\Devops_training\DevOpsCICDProject\actions-runner\_work'
[2026-09-30 10:21:40Z INFO PipelineDirectoryManager] Loading tracking config if exists: C:\Devops_training\DevOpsCICDProject\actions-runner\_work\_PipelineMapping\Prabhatkumarkhemariya/DevOpsCICDProject\PipelineFolder.json
[2026-09-30 10:21:40Z INFO PipelineDirectoryManager] Updating job run properties.
[2026-09-30 10:21:40Z INFO HostContext] Well known directory 'Bin': 'C:\Devops_training\DevOpsCICDProject\actions-runner\bin'
[2026-09-30 10:21:40Z INFO HostContext] Well known directory 'Root': 'C:\Devops_training\DevOpsCICDProject\actions-runner'
[2026-09-30 10:21:40Z INFO HostContext] Well known directory 'Work': 'C:\Devops_training\DevOpsCICDProject\actions-runner\_work'
[2026-09-30 10:21:40Z INFO HostContext] Well known directory 'Bin': 'C:\Devops_training\DevOpsCICDProject\actions-runner\bin'
[2026-09-30 10:21:40Z INFO HostContext] Well known directory 'Root': 'C:\Devops_training\DevOpsCICDProject\actions-runner'
[2026-09-30 10:21:40Z INFO HostContext] Well known directory 'Work': 'C:\Devops_training\DevOpsCICDProject\actions-runner\_work'
[2026-09-30 10:21:40Z INFO HostContext] Well known directory 'Bin': 'C:\Devops_training\DevOpsCICDProject\actions-runner\bin'
[2026-09-30 10:21:40Z INFO HostContext] Well known directory 'Root': 'C:\Devops_training\DevOpsCICDProject\actions-runner'
[2026-09-30 10:21:40Z INFO HostContext] Well known directory 'Work': 'C:\Devops_training\DevOpsCICDProject\actions-runner\_work'
[2026-09-30 10:21:40Z INFO JobExtension] Downloading actions
[2026-09-30 10:21:40Z INFO HostContext] Well known directory 'Bin': 'C:\Devops_training\DevOpsCICDProject\actions-runner\bin'
[2026-09-30 10:21:40Z INFO HostContext] Well known directory 'Root': 'C:\Devops_training\DevOpsCICDProject\actions-runner'
[2026-09-30 10:21:40Z INFO HostContext] Well known directory 'Work': 'C:\Devops_training\DevOpsCICDProject\actions-runner\_work'
[2026-09-30 10:21:40Z INFO HostContext] Well known directory 'Actions': 'C:\Devops_training\DevOpsCICDProject\actions-runner\_work\_actions'
[2026-09-30 10:21:40Z INFO Worker] Listening for cancel message from the channel.
[2026-09-30 10:21:40Z INFO Worker] Waiting for the job to complete or for a cancel message from the channel.
[2026-09-30 10:21:40Z INFO ResultServer] Successfully started websocket client.
[2026-09-30 10:21:40Z INFO JobServerQueue] Try to append 1 batches web console lines for record '13017ef0-0246-56e4-bbe9-ffb2ecac05a8', success rate: 1/1.
[2026-09-30 10:21:40Z INFO JobServerQueue] Try to append 1 batches web console lines for record 'b4d8f64b-fee6-4c14-a7d2-1ab2b8f00205', success rate: 1/1.
[2026-09-30 10:21:41Z INFO HostContext] Well known directory 'Bin': 'C:\Devops_training\DevOpsCICDProject\actions-runner\bin'
[2026-09-30 10:21:41Z INFO HostContext] Well known directory 'Root': 'C:\Devops_training\DevOpsCICDProject\actions-runner'
[2026-09-30 10:21:41Z INFO HostContext] Well known directory 'Work': 'C:\Devops_training\DevOpsCICDProject\actions-runner\_work'
[2026-09-30 10:21:41Z INFO HostContext] Well known directory 'Actions': 'C:\Devops_training\DevOpsCICDProject\actions-runner\_work\_actions'
[2026-09-30 10:21:41Z INFO HostContext] Well known directory 'Bin': 'C:\Devops_training\DevOpsCICDProject\actions-runner\bin'
[2026-09-30 10:21:41Z INFO HostContext] Well known directory 'Root': 'C:\Devops_training\DevOpsCICDProject\actions-runner'
[2026-09-30 10:21:41Z INFO HostContext] Well known directory 'Work': 'C:\Devops_training\DevOpsCICDProject\actions-runner\_work'
[2026-09-30 10:21:41Z INFO HostContext] Well known directory 'Actions': 'C:\Devops_training\DevOpsCICDProject\actions-runner\_work\_actions'
[2026-09-30 10:21:41Z INFO ActionManager] Save archive 'https://codeload.github.com/actions/checkout/zip/11d5960a326750d5838078e36cf38b85af677262' into C:\Devops_training\DevOpsCICDProject\actions-runner\_work\_actions\_temp_88c175cc-c51f-4710-ad85-9a88c591694b\fe51cb50-8635-43aa-a23d-69bf3b0996ff.zip.
[2026-09-30 10:21:41Z INFO ActionManager] Using Basic token for action archive download.
[2026-09-30 10:21:41Z INFO JobServerQueue] Try to append 1 batches web console lines for record 'b4d8f64b-fee6-4c14-a7d2-1ab2b8f00205', success rate: 1/1.
[2026-09-30 10:21:41Z INFO JobServerQueue] Job timeline record has been updated for the first time.
[2026-09-30 10:21:41Z INFO ActionManager] Request URL: https://codeload.github.com/actions/checkout/zip/11d5960a326750d5838078e36cf38b85af677262 X-GitHub-Request-Id: 613E:37326C:219FF:10C9DA:6ABCE2B5 Http Status: OK
[2026-09-30 10:21:41Z INFO ActionManager] Finished getting action repository.
[2026-09-30 10:21:41Z INFO HostContext] Well known directory 'Bin': 'C:\Devops_training\DevOpsCICDProject\actions-runner\bin'
[2026-09-30 10:21:41Z INFO HostContext] Well known directory 'Root': 'C:\Devops_training\DevOpsCICDProject\actions-runner'
[2026-09-30 10:21:41Z INFO HostContext] Well known directory 'Work': 'C:\Devops_training\DevOpsCICDProject\actions-runner\_work'
[2026-09-30 10:21:41Z INFO HostContext] Well known directory 'Actions': 'C:\Devops_training\DevOpsCICDProject\actions-runner\_work\_actions'
[2026-09-30 10:21:41Z INFO ActionManifestManagerLegacy] Load schema file with definitions: [
  "null",
  "boolean",
  "number",
  "string",
  "sequence",
  "mapping",
  "any",
  "action-root",
  "inputs",
  "input",
  "outputs",
  "output-definition",
  "runs",
  "container-runs",
  "container-runs-args",
  "container-runs-env",
  "node-runs",
  "plugin-runs",
  "composite-runs",
  "composite-steps",
  "composite-step",
  "run-step",
  "uses-step",
  "container-runs-context",
  "output-value",
  "input-default-context",
  "non-empty-string",
  "string-steps-context",
  "boolean-steps-context",
  "step-env",
  "step-if",
  "step-with"
]
[2026-09-30 10:21:41Z INFO ActionManifestManager] Load schema file with definitions: [
  "null",
  "boolean",
  "number",
  "string",
  "sequence",
  "mapping",
  "any",
  "action-root",
  "inputs",
  "input",
  "outputs",
  "output-definition",
  "runs",
  "container-runs",
  "container-runs-args",
  "container-runs-env",
  "node-runs",
  "plugin-runs",
  "composite-runs",
  "composite-steps",
  "composite-step",
  "run-step",
  "uses-step",
  "container-runs-context",
  "output-value",
  "input-default-context",
  "non-empty-string",
  "string-steps-context",
  "boolean-steps-context",
  "step-env",
  "step-if",
  "step-with"
]
[2026-09-30 10:21:41Z INFO HostContext] Well known directory 'Bin': 'C:\Devops_training\DevOpsCICDProject\actions-runner\bin'
[2026-09-30 10:21:41Z INFO HostContext] Well known directory 'Root': 'C:\Devops_training\DevOpsCICDProject\actions-runner'
[2026-09-30 10:21:41Z INFO HostContext] Well known directory 'Work': 'C:\Devops_training\DevOpsCICDProject\actions-runner\_work'
[2026-09-30 10:21:41Z INFO HostContext] Well known directory 'Actions': 'C:\Devops_training\DevOpsCICDProject\actions-runner\_work\_actions'
[2026-09-30 10:21:41Z INFO ActionManifestManagerLegacy] Loaded action.yml file: {
  "name": "Checkout",
  "description": "Checkout a Git repository at a particular version",
  "inputs": {
    "type": 2,
    "map": [
      {
        "key": {
          "type": 0,
          "file": 2,
          "line": 4,
          "col": 3,
          "lit": "repository"
        },
        "value": {
          "type": 3,
          "file": 2,
          "line": 6,
          "col": 14,
          "expr": "github.repository"
        }
      },
      {
        "key": {
          "type": 0,
          "file": 2,
          "line": 7,
          "col": 3,
          "lit": "ref"
        },
        "value": ""
      },
      {
        "key": {
          "type": 0,
          "file": 2,
          "line": 12,
          "col": 3,
          "lit": "token"
        },
        "value": {
          "type": 3,
          "file": 2,
          "line": 24,
          "col": 14,
          "expr": "github.token"
        }
      },
      {
        "key": {
          "type": 0,
          "file": 2,
          "line": 25,
          "col": 3,
          "lit": "ssh-key"
        },
        "value": ""
      },
      {
        "key": {
          "type": 0,
          "file": 2,
          "line": 37,
          "col": 3,
          "lit": "ssh-known-hosts"
        },
        "value": ""
      },
      {
        "key": {
          "type": 0,
          "file": 2,
          "line": 42,
          "col": 3,
          "lit": "ssh-strict"
        },
        "value": {
          "type": 0,
          "file": 2,
          "line": 47,
          "col": 14,
          "lit": "true"
        }
      },
      {
        "key": {
          "type": 0,
          "file": 2,
          "line": 48,
          "col": 3,
          "lit": "ssh-user"
        },
        "value": {
          "type": 0,
          "file": 2,
          "line": 51,
          "col": 14,
          "lit": "git"
        }
      },
      {
        "key": {
          "type": 0,
          "file": 2,
          "line": 52,
          "col": 3,
          "lit": "persist-credentials"
        },
        "value": {
          "type": 0,
          "file": 2,
          "line": 54,
          "col": 14,
          "lit": "true"
        }
      },
      {
        "key": {
          "type": 0,
          "file": 2,
          "line": 55,
          "col": 3,
          "lit": "path"
        },
        "value": ""
      },
      {
        "key": {
          "type": 0,
          "file": 2,
          "line": 57,
          "col": 3,
          "lit": "clean"
        },
        "value": {
          "type": 0,
          "file": 2,
          "line": 59,
          "col": 14,
          "lit": "true"
        }
      },
      {
        "key": {
          "type": 0,
          "file": 2,
          "line": 60,
          "col": 3,
          "lit": "filter"
        },
        "value": {
          "type": 0,
          "file": 2,
          "line": 64,
          "col": 14,
          "lit": ""
        }
      },
      {
        "key": {
          "type": 0,
          "file": 2,
          "line": 65,
          "col": 3,
          "lit": "sparse-checkout"
        },
        "value": {
          "type": 0,
          "file": 2,
          "line": 69,
          "col": 14,
          "lit": ""
        }
      },
      {
        "key": {
          "type": 0,
          "file": 2,
          "line": 70,
          "col": 3,
          "lit": "sparse-checkout-cone-mode"
        },
        "value": {
          "type": 0,
          "file": 2,
          "line": 73,
          "col": 14,
          "lit": "true"
        }
      },
      {
        "key": {
          "type": 0,
          "file": 2,
          "line": 74,
          "col": 3,
          "lit": "fetch-depth"
        },
        "value": {
          "type": 0,
          "file": 2,
          "line": 76,
          "col": 14,
          "lit": "1"
        }
      },
      {
        "key": {
          "type": 0,
          "file": 2,
          "line": 77,
          "col": 3,
          "lit": "fetch-tags"
        },
        "value": {
          "type": 0,
          "file": 2,
          "line": 79,
          "col": 14,
          "lit": "false"
        }
      },
      {
        "key": {
          "type": 0,
          "file": 2,
          "line": 80,
          "col": 3,
          "lit": "show-progress"
        },
        "value": {
          "type": 0,
          "file": 2,
          "line": 82,
          "col": 14,
          "lit": "true"
        }
      },
      {
        "key": {
          "type": 0,
          "file": 2,
          "line": 83,
          "col": 3,
          "lit": "lfs"
        },
        "value": {
          "type": 0,
          "file": 2,
          "line": 85,
          "col": 14,
          "lit": "false"
        }
      },
      {
        "key": {
          "type": 0,
          "file": 2,
          "line": 86,
          "col": 3,
          "lit": "submodules"
        },
        "value": {
          "type": 0,
          "file": 2,
          "line": 94,
          "col": 14,
          "lit": "false"
        }
      },
      {
        "key": {
          "type": 0,
          "file": 2,
          "line": 95,
          "col": 3,
          "lit": "set-safe-directory"
        },
        "value": {
          "type": 0,
          "file": 2,
          "line": 97,
          "col": 14,
          "lit": "true"
        }
      },
      {
        "key": {
          "type": 0,
          "file": 2,
          "line": 98,
          "col": 3,
          "lit": "github-server-url"
        },
        "value": ""
      },
      {
        "key": {
          "type": 0,
          "file": 2,
          "line": 101,
          "col": 3,
          "lit": "allow-unsafe-pr-checkout"
        },
        "value": {
          "type": 0,
          "file": 2,
          "line": 109,
          "col": 14,
          "lit": "false"
        }
      }
    ]
  },
  "execution": {
    "executionType": "nodeJS",
    "hasPre": false,
    "hasPost": true,
    "script": "dist/index.js",
    "pre": null,
    "post": "dist/index.js",
    "nodeVersion": "node20",
    "cleanupCondition": "always()",
    "initCondition": "always()"
  },
  "deprecated": null
}
[2026-09-30 10:21:41Z INFO ActionManager] Action node.js file: dist/index.js, no more preparation.
[2026-09-30 10:21:41Z INFO HostContext] Well known directory 'Bin': 'C:\Devops_training\DevOpsCICDProject\actions-runner\bin'
[2026-09-30 10:21:41Z INFO HostContext] Well known directory 'Root': 'C:\Devops_training\DevOpsCICDProject\actions-runner'
[2026-09-30 10:21:41Z INFO HostContext] Well known directory 'Work': 'C:\Devops_training\DevOpsCICDProject\actions-runner\_work'
[2026-09-30 10:21:41Z INFO HostContext] Well known directory 'Actions': 'C:\Devops_training\DevOpsCICDProject\actions-runner\_work\_actions'
[2026-09-30 10:21:41Z INFO ActionManager] Load action that reference repository from 'C:\Devops_training\DevOpsCICDProject\actions-runner\_work\_actions\actions\checkout\v4'
[2026-09-30 10:21:41Z INFO HostContext] Well known directory 'Bin': 'C:\Devops_training\DevOpsCICDProject\actions-runner\bin'
[2026-09-30 10:21:41Z INFO HostContext] Well known directory 'Root': 'C:\Devops_training\DevOpsCICDProject\actions-runner'
[2026-09-30 10:21:41Z INFO HostContext] Well known directory 'Work': 'C:\Devops_training\DevOpsCICDProject\actions-runner\_work'
[2026-09-30 10:21:41Z INFO HostContext] Well known directory 'Actions': 'C:\Devops_training\DevOpsCICDProject\actions-runner\_work\_actions'
[2026-09-30 10:21:41Z INFO ActionManifestManagerLegacy] Loaded action.yml file: {
  "name": "Checkout",
  "description": "Checkout a Git repository at a particular version",
  "inputs": {
    "type": 2,
    "map": [
      {
        "key": {
          "type": 0,
          "file": 2,
          "line": 4,
          "col": 3,
          "lit": "repository"
        },
        "value": {
          "type": 3,
          "file": 2,
          "line": 6,
          "col": 14,
          "expr": "github.repository"
        }
      },
      {
        "key": {
          "type": 0,
          "file": 2,
          "line": 7,
          "col": 3,
          "lit": "ref"
        },
        "value": ""
      },
      {
        "key": {
          "type": 0,
          "file": 2,
          "line": 12,
          "col": 3,
          "lit": "token"
        },
        "value": {
          "type": 3,
          "file": 2,
          "line": 24,
          "col": 14,
          "expr": "github.token"
        }
      },
      {
        "key": {
          "type": 0,
          "file": 2,
          "line": 25,
          "col": 3,
          "lit": "ssh-key"
        },
        "value": ""
      },
      {
        "key": {
          "type": 0,
          "file": 2,
          "line": 37,
          "col": 3,
          "lit": "ssh-known-hosts"
        },
        "value": ""
      },
      {
        "key": {
          "type": 0,
          "file": 2,
          "line": 42,
          "col": 3,
          "lit": "ssh-strict"
        },
        "value": {
          "type": 0,
          "file": 2,
          "line": 47,
          "col": 14,
          "lit": "true"
        }
      },
      {
        "key": {
          "type": 0,
          "file": 2,
          "line": 48,
          "col": 3,
          "lit": "ssh-user"
        },
        "value": {
          "type": 0,
          "file": 2,
          "line": 51,
          "col": 14,
          "lit": "git"
        }
      },
      {
        "key": {
          "type": 0,
          "file": 2,
          "line": 52,
          "col": 3,
          "lit": "persist-credentials"
        },
        "value": {
          "type": 0,
          "file": 2,
          "line": 54,
          "col": 14,
          "lit": "true"
        }
      },
      {
        "key": {
          "type": 0,
          "file": 2,
          "line": 55,
          "col": 3,
          "lit": "path"
        },
        "value": ""
      },
      {
        "key": {
          "type": 0,
          "file": 2,
          "line": 57,
          "col": 3,
          "lit": "clean"
        },
        "value": {
          "type": 0,
          "file": 2,
          "line": 59,
          "col": 14,
          "lit": "true"
        }
      },
      {
        "key": {
          "type": 0,
          "file": 2,
          "line": 60,
          "col": 3,
          "lit": "filter"
        },
        "value": {
          "type": 0,
          "file": 2,
          "line": 64,
          "col": 14,
          "lit": ""
        }
      },
      {
        "key": {
          "type": 0,
          "file": 2,
          "line": 65,
          "col": 3,
          "lit": "sparse-checkout"
        },
        "value": {
          "type": 0,
          "file": 2,
          "line": 69,
          "col": 14,
          "lit": ""
        }
      },
      {
        "key": {
          "type": 0,
          "file": 2,
          "line": 70,
          "col": 3,
          "lit": "sparse-checkout-cone-mode"
        },
        "value": {
          "type": 0,
          "file": 2,
          "line": 73,
          "col": 14,
          "lit": "true"
        }
      },
      {
        "key": {
          "type": 0,
          "file": 2,
          "line": 74,
          "col": 3,
          "lit": "fetch-depth"
        },
        "value": {
          "type": 0,
          "file": 2,
          "line": 76,
          "col": 14,
          "lit": "1"
        }
      },
      {
        "key": {
          "type": 0,
          "file": 2,
          "line": 77,
          "col": 3,
          "lit": "fetch-tags"
        },
        "value": {
          "type": 0,
          "file": 2,
          "line": 79,
          "col": 14,
          "lit": "false"
        }
      },
      {
        "key": {
          "type": 0,
          "file": 2,
          "line": 80,
          "col": 3,
          "lit": "show-progress"
        },
        "value": {
          "type": 0,
          "file": 2,
          "line": 82,
          "col": 14,
          "lit": "true"
        }
      },
      {
        "key": {
          "type": 0,
          "file": 2,
          "line": 83,
          "col": 3,
          "lit": "lfs"
        },
        "value": {
          "type": 0,
          "file": 2,
          "line": 85,
          "col": 14,
          "lit": "false"
        }
      },
      {
        "key": {
          "type": 0,
          "file": 2,
          "line": 86,
          "col": 3,
          "lit": "submodules"
        },
        "value": {
          "type": 0,
          "file": 2,
          "line": 94,
          "col": 14,
          "lit": "false"
        }
      },
      {
        "key": {
          "type": 0,
          "file": 2,
          "line": 95,
          "col": 3,
          "lit": "set-safe-directory"
        },
        "value": {
          "type": 0,
          "file": 2,
          "line": 97,
          "col": 14,
          "lit": "true"
        }
      },
      {
        "key": {
          "type": 0,
          "file": 2,
          "line": 98,
          "col": 3,
          "lit": "github-server-url"
        },
        "value": ""
      },
      {
        "key": {
          "type": 0,
          "file": 2,
          "line": 101,
          "col": 3,
          "lit": "allow-unsafe-pr-checkout"
        },
        "value": {
          "type": 0,
          "file": 2,
          "line": 109,
          "col": 14,
          "lit": "false"
        }
      }
    ]
  },
  "execution": {
    "executionType": "nodeJS",
    "hasPre": false,
    "hasPost": true,
    "script": "dist/index.js",
    "pre": null,
    "post": "dist/index.js",
    "nodeVersion": "node20",
    "cleanupCondition": "always()",
    "initCondition": "always()"
  },
  "deprecated": null
}
[2026-09-30 10:21:41Z INFO ActionManager] Action pre node.js file: N/A.
[2026-09-30 10:21:41Z INFO ActionManager] Action node.js file: dist/index.js.
[2026-09-30 10:21:41Z INFO ActionManager] Action post node.js file: dist/index.js.
[2026-09-30 10:21:41Z INFO JobExtension] Adding .
[2026-09-30 10:21:41Z INFO JobExtension] Adding .
[2026-09-30 10:21:41Z INFO JobExtension] Adding .
[2026-09-30 10:21:41Z INFO JobExtension] Adding .
[2026-09-30 10:21:41Z INFO JobExtension] Adding .
[2026-09-30 10:21:41Z INFO JobExtension] Adding .
[2026-09-30 10:21:41Z INFO JobExtension] Adding .
[2026-09-30 10:21:41Z INFO JobExtension] Adding .
[2026-09-30 10:21:41Z INFO JobExtension] Adding .
[2026-09-30 10:21:41Z INFO HostContext] Well known directory 'Bin': 'C:\Devops_training\DevOpsCICDProject\actions-runner\bin'
[2026-09-30 10:21:41Z INFO HostContext] Well known directory 'Root': 'C:\Devops_training\DevOpsCICDProject\actions-runner'
[2026-09-30 10:21:41Z INFO HostContext] Well known directory 'Diag': 'C:\Devops_training\DevOpsCICDProject\actions-runner\_diag'
[2026-09-30 10:21:41Z INFO HostContext] Well known directory 'Bin': 'C:\Devops_training\DevOpsCICDProject\actions-runner\bin'
[2026-09-30 10:21:41Z INFO HostContext] Well known directory 'Root': 'C:\Devops_training\DevOpsCICDProject\actions-runner'
[2026-09-30 10:21:41Z INFO HostContext] Well known directory 'Diag': 'C:\Devops_training\DevOpsCICDProject\actions-runner\_diag'
[2026-09-30 10:21:41Z INFO HostContext] Well known directory 'Bin': 'C:\Devops_training\DevOpsCICDProject\actions-runner\bin'
[2026-09-30 10:21:41Z INFO HostContext] Well known directory 'Root': 'C:\Devops_training\DevOpsCICDProject\actions-runner'
[2026-09-30 10:21:41Z INFO HostContext] Well known directory 'Diag': 'C:\Devops_training\DevOpsCICDProject\actions-runner\_diag'
[2026-09-30 10:21:41Z INFO HostContext] Well known directory 'Bin': 'C:\Devops_training\DevOpsCICDProject\actions-runner\bin'
[2026-09-30 10:21:41Z INFO HostContext] Well known directory 'Root': 'C:\Devops_training\DevOpsCICDProject\actions-runner'
[2026-09-30 10:21:41Z INFO HostContext] Well known directory 'Diag': 'C:\Devops_training\DevOpsCICDProject\actions-runner\_diag'
[2026-09-30 10:21:41Z INFO HostContext] Well known directory 'Bin': 'C:\Devops_training\DevOpsCICDProject\actions-runner\bin'
[2026-09-30 10:21:41Z INFO HostContext] Well known directory 'Root': 'C:\Devops_training\DevOpsCICDProject\actions-runner'
[2026-09-30 10:21:41Z INFO HostContext] Well known directory 'Diag': 'C:\Devops_training\DevOpsCICDProject\actions-runner\_diag'
[2026-09-30 10:21:41Z INFO HostContext] Well known directory 'Bin': 'C:\Devops_training\DevOpsCICDProject\actions-runner\bin'
[2026-09-30 10:21:41Z INFO HostContext] Well known directory 'Root': 'C:\Devops_training\DevOpsCICDProject\actions-runner'
[2026-09-30 10:21:41Z INFO HostContext] Well known directory 'Diag': 'C:\Devops_training\DevOpsCICDProject\actions-runner\_diag'
[2026-09-30 10:21:41Z INFO HostContext] Well known directory 'Bin': 'C:\Devops_training\DevOpsCICDProject\actions-runner\bin'
[2026-09-30 10:21:41Z INFO HostContext] Well known directory 'Root': 'C:\Devops_training\DevOpsCICDProject\actions-runner'
[2026-09-30 10:21:41Z INFO HostContext] Well known directory 'Diag': 'C:\Devops_training\DevOpsCICDProject\actions-runner\_diag'
[2026-09-30 10:21:41Z INFO HostContext] Well known directory 'Bin': 'C:\Devops_training\DevOpsCICDProject\actions-runner\bin'
[2026-09-30 10:21:41Z INFO HostContext] Well known directory 'Root': 'C:\Devops_training\DevOpsCICDProject\actions-runner'
[2026-09-30 10:21:41Z INFO HostContext] Well known directory 'Diag': 'C:\Devops_training\DevOpsCICDProject\actions-runner\_diag'
[2026-09-30 10:21:41Z INFO JobServerQueue] Try to append 1 batches web console lines for record 'b4d8f64b-fee6-4c14-a7d2-1ab2b8f00205', success rate: 1/1.
[2026-09-30 10:21:41Z INFO HostContext] Well known directory 'Bin': 'C:\Devops_training\DevOpsCICDProject\actions-runner\bin'
[2026-09-30 10:21:41Z INFO HostContext] Well known directory 'Root': 'C:\Devops_training\DevOpsCICDProject\actions-runner'
[2026-09-30 10:21:41Z INFO HostContext] Well known directory 'Diag': 'C:\Devops_training\DevOpsCICDProject\actions-runner\_diag'
[2026-09-30 10:21:41Z INFO HostContext] Well known directory 'Bin': 'C:\Devops_training\DevOpsCICDProject\actions-runner\bin'
[2026-09-30 10:21:41Z INFO HostContext] Well known directory 'Root': 'C:\Devops_training\DevOpsCICDProject\actions-runner'
[2026-09-30 10:21:41Z INFO HostContext] Well known directory 'Diag': 'C:\Devops_training\DevOpsCICDProject\actions-runner\_diag'
[2026-09-30 10:21:41Z INFO HostContext] Well known directory 'Bin': 'C:\Devops_training\DevOpsCICDProject\actions-runner\bin'
[2026-09-30 10:21:41Z INFO HostContext] Well known directory 'Root': 'C:\Devops_training\DevOpsCICDProject\actions-runner'
[2026-09-30 10:21:41Z INFO HostContext] Well known directory 'Diag': 'C:\Devops_training\DevOpsCICDProject\actions-runner\_diag'
[2026-09-30 10:21:41Z INFO HostContext] Well known directory 'Bin': 'C:\Devops_training\DevOpsCICDProject\actions-runner\bin'
[2026-09-30 10:21:41Z INFO HostContext] Well known directory 'Root': 'C:\Devops_training\DevOpsCICDProject\actions-runner'
[2026-09-30 10:21:41Z INFO HostContext] Well known directory 'Diag': 'C:\Devops_training\DevOpsCICDProject\actions-runner\_diag'
[2026-09-30 10:21:41Z INFO HostContext] Well known directory 'Bin': 'C:\Devops_training\DevOpsCICDProject\actions-runner\bin'
[2026-09-30 10:21:41Z INFO HostContext] Well known directory 'Root': 'C:\Devops_training\DevOpsCICDProject\actions-runner'
[2026-09-30 10:21:41Z INFO HostContext] Well known directory 'Diag': 'C:\Devops_training\DevOpsCICDProject\actions-runner\_diag'
[2026-09-30 10:21:41Z INFO HostContext] Well known directory 'Bin': 'C:\Devops_training\DevOpsCICDProject\actions-runner\bin'
[2026-09-30 10:21:41Z INFO HostContext] Well known directory 'Root': 'C:\Devops_training\DevOpsCICDProject\actions-runner'
[2026-09-30 10:21:41Z INFO HostContext] Well known directory 'Diag': 'C:\Devops_training\DevOpsCICDProject\actions-runner\_diag'
[2026-09-30 10:21:41Z INFO HostContext] Well known directory 'Bin': 'C:\Devops_training\DevOpsCICDProject\actions-runner\bin'
[2026-09-30 10:21:41Z INFO HostContext] Well known directory 'Root': 'C:\Devops_training\DevOpsCICDProject\actions-runner'
[2026-09-30 10:21:41Z INFO HostContext] Well known directory 'Diag': 'C:\Devops_training\DevOpsCICDProject\actions-runner\_diag'
[2026-09-30 10:21:41Z INFO HostContext] Well known directory 'Bin': 'C:\Devops_training\DevOpsCICDProject\actions-runner\bin'
[2026-09-30 10:21:41Z INFO HostContext] Well known directory 'Root': 'C:\Devops_training\DevOpsCICDProject\actions-runner'
[2026-09-30 10:21:41Z INFO HostContext] Well known directory 'Diag': 'C:\Devops_training\DevOpsCICDProject\actions-runner\_diag'
[2026-09-30 10:21:41Z INFO HostContext] Well known directory 'Bin': 'C:\Devops_training\DevOpsCICDProject\actions-runner\bin'
[2026-09-30 10:21:41Z INFO HostContext] Well known directory 'Root': 'C:\Devops_training\DevOpsCICDProject\actions-runner'
[2026-09-30 10:21:41Z INFO HostContext] Well known directory 'Diag': 'C:\Devops_training\DevOpsCICDProject\actions-runner\_diag'
[2026-09-30 10:21:41Z INFO HostContext] Well known directory 'Bin': 'C:\Devops_training\DevOpsCICDProject\actions-runner\bin'
[2026-09-30 10:21:41Z INFO HostContext] Well known directory 'Root': 'C:\Devops_training\DevOpsCICDProject\actions-runner'
[2026-09-30 10:21:41Z INFO HostContext] Well known directory 'Diag': 'C:\Devops_training\DevOpsCICDProject\actions-runner\_diag'
[2026-09-30 10:21:41Z INFO JobExtension] Total accessible running process: 334.
[2026-09-30 10:21:41Z INFO HostContext] Well known directory 'Bin': 'C:\Devops_training\DevOpsCICDProject\actions-runner\bin'
[2026-09-30 10:21:41Z INFO HostContext] Well known directory 'Root': 'C:\Devops_training\DevOpsCICDProject\actions-runner'
[2026-09-30 10:21:41Z INFO HostContext] Well known directory 'Work': 'C:\Devops_training\DevOpsCICDProject\actions-runner\_work'
[2026-09-30 10:21:41Z INFO JobExtension] Start checking server connectivity.
[2026-09-30 10:21:41Z INFO JobExtension] Check server connectivity for https://broker.actions.githubusercontent.com/health.
[2026-09-30 10:21:41Z INFO JobExtension] Check server connectivity for https://token.actions.githubusercontent.com/ready.
[2026-09-30 10:21:41Z INFO JobExtension] Check server connectivity for https://run.actions.githubusercontent.com/health.
[2026-09-30 10:21:41Z INFO JobExtension] Start checking service connectivity in background.
[2026-09-30 10:21:41Z INFO ExecutionContext] Publish step telemetry for current step {
  "action": "setup_job",
  "type": "runner",
  "stage": "Pre",
  "stepId": "b4d8f64b-fee6-4c14-a7d2-1ab2b8f00205",
  "result": "succeeded",
  "errorMessages": [],
  "executionTimeInSeconds": 2,
  "startTime": "2026-09-30T10:21:40.071724Z",
  "finishTime": "2026-09-30T10:21:41.99148Z"
}.
[2026-09-30 10:21:41Z INFO JobRunner] Total job steps: 9.
[2026-09-30 10:21:41Z INFO JobRunner] Run all job steps.
[2026-09-30 10:21:42Z INFO DapDebugger] DapDebugger initialized
[2026-09-30 10:21:42Z INFO StepsRunner] Processing step: DisplayName='Checkout Code'
[2026-09-30 10:21:42Z INFO StepsRunner] Evaluating: success()
[2026-09-30 10:21:42Z INFO StepsRunner] Result: true
[2026-09-30 10:21:42Z INFO StepsRunner] Starting the step.
[2026-09-30 10:21:42Z INFO HostContext] Well known directory 'Bin': 'C:\Devops_training\DevOpsCICDProject\actions-runner\bin'
[2026-09-30 10:21:42Z INFO HostContext] Well known directory 'Root': 'C:\Devops_training\DevOpsCICDProject\actions-runner'
[2026-09-30 10:21:42Z INFO HostContext] Well known directory 'Work': 'C:\Devops_training\DevOpsCICDProject\actions-runner\_work'
[2026-09-30 10:21:42Z INFO StepsRunner] Which2: 'chcp'
[2026-09-30 10:21:42Z INFO StepsRunner] Location: 'C:\windows\system32\chcp.COM'
[2026-09-30 10:21:42Z INFO ProcessInvokerWrapper] Starting process:
[2026-09-30 10:21:42Z INFO ProcessInvokerWrapper]   File name: 'C:\windows\system32\chcp.COM'
[2026-09-30 10:21:42Z INFO ProcessInvokerWrapper]   Arguments: '65001'
[2026-09-30 10:21:42Z INFO ProcessInvokerWrapper]   Working directory: 'C:\Devops_training\DevOpsCICDProject\actions-runner\_work'
[2026-09-30 10:21:42Z INFO ProcessInvokerWrapper]   Require exit code zero: 'False'
[2026-09-30 10:21:42Z INFO ProcessInvokerWrapper]   Encoding web name:  ; code page: ''
[2026-09-30 10:21:42Z INFO ProcessInvokerWrapper]   Force kill process on cancellation: 'False'
[2026-09-30 10:21:42Z INFO ProcessInvokerWrapper]   Redirected STDIN: 'False'
[2026-09-30 10:21:42Z INFO ProcessInvokerWrapper]   Persist current code page: 'True'
[2026-09-30 10:21:42Z INFO ProcessInvokerWrapper]   Keep redirected STDIN open: 'False'
[2026-09-30 10:21:42Z INFO ProcessInvokerWrapper]   High priority process: 'False'
[2026-09-30 10:21:42Z INFO ProcessInvokerWrapper] Process started with process id 20360, waiting for process exit.
[2026-09-30 10:21:42Z INFO ProcessInvokerWrapper] STDOUT/STDERR stream read finished.
[2026-09-30 10:21:42Z INFO ProcessInvokerWrapper] STDOUT/STDERR stream read finished.
[2026-09-30 10:21:42Z INFO ProcessInvokerWrapper] Finished process 20360 with exit code 0, and elapsed time 00:00:00.0198947.
[2026-09-30 10:21:42Z INFO StepsRunner] Successfully returned to code page 65001 (UTF8)
[2026-09-30 10:21:42Z INFO HostContext] Well known directory 'Bin': 'C:\Devops_training\DevOpsCICDProject\actions-runner\bin'
[2026-09-30 10:21:42Z INFO HostContext] Well known directory 'Root': 'C:\Devops_training\DevOpsCICDProject\actions-runner'
[2026-09-30 10:21:42Z INFO HostContext] Well known directory 'Work': 'C:\Devops_training\DevOpsCICDProject\actions-runner\_work'
[2026-09-30 10:21:42Z INFO HostContext] Well known directory 'Actions': 'C:\Devops_training\DevOpsCICDProject\actions-runner\_work\_actions'
[2026-09-30 10:21:42Z INFO ActionManager] Load action that reference repository from 'C:\Devops_training\DevOpsCICDProject\actions-runner\_work\_actions\actions\checkout\v4'
[2026-09-30 10:21:42Z INFO HostContext] Well known directory 'Bin': 'C:\Devops_training\DevOpsCICDProject\actions-runner\bin'
[2026-09-30 10:21:42Z INFO HostContext] Well known directory 'Root': 'C:\Devops_training\DevOpsCICDProject\actions-runner'
[2026-09-30 10:21:42Z INFO HostContext] Well known directory 'Work': 'C:\Devops_training\DevOpsCICDProject\actions-runner\_work'
[2026-09-30 10:21:42Z INFO HostContext] Well known directory 'Actions': 'C:\Devops_training\DevOpsCICDProject\actions-runner\_work\_actions'
[2026-09-30 10:21:42Z INFO ActionManifestManagerLegacy] Loaded action.yml file: {
  "name": "Checkout",
  "description": "Checkout a Git repository at a particular version",
  "inputs": {
    "type": 2,
    "map": [
      {
        "key": {
          "type": 0,
          "file": 2,
          "line": 4,
          "col": 3,
          "lit": "repository"
        },
        "value": {
          "type": 3,
          "file": 2,
          "line": 6,
          "col": 14,
          "expr": "github.repository"
        }
      },
      {
        "key": {
          "type": 0,
          "file": 2,
          "line": 7,
          "col": 3,
          "lit": "ref"
        },
        "value": ""
      },
      {
        "key": {
          "type": 0,
          "file": 2,
          "line": 12,
          "col": 3,
          "lit": "token"
        },
        "value": {
          "type": 3,
          "file": 2,
          "line": 24,
          "col": 14,
          "expr": "github.token"
        }
      },
      {
        "key": {
          "type": 0,
          "file": 2,
          "line": 25,
          "col": 3,
          "lit": "ssh-key"
        },
        "value": ""
      },
      {
        "key": {
          "type": 0,
          "file": 2,
          "line": 37,
          "col": 3,
          "lit": "ssh-known-hosts"
        },
        "value": ""
      },
      {
        "key": {
          "type": 0,
          "file": 2,
          "line": 42,
          "col": 3,
          "lit": "ssh-strict"
        },
        "value": {
          "type": 0,
          "file": 2,
          "line": 47,
          "col": 14,
          "lit": "true"
        }
      },
      {
        "key": {
          "type": 0,
          "file": 2,
          "line": 48,
          "col": 3,
          "lit": "ssh-user"
        },
        "value": {
          "type": 0,
          "file": 2,
          "line": 51,
          "col": 14,
          "lit": "git"
        }
      },
      {
        "key": {
          "type": 0,
          "file": 2,
          "line": 52,
          "col": 3,
          "lit": "persist-credentials"
        },
        "value": {
          "type": 0,
          "file": 2,
          "line": 54,
          "col": 14,
          "lit": "true"
        }
      },
      {
        "key": {
          "type": 0,
          "file": 2,
          "line": 55,
          "col": 3,
          "lit": "path"
        },
        "value": ""
      },
      {
        "key": {
          "type": 0,
          "file": 2,
          "line": 57,
          "col": 3,
          "lit": "clean"
        },
        "value": {
          "type": 0,
          "file": 2,
          "line": 59,
          "col": 14,
          "lit": "true"
        }
      },
      {
        "key": {
          "type": 0,
          "file": 2,
          "line": 60,
          "col": 3,
          "lit": "filter"
        },
        "value": {
          "type": 0,
          "file": 2,
          "line": 64,
          "col": 14,
          "lit": ""
        }
      },
      {
        "key": {
          "type": 0,
          "file": 2,
          "line": 65,
          "col": 3,
          "lit": "sparse-checkout"
        },
        "value": {
          "type": 0,
          "file": 2,
          "line": 69,
          "col": 14,
          "lit": ""
        }
      },
      {
        "key": {
          "type": 0,
          "file": 2,
          "line": 70,
          "col": 3,
          "lit": "sparse-checkout-cone-mode"
        },
        "value": {
          "type": 0,
          "file": 2,
          "line": 73,
          "col": 14,
          "lit": "true"
        }
      },
      {
        "key": {
          "type": 0,
          "file": 2,
          "line": 74,
          "col": 3,
          "lit": "fetch-depth"
        },
        "value": {
          "type": 0,
          "file": 2,
          "line": 76,
          "col": 14,
          "lit": "1"
        }
      },
      {
        "key": {
          "type": 0,
          "file": 2,
          "line": 77,
          "col": 3,
          "lit": "fetch-tags"
        },
        "value": {
          "type": 0,
          "file": 2,
          "line": 79,
          "col": 14,
          "lit": "false"
        }
      },
      {
        "key": {
          "type": 0,
          "file": 2,
          "line": 80,
          "col": 3,
          "lit": "show-progress"
        },
        "value": {
          "type": 0,
          "file": 2,
          "line": 82,
          "col": 14,
          "lit": "true"
        }
      },
      {
        "key": {
          "type": 0,
          "file": 2,
          "line": 83,
          "col": 3,
          "lit": "lfs"
        },
        "value": {
          "type": 0,
          "file": 2,
          "line": 85,
          "col": 14,
          "lit": "false"
        }
      },
      {
        "key": {
          "type": 0,
          "file": 2,
          "line": 86,
          "col": 3,
          "lit": "submodules"
        },
        "value": {
          "type": 0,
          "file": 2,
          "line": 94,
          "col": 14,
          "lit": "false"
        }
      },
      {
        "key": {
          "type": 0,
          "file": 2,
          "line": 95,
          "col": 3,
          "lit": "set-safe-directory"
        },
        "value": {
          "type": 0,
          "file": 2,
          "line": 97,
          "col": 14,
          "lit": "true"
        }
      },
      {
        "key": {
          "type": 0,
          "file": 2,
          "line": 98,
          "col": 3,
          "lit": "github-server-url"
        },
        "value": ""
      },
      {
        "key": {
          "type": 0,
          "file": 2,
          "line": 101,
          "col": 3,
          "lit": "allow-unsafe-pr-checkout"
        },
        "value": {
          "type": 0,
          "file": 2,
          "line": 109,
          "col": 14,
          "lit": "false"
        }
      }
    ]
  },
  "execution": {
    "executionType": "nodeJS",
    "hasPre": false,
    "hasPost": true,
    "script": "dist/index.js",
    "pre": null,
    "post": "dist/index.js",
    "nodeVersion": "node20",
    "cleanupCondition": "always()",
    "initCondition": "always()"
  },
  "deprecated": null
}
[2026-09-30 10:21:42Z INFO ActionManager] Action pre node.js file: N/A.
[2026-09-30 10:21:42Z INFO ActionManager] Action node.js file: dist/index.js.
[2026-09-30 10:21:42Z INFO ActionManager] Action post node.js file: dist/index.js.
[2026-09-30 10:21:42Z INFO ExecutionContext] Reserve record order 11 to 20 for post job actions.
[2026-09-30 10:21:42Z INFO HostContext] Well known directory 'Bin': 'C:\Devops_training\DevOpsCICDProject\actions-runner\bin'
[2026-09-30 10:21:42Z INFO HostContext] Well known directory 'Root': 'C:\Devops_training\DevOpsCICDProject\actions-runner'
[2026-09-30 10:21:42Z INFO HostContext] Well known directory 'Diag': 'C:\Devops_training\DevOpsCICDProject\actions-runner\_diag'
[2026-09-30 10:21:42Z INFO HostContext] Well known directory 'Bin': 'C:\Devops_training\DevOpsCICDProject\actions-runner\bin'
[2026-09-30 10:21:42Z INFO HostContext] Well known directory 'Root': 'C:\Devops_training\DevOpsCICDProject\actions-runner'
[2026-09-30 10:21:42Z INFO HostContext] Well known directory 'Diag': 'C:\Devops_training\DevOpsCICDProject\actions-runner\_diag'
[2026-09-30 10:21:42Z INFO HostContext] Well known directory 'Bin': 'C:\Devops_training\DevOpsCICDProject\actions-runner\bin'
[2026-09-30 10:21:42Z INFO JobServerQueue] Got a step log file to send to results service.
[2026-09-30 10:21:42Z INFO HostContext] Well known directory 'Root': 'C:\Devops_training\DevOpsCICDProject\actions-runner'
[2026-09-30 10:21:42Z INFO HostContext] Well known directory 'Work': 'C:\Devops_training\DevOpsCICDProject\actions-runner\_work'
[2026-09-30 10:21:42Z INFO HostContext] Well known directory 'Temp': 'C:\Devops_training\DevOpsCICDProject\actions-runner\_work\_temp'
[2026-09-30 10:21:42Z INFO JobServerQueue] Starting upload of step log file to results service ResultsLog, C:\Devops_training\DevOpsCICDProject\actions-runner\_diag\blocks\e65d4465-6ba5-8661-a11a-781b79e7aa89_b4d8f64b-fee6-4c14-a7d2-1ab2b8f00205.1
[2026-09-30 10:21:42Z INFO JobServerQueue] Try to upload 1 log files or attachments, success rate: 1/1.
[2026-09-30 10:21:42Z INFO ExecutionContext] Write event payload to C:\Devops_training\DevOpsCICDProject\actions-runner\_work\_temp\_github_workflow\event.json
[2026-09-30 10:21:42Z INFO HostContext] Well known directory 'Bin': 'C:\Devops_training\DevOpsCICDProject\actions-runner\bin'
[2026-09-30 10:21:42Z INFO HostContext] Well known directory 'Root': 'C:\Devops_training\DevOpsCICDProject\actions-runner'
[2026-09-30 10:21:42Z INFO HostContext] Well known directory 'Work': 'C:\Devops_training\DevOpsCICDProject\actions-runner\_work'
[2026-09-30 10:21:42Z INFO HostContext] Well known directory 'Temp': 'C:\Devops_training\DevOpsCICDProject\actions-runner\_work\_temp'
[2026-09-30 10:21:42Z INFO ExtensionManager] Getting extensions for interface: 'GitHub.Runner.Worker.IFileCommandExtension'
[2026-09-30 10:21:42Z INFO ExtensionManager] Creating instance: GitHub.Runner.Worker.AddPathFileCommand, Runner.Worker
[2026-09-30 10:21:42Z INFO ExtensionManager] Creating instance: GitHub.Runner.Worker.SetEnvFileCommand, Runner.Worker
[2026-09-30 10:21:42Z INFO ExtensionManager] Creating instance: GitHub.Runner.Worker.CreateStepSummaryCommand, Runner.Worker
[2026-09-30 10:21:42Z INFO ExtensionManager] Creating instance: GitHub.Runner.Worker.SaveStateFileCommand, Runner.Worker
[2026-09-30 10:21:42Z INFO ExtensionManager] Creating instance: GitHub.Runner.Worker.SetOutputFileCommand, Runner.Worker
[2026-09-30 10:21:42Z INFO ExtensionManager] Creating instance: GitHub.Runner.Worker.CreateArtifactsFileCommand, Runner.Worker
[2026-09-30 10:21:42Z INFO ExtensionManager] Creating instance: GitHub.Runner.Worker.ArtifactsListFileCommand, Runner.Worker
[2026-09-30 10:21:42Z INFO ActionManifestManagerLegacy] Input 'repository': default value evaluate result: {
  "type": 0,
  "file": 2,
  "line": 6,
  "col": 14,
  "lit": "Prabhatkumarkhemariya/DevOpsCICDProject"
}
[2026-09-30 10:21:42Z INFO ActionManifestManagerLegacy] Input 'ref': default value evaluate result: ""
[2026-09-30 10:21:42Z INFO ActionManifestManagerLegacy] Input 'token': default value evaluate result: {
  "type": 0,
  "file": 2,
  "line": 24,
  "col": 14,
  "lit": "***"
}
[2026-09-30 10:21:42Z INFO ActionManifestManagerLegacy] Input 'ssh-key': default value evaluate result: ""
[2026-09-30 10:21:42Z INFO ActionManifestManagerLegacy] Input 'ssh-known-hosts': default value evaluate result: ""
[2026-09-30 10:21:42Z INFO ActionManifestManagerLegacy] Input 'ssh-strict': default value evaluate result: {
  "type": 0,
  "file": 2,
  "line": 47,
  "col": 14,
  "lit": "true"
}
[2026-09-30 10:21:42Z INFO ActionManifestManagerLegacy] Input 'ssh-user': default value evaluate result: {
  "type": 0,
  "file": 2,
  "line": 51,
  "col": 14,
  "lit": "git"
}
[2026-09-30 10:21:42Z INFO ActionManifestManagerLegacy] Input 'persist-credentials': default value evaluate result: {
  "type": 0,
  "file": 2,
  "line": 54,
  "col": 14,
  "lit": "true"
}
[2026-09-30 10:21:42Z INFO ActionManifestManagerLegacy] Input 'path': default value evaluate result: ""
[2026-09-30 10:21:42Z INFO ActionManifestManagerLegacy] Input 'clean': default value evaluate result: {
  "type": 0,
  "file": 2,
  "line": 59,
  "col": 14,
  "lit": "true"
}
[2026-09-30 10:21:42Z INFO ActionManifestManagerLegacy] Input 'filter': default value evaluate result: {
  "type": 0,
  "file": 2,
  "line": 64,
  "col": 14,
  "lit": ""
}
[2026-09-30 10:21:42Z INFO ActionManifestManagerLegacy] Input 'sparse-checkout': default value evaluate result: {
  "type": 0,
  "file": 2,
  "line": 69,
  "col": 14,
  "lit": ""
}
[2026-09-30 10:21:42Z INFO ActionManifestManagerLegacy] Input 'sparse-checkout-cone-mode': default value evaluate result: {
  "type": 0,
  "file": 2,
  "line": 73,
  "col": 14,
  "lit": "true"
}
[2026-09-30 10:21:42Z INFO ActionManifestManagerLegacy] Input 'fetch-depth': default value evaluate result: {
  "type": 0,
  "file": 2,
  "line": 76,
  "col": 14,
  "lit": "1"
}
[2026-09-30 10:21:42Z INFO ActionManifestManagerLegacy] Input 'fetch-tags': default value evaluate result: {
  "type": 0,
  "file": 2,
  "line": 79,
  "col": 14,
  "lit": "false"
}
[2026-09-30 10:21:42Z INFO ActionManifestManagerLegacy] Input 'show-progress': default value evaluate result: {
  "type": 0,
  "file": 2,
  "line": 82,
  "col": 14,
  "lit": "true"
}
[2026-09-30 10:21:42Z INFO ActionManifestManagerLegacy] Input 'lfs': default value evaluate result: {
  "type": 0,
  "file": 2,
  "line": 85,
  "col": 14,
  "lit": "false"
}
[2026-09-30 10:21:42Z INFO ActionManifestManagerLegacy] Input 'submodules': default value evaluate result: {
  "type": 0,
  "file": 2,
  "line": 94,
  "col": 14,
  "lit": "false"
}
[2026-09-30 10:21:42Z INFO ActionManifestManagerLegacy] Input 'set-safe-directory': default value evaluate result: {
  "type": 0,
  "file": 2,
  "line": 97,
  "col": 14,
  "lit": "true"
}
[2026-09-30 10:21:42Z INFO ActionManifestManagerLegacy] Input 'github-server-url': default value evaluate result: ""
[2026-09-30 10:21:42Z INFO ActionManifestManagerLegacy] Input 'allow-unsafe-pr-checkout': default value evaluate result: {
  "type": 0,
  "file": 2,
  "line": 109,
  "col": 14,
  "lit": "false"
}
[2026-09-30 10:21:42Z INFO ExtensionManager] Getting extensions for interface: 'GitHub.Runner.Worker.IActionCommandExtension'
[2026-09-30 10:21:42Z INFO ExtensionManager] Creating instance: GitHub.Runner.Worker.InternalPluginSetRepoPathCommandExtension, Runner.Worker
[2026-09-30 10:21:42Z INFO ExtensionManager] Creating instance: GitHub.Runner.Worker.SetEnvCommandExtension, Runner.Worker
[2026-09-30 10:21:42Z INFO ExtensionManager] Creating instance: GitHub.Runner.Worker.SetOutputCommandExtension, Runner.Worker
[2026-09-30 10:21:42Z INFO ExtensionManager] Creating instance: GitHub.Runner.Worker.SaveStateCommandExtension, Runner.Worker
[2026-09-30 10:21:42Z INFO ExtensionManager] Creating instance: GitHub.Runner.Worker.AddPathCommandExtension, Runner.Worker
[2026-09-30 10:21:42Z INFO ExtensionManager] Creating instance: GitHub.Runner.Worker.AddMaskCommandExtension, Runner.Worker
[2026-09-30 10:21:42Z INFO ExtensionManager] Creating instance: GitHub.Runner.Worker.AddMatcherCommandExtension, Runner.Worker
[2026-09-30 10:21:42Z INFO ExtensionManager] Creating instance: GitHub.Runner.Worker.RemoveMatcherCommandExtension, Runner.Worker
[2026-09-30 10:21:42Z INFO ExtensionManager] Creating instance: GitHub.Runner.Worker.WarningCommandExtension, Runner.Worker
[2026-09-30 10:21:42Z INFO ExtensionManager] Creating instance: GitHub.Runner.Worker.ErrorCommandExtension, Runner.Worker
[2026-09-30 10:21:42Z INFO ExtensionManager] Creating instance: GitHub.Runner.Worker.NoticeCommandExtension, Runner.Worker
[2026-09-30 10:21:42Z INFO ExtensionManager] Creating instance: GitHub.Runner.Worker.DebugCommandExtension, Runner.Worker
[2026-09-30 10:21:42Z INFO ExtensionManager] Creating instance: GitHub.Runner.Worker.GroupCommandExtension, Runner.Worker
[2026-09-30 10:21:42Z INFO ExtensionManager] Creating instance: GitHub.Runner.Worker.EndGroupCommandExtension, Runner.Worker
[2026-09-30 10:21:42Z INFO ExtensionManager] Creating instance: GitHub.Runner.Worker.EchoCommandExtension, Runner.Worker
[2026-09-30 10:21:42Z INFO ActionCommandManager] Register action command extension for command internal-set-repo-path
[2026-09-30 10:21:42Z INFO ActionCommandManager] Register action command extension for command set-env
[2026-09-30 10:21:42Z INFO ActionCommandManager] Register action command extension for command set-output
[2026-09-30 10:21:42Z INFO ActionCommandManager] Register action command extension for command save-state
[2026-09-30 10:21:42Z INFO ActionCommandManager] Register action command extension for command add-path
[2026-09-30 10:21:42Z INFO ActionCommandManager] Register action command extension for command add-mask
[2026-09-30 10:21:42Z INFO ActionCommandManager] Register action command extension for command add-matcher
[2026-09-30 10:21:42Z INFO ActionCommandManager] Register action command extension for command remove-matcher
[2026-09-30 10:21:42Z INFO ActionCommandManager] Register action command extension for command warning
[2026-09-30 10:21:42Z INFO ActionCommandManager] Register action command extension for command error
[2026-09-30 10:21:42Z INFO ActionCommandManager] Register action command extension for command notice
[2026-09-30 10:21:42Z INFO ActionCommandManager] Register action command extension for command debug
[2026-09-30 10:21:42Z INFO ActionCommandManager] Register action command extension for command group
[2026-09-30 10:21:42Z INFO ActionCommandManager] Register action command extension for command endgroup
[2026-09-30 10:21:42Z INFO ActionCommandManager] Register action command extension for command echo
[2026-09-30 10:21:42Z INFO HostContext] Well known directory 'Bin': 'C:\Devops_training\DevOpsCICDProject\actions-runner\bin'
[2026-09-30 10:21:42Z INFO HostContext] Well known directory 'Root': 'C:\Devops_training\DevOpsCICDProject\actions-runner'
[2026-09-30 10:21:42Z INFO HostContext] Well known directory 'Externals': 'C:\Devops_training\DevOpsCICDProject\actions-runner\externals'
[2026-09-30 10:21:42Z INFO ProcessInvokerWrapper] Starting process:
[2026-09-30 10:21:42Z INFO ProcessInvokerWrapper]   File name: 'C:\Devops_training\DevOpsCICDProject\actions-runner\externals\node24\bin\node.exe'
[2026-09-30 10:21:42Z INFO ProcessInvokerWrapper]   Arguments: '"C:\Devops_training\DevOpsCICDProject\actions-runner\_work\_actions\actions\checkout\v4\dist/index.js"'
[2026-09-30 10:21:42Z INFO ProcessInvokerWrapper]   Working directory: 'C:\Devops_training\DevOpsCICDProject\actions-runner\_work\DevOpsCICDProject\DevOpsCICDProject'
[2026-09-30 10:21:42Z INFO ProcessInvokerWrapper]   Require exit code zero: 'False'
[2026-09-30 10:21:42Z INFO ProcessInvokerWrapper]   Encoding web name: utf-8 ; code page: '65001'
[2026-09-30 10:21:42Z INFO ProcessInvokerWrapper]   Force kill process on cancellation: 'False'
[2026-09-30 10:21:42Z INFO ProcessInvokerWrapper]   Redirected STDIN: 'False'
[2026-09-30 10:21:42Z INFO ProcessInvokerWrapper]   Persist current code page: 'True'
[2026-09-30 10:21:42Z INFO ProcessInvokerWrapper]   Keep redirected STDIN open: 'False'
[2026-09-30 10:21:42Z INFO ProcessInvokerWrapper]   High priority process: 'False'
[2026-09-30 10:21:42Z INFO ProcessInvokerWrapper] Process started with process id 28684, waiting for process exit.
[2026-09-30 10:21:42Z INFO JobServerQueue] Try to append 1 batches web console lines for record 'b4d8f64b-fee6-4c14-a7d2-1ab2b8f00205', success rate: 1/1.
[2026-09-30 10:21:42Z INFO JobServerQueue] Try to append 1 batches web console lines for record 'f92fcf95-ea28-44aa-bbfe-7d5637923d79', success rate: 1/1.
[2026-09-30 10:21:42Z INFO AddMaskCommandExtension] Add new secret mask with length of 524
[2026-09-30 10:21:42Z INFO JobServerQueue] Try to append 1 batches web console lines for record 'f92fcf95-ea28-44aa-bbfe-7d5637923d79', success rate: 1/1.
[2026-09-30 10:21:43Z INFO JobServerQueue] Try to append 1 batches web console lines for record 'f92fcf95-ea28-44aa-bbfe-7d5637923d79', success rate: 1/1.
[2026-09-30 10:21:43Z INFO JobServerQueue] Tried to upload 1 file(s) to results, success rate: 1/1.
[2026-09-30 10:21:44Z INFO JobServerQueue] Try to append 1 batches web console lines for record 'f92fcf95-ea28-44aa-bbfe-7d5637923d79', success rate: 1/1.
[2026-09-30 10:21:44Z INFO JobServerQueue] Try to append 1 batches web console lines for record 'f92fcf95-ea28-44aa-bbfe-7d5637923d79', success rate: 1/1.
[2026-09-30 10:21:45Z INFO JobServerQueue] Try to append 1 batches web console lines for record 'f92fcf95-ea28-44aa-bbfe-7d5637923d79', success rate: 1/1.
[2026-09-30 10:21:45Z INFO JobServerQueue] Try to append 1 batches web console lines for record 'f92fcf95-ea28-44aa-bbfe-7d5637923d79', success rate: 1/1.
[2026-09-30 10:21:46Z INFO JobServerQueue] Try to append 1 batches web console lines for record 'f92fcf95-ea28-44aa-bbfe-7d5637923d79', success rate: 1/1.
[2026-09-30 10:21:46Z INFO ProcessInvokerWrapper] STDOUT/STDERR stream read finished.
[2026-09-30 10:21:46Z INFO ProcessInvokerWrapper] STDOUT/STDERR stream read finished.
[2026-09-30 10:21:46Z INFO ProcessInvokerWrapper] Finished process 28684 with exit code 0, and elapsed time 00:00:04.5149732.
[2026-09-30 10:21:46Z INFO CreateStepSummaryCommand] Step Summary file (C:\Devops_training\DevOpsCICDProject\actions-runner\_work\_temp\_runner_file_commands\step_summary_0b6ccd07-1366-4be3-af2d-eb017092b1f3) is empty; skipping attachment upload
[2026-09-30 10:21:46Z INFO StepsRunner] Step result: 
[2026-09-30 10:21:46Z INFO ExecutionContext] Publish step telemetry for current step {
  "action": "actions/checkout",
  "ref": "v4",
  "type": "node24",
  "stage": "Main",
  "stepId": "f92fcf95-ea28-44aa-bbfe-7d5637923d79",
  "stepContextName": "__actions_checkout",
  "hasPreStep": false,
  "hasPostStep": true,
  "result": "succeeded",
  "errorMessages": [],
  "executionTimeInSeconds": 5,
  "startTime": "2026-09-30T10:21:42.0031865Z",
  "finishTime": "2026-09-30T10:21:46.6244009Z"
}.
[2026-09-30 10:21:46Z INFO StepsRunner] No need for updating job result with current step result 'Succeeded'.
[2026-09-30 10:21:46Z INFO StepsRunner] Current state: job state = ''
[2026-09-30 10:21:46Z INFO StepsRunner] Processing step: DisplayName='Check Workspace'
[2026-09-30 10:21:46Z INFO StepsRunner] Evaluating: success()
[2026-09-30 10:21:46Z INFO StepsRunner] Result: true
[2026-09-30 10:21:46Z INFO StepsRunner] Starting the step.
[2026-09-30 10:21:46Z INFO HostContext] Well known directory 'Bin': 'C:\Devops_training\DevOpsCICDProject\actions-runner\bin'
[2026-09-30 10:21:46Z INFO HostContext] Well known directory 'Root': 'C:\Devops_training\DevOpsCICDProject\actions-runner'
[2026-09-30 10:21:46Z INFO HostContext] Well known directory 'Work': 'C:\Devops_training\DevOpsCICDProject\actions-runner\_work'
[2026-09-30 10:21:46Z INFO StepsRunner] Which2: 'chcp'
[2026-09-30 10:21:46Z INFO StepsRunner] Location: 'C:\windows\system32\chcp.COM'
[2026-09-30 10:21:46Z INFO ProcessInvokerWrapper] Starting process:
[2026-09-30 10:21:46Z INFO ProcessInvokerWrapper]   File name: 'C:\windows\system32\chcp.COM'
[2026-09-30 10:21:46Z INFO ProcessInvokerWrapper]   Arguments: '65001'
[2026-09-30 10:21:46Z INFO ProcessInvokerWrapper]   Working directory: 'C:\Devops_training\DevOpsCICDProject\actions-runner\_work'
[2026-09-30 10:21:46Z INFO ProcessInvokerWrapper]   Require exit code zero: 'False'
[2026-09-30 10:21:46Z INFO ProcessInvokerWrapper]   Encoding web name:  ; code page: ''
[2026-09-30 10:21:46Z INFO ProcessInvokerWrapper]   Force kill process on cancellation: 'False'
[2026-09-30 10:21:46Z INFO ProcessInvokerWrapper]   Redirected STDIN: 'False'
[2026-09-30 10:21:46Z INFO ProcessInvokerWrapper]   Persist current code page: 'True'
[2026-09-30 10:21:46Z INFO ProcessInvokerWrapper]   Keep redirected STDIN open: 'False'
[2026-09-30 10:21:46Z INFO ProcessInvokerWrapper]   High priority process: 'False'
[2026-09-30 10:21:46Z INFO ProcessInvokerWrapper] Process started with process id 31280, waiting for process exit.
[2026-09-30 10:21:46Z INFO ProcessInvokerWrapper] STDOUT/STDERR stream read finished.
[2026-09-30 10:21:46Z INFO ProcessInvokerWrapper] STDOUT/STDERR stream read finished.
[2026-09-30 10:21:46Z INFO ProcessInvokerWrapper] Finished process 31280 with exit code 0, and elapsed time 00:00:00.0138488.
[2026-09-30 10:21:46Z INFO StepsRunner] Successfully returned to code page 65001 (UTF8)
[2026-09-30 10:21:46Z INFO HostContext] Well known directory 'Bin': 'C:\Devops_training\DevOpsCICDProject\actions-runner\bin'
[2026-09-30 10:21:46Z INFO HostContext] Well known directory 'Root': 'C:\Devops_training\DevOpsCICDProject\actions-runner'
[2026-09-30 10:21:46Z INFO HostContext] Well known directory 'Work': 'C:\Devops_training\DevOpsCICDProject\actions-runner\_work'
[2026-09-30 10:21:46Z INFO HostContext] Well known directory 'Temp': 'C:\Devops_training\DevOpsCICDProject\actions-runner\_work\_temp'
[2026-09-30 10:21:46Z INFO ExecutionContext] Write event payload to C:\Devops_training\DevOpsCICDProject\actions-runner\_work\_temp\_github_workflow\event.json
[2026-09-30 10:21:46Z INFO HostContext] Well known directory 'Bin': 'C:\Devops_training\DevOpsCICDProject\actions-runner\bin'
[2026-09-30 10:21:46Z INFO HostContext] Well known directory 'Root': 'C:\Devops_training\DevOpsCICDProject\actions-runner'
[2026-09-30 10:21:46Z INFO HostContext] Well known directory 'Work': 'C:\Devops_training\DevOpsCICDProject\actions-runner\_work'
[2026-09-30 10:21:46Z INFO HostContext] Well known directory 'Temp': 'C:\Devops_training\DevOpsCICDProject\actions-runner\_work\_temp'
[2026-09-30 10:21:46Z INFO ExtensionManager] Getting extensions for interface: 'GitHub.Runner.Worker.IFileCommandExtension'
[2026-09-30 10:21:46Z INFO ExtensionManager] Getting extensions for interface: 'GitHub.Runner.Worker.IActionCommandExtension'
[2026-09-30 10:21:46Z INFO ActionCommandManager] Register action command extension for command internal-set-repo-path
[2026-09-30 10:21:46Z INFO ActionCommandManager] Register action command extension for command set-env
[2026-09-30 10:21:46Z INFO ActionCommandManager] Register action command extension for command set-output
[2026-09-30 10:21:46Z INFO ActionCommandManager] Register action command extension for command save-state
[2026-09-30 10:21:46Z INFO ActionCommandManager] Register action command extension for command add-path
[2026-09-30 10:21:46Z INFO ActionCommandManager] Register action command extension for command add-mask
[2026-09-30 10:21:46Z INFO ActionCommandManager] Register action command extension for command add-matcher
[2026-09-30 10:21:46Z INFO ActionCommandManager] Register action command extension for command remove-matcher
[2026-09-30 10:21:46Z INFO ActionCommandManager] Register action command extension for command warning
[2026-09-30 10:21:46Z INFO ActionCommandManager] Register action command extension for command error
[2026-09-30 10:21:46Z INFO ActionCommandManager] Register action command extension for command notice
[2026-09-30 10:21:46Z INFO ActionCommandManager] Register action command extension for command debug
[2026-09-30 10:21:46Z INFO ActionCommandManager] Register action command extension for command group
[2026-09-30 10:21:46Z INFO ActionCommandManager] Register action command extension for command endgroup
[2026-09-30 10:21:46Z INFO ActionCommandManager] Register action command extension for command echo
[2026-09-30 10:21:46Z INFO ScriptHandler] Which2: 'pwsh'
[2026-09-30 10:21:46Z INFO ScriptHandler] pwsh: command not found. Make sure 'pwsh' is installed and its location included in the 'Path' environment variable.
[2026-09-30 10:21:46Z INFO ScriptHandler] Defaulting to powershell
[2026-09-30 10:21:46Z INFO ScriptHandler] Which2: 'powershell'
[2026-09-30 10:21:46Z INFO ScriptHandler] Location: 'C:\windows\System32\WindowsPowerShell\v1.0\powershell.EXE'
[2026-09-30 10:21:46Z INFO HostContext] Well known directory 'Bin': 'C:\Devops_training\DevOpsCICDProject\actions-runner\bin'
[2026-09-30 10:21:46Z INFO HostContext] Well known directory 'Root': 'C:\Devops_training\DevOpsCICDProject\actions-runner'
[2026-09-30 10:21:46Z INFO HostContext] Well known directory 'Work': 'C:\Devops_training\DevOpsCICDProject\actions-runner\_work'
[2026-09-30 10:21:46Z INFO HostContext] Well known directory 'Temp': 'C:\Devops_training\DevOpsCICDProject\actions-runner\_work\_temp'
[2026-09-30 10:21:46Z INFO ScriptHandler] Which2: 'pwsh'
[2026-09-30 10:21:46Z INFO ScriptHandler] pwsh: command not found. Make sure 'pwsh' is installed and its location included in the 'Path' environment variable.
[2026-09-30 10:21:46Z INFO ScriptHandler] Defaulting to powershell
[2026-09-30 10:21:46Z INFO ScriptHandler] Which2: 'powershell'
[2026-09-30 10:21:46Z INFO ScriptHandler] Location: 'C:\windows\System32\WindowsPowerShell\v1.0\powershell.EXE'
[2026-09-30 10:21:46Z INFO ProcessInvokerWrapper] Starting process:
[2026-09-30 10:21:46Z INFO ProcessInvokerWrapper]   File name: 'C:\windows\System32\WindowsPowerShell\v1.0\powershell.EXE'
[2026-09-30 10:21:46Z INFO ProcessInvokerWrapper]   Arguments: '-command ". 'C:\Devops_training\DevOpsCICDProject\actions-runner\_work\_temp\bed6cc59-8d65-4a0e-9654-881b61d897ae.ps1'"'
[2026-09-30 10:21:46Z INFO ProcessInvokerWrapper]   Working directory: 'C:\Devops_training\DevOpsCICDProject\actions-runner\_work\DevOpsCICDProject\DevOpsCICDProject'
[2026-09-30 10:21:46Z INFO ProcessInvokerWrapper]   Require exit code zero: 'False'
[2026-09-30 10:21:46Z INFO ProcessInvokerWrapper]   Encoding web name:  ; code page: ''
[2026-09-30 10:21:46Z INFO ProcessInvokerWrapper]   Force kill process on cancellation: 'False'
[2026-09-30 10:21:46Z INFO ProcessInvokerWrapper]   Redirected STDIN: 'False'
[2026-09-30 10:21:46Z INFO ProcessInvokerWrapper]   Persist current code page: 'True'
[2026-09-30 10:21:46Z INFO ProcessInvokerWrapper]   Keep redirected STDIN open: 'False'
[2026-09-30 10:21:46Z INFO ProcessInvokerWrapper]   High priority process: 'False'
[2026-09-30 10:21:46Z INFO ProcessInvokerWrapper] Process started with process id 18180, waiting for process exit.
[2026-09-30 10:21:46Z INFO JobServerQueue] Try to append 1 batches web console lines for record 'f92fcf95-ea28-44aa-bbfe-7d5637923d79', success rate: 1/1.
[2026-09-30 10:21:46Z INFO JobServerQueue] Try to append 1 batches web console lines for record '3788a927-a8bf-4021-a215-f99b83f55cdf', success rate: 1/1.
[2026-09-30 10:21:47Z INFO ProcessInvokerWrapper] STDOUT/STDERR stream read finished.
[2026-09-30 10:21:47Z INFO ProcessInvokerWrapper] STDOUT/STDERR stream read finished.
[2026-09-30 10:21:47Z INFO ProcessInvokerWrapper] Finished process 18180 with exit code 0, and elapsed time 00:00:00.3222048.
[2026-09-30 10:21:47Z INFO CreateStepSummaryCommand] Step Summary file (C:\Devops_training\DevOpsCICDProject\actions-runner\_work\_temp\_runner_file_commands\step_summary_e5fd7145-1da4-4f0a-858a-85863a8974ab) is empty; skipping attachment upload
[2026-09-30 10:21:47Z INFO StepsRunner] Step result: 
[2026-09-30 10:21:47Z INFO ExecutionContext] Publish step telemetry for current step {
  "action": "powershell",
  "type": "run",
  "stage": "Main",
  "stepId": "3788a927-a8bf-4021-a215-f99b83f55cdf",
  "stepContextName": "__run",
  "result": "succeeded",
  "errorMessages": [],
  "executionTimeInSeconds": 1,
  "startTime": "2026-09-30T10:21:46.6271822Z",
  "finishTime": "2026-09-30T10:21:47.0309396Z"
}.
[2026-09-30 10:21:47Z INFO StepsRunner] No need for updating job result with current step result 'Succeeded'.
[2026-09-30 10:21:47Z INFO StepsRunner] Current state: job state = ''
[2026-09-30 10:21:47Z INFO StepsRunner] Processing step: DisplayName='Check Docker Secrets'
[2026-09-30 10:21:47Z INFO StepsRunner] Evaluating: success()
[2026-09-30 10:21:47Z INFO StepsRunner] Result: true
[2026-09-30 10:21:47Z INFO StepsRunner] Starting the step.
[2026-09-30 10:21:47Z INFO HostContext] Well known directory 'Bin': 'C:\Devops_training\DevOpsCICDProject\actions-runner\bin'
[2026-09-30 10:21:47Z INFO HostContext] Well known directory 'Root': 'C:\Devops_training\DevOpsCICDProject\actions-runner'
[2026-09-30 10:21:47Z INFO HostContext] Well known directory 'Work': 'C:\Devops_training\DevOpsCICDProject\actions-runner\_work'
[2026-09-30 10:21:47Z INFO StepsRunner] Which2: 'chcp'
[2026-09-30 10:21:47Z INFO StepsRunner] Location: 'C:\windows\system32\chcp.COM'
[2026-09-30 10:21:47Z INFO ProcessInvokerWrapper] Starting process:
[2026-09-30 10:21:47Z INFO ProcessInvokerWrapper]   File name: 'C:\windows\system32\chcp.COM'
[2026-09-30 10:21:47Z INFO ProcessInvokerWrapper]   Arguments: '65001'
[2026-09-30 10:21:47Z INFO ProcessInvokerWrapper]   Working directory: 'C:\Devops_training\DevOpsCICDProject\actions-runner\_work'
[2026-09-30 10:21:47Z INFO ProcessInvokerWrapper]   Require exit code zero: 'False'
[2026-09-30 10:21:47Z INFO ProcessInvokerWrapper]   Encoding web name:  ; code page: ''
[2026-09-30 10:21:47Z INFO ProcessInvokerWrapper]   Force kill process on cancellation: 'False'
[2026-09-30 10:21:47Z INFO ProcessInvokerWrapper]   Redirected STDIN: 'False'
[2026-09-30 10:21:47Z INFO ProcessInvokerWrapper]   Persist current code page: 'True'
[2026-09-30 10:21:47Z INFO ProcessInvokerWrapper]   Keep redirected STDIN open: 'False'
[2026-09-30 10:21:47Z INFO ProcessInvokerWrapper]   High priority process: 'False'
[2026-09-30 10:21:47Z INFO ProcessInvokerWrapper] Process started with process id 5988, waiting for process exit.
[2026-09-30 10:21:47Z INFO ProcessInvokerWrapper] STDOUT/STDERR stream read finished.
[2026-09-30 10:21:47Z INFO ProcessInvokerWrapper] STDOUT/STDERR stream read finished.
[2026-09-30 10:21:47Z INFO ProcessInvokerWrapper] Finished process 5988 with exit code 0, and elapsed time 00:00:00.0113679.
[2026-09-30 10:21:47Z INFO StepsRunner] Successfully returned to code page 65001 (UTF8)
[2026-09-30 10:21:47Z INFO HostContext] Well known directory 'Bin': 'C:\Devops_training\DevOpsCICDProject\actions-runner\bin'
[2026-09-30 10:21:47Z INFO HostContext] Well known directory 'Root': 'C:\Devops_training\DevOpsCICDProject\actions-runner'
[2026-09-30 10:21:47Z INFO HostContext] Well known directory 'Work': 'C:\Devops_training\DevOpsCICDProject\actions-runner\_work'
[2026-09-30 10:21:47Z INFO HostContext] Well known directory 'Temp': 'C:\Devops_training\DevOpsCICDProject\actions-runner\_work\_temp'
[2026-09-30 10:21:47Z INFO ExecutionContext] Write event payload to C:\Devops_training\DevOpsCICDProject\actions-runner\_work\_temp\_github_workflow\event.json
[2026-09-30 10:21:47Z INFO HostContext] Well known directory 'Bin': 'C:\Devops_training\DevOpsCICDProject\actions-runner\bin'
[2026-09-30 10:21:47Z INFO HostContext] Well known directory 'Root': 'C:\Devops_training\DevOpsCICDProject\actions-runner'
[2026-09-30 10:21:47Z INFO HostContext] Well known directory 'Work': 'C:\Devops_training\DevOpsCICDProject\actions-runner\_work'
[2026-09-30 10:21:47Z INFO HostContext] Well known directory 'Temp': 'C:\Devops_training\DevOpsCICDProject\actions-runner\_work\_temp'
[2026-09-30 10:21:47Z INFO ExtensionManager] Getting extensions for interface: 'GitHub.Runner.Worker.IFileCommandExtension'
[2026-09-30 10:21:47Z INFO ExtensionManager] Getting extensions for interface: 'GitHub.Runner.Worker.IActionCommandExtension'
[2026-09-30 10:21:47Z INFO ActionCommandManager] Register action command extension for command internal-set-repo-path
[2026-09-30 10:21:47Z INFO ActionCommandManager] Register action command extension for command set-env
[2026-09-30 10:21:47Z INFO ActionCommandManager] Register action command extension for command set-output
[2026-09-30 10:21:47Z INFO ActionCommandManager] Register action command extension for command save-state
[2026-09-30 10:21:47Z INFO ActionCommandManager] Register action command extension for command add-path
[2026-09-30 10:21:47Z INFO ActionCommandManager] Register action command extension for command add-mask
[2026-09-30 10:21:47Z INFO ActionCommandManager] Register action command extension for command add-matcher
[2026-09-30 10:21:47Z INFO ActionCommandManager] Register action command extension for command remove-matcher
[2026-09-30 10:21:47Z INFO ActionCommandManager] Register action command extension for command warning
[2026-09-30 10:21:47Z INFO ActionCommandManager] Register action command extension for command error
[2026-09-30 10:21:47Z INFO ActionCommandManager] Register action command extension for command notice
[2026-09-30 10:21:47Z INFO ActionCommandManager] Register action command extension for command debug
[2026-09-30 10:21:47Z INFO ActionCommandManager] Register action command extension for command group
[2026-09-30 10:21:47Z INFO ActionCommandManager] Register action command extension for command endgroup
[2026-09-30 10:21:47Z INFO ActionCommandManager] Register action command extension for command echo
[2026-09-30 10:21:47Z INFO ScriptHandler] Which2: 'pwsh'
[2026-09-30 10:21:47Z INFO ScriptHandler] pwsh: command not found. Make sure 'pwsh' is installed and its location included in the 'Path' environment variable.
[2026-09-30 10:21:47Z INFO ScriptHandler] Defaulting to powershell
[2026-09-30 10:21:47Z INFO ScriptHandler] Which2: 'powershell'
[2026-09-30 10:21:47Z INFO JobServerQueue] Try to upload 2 log files or attachments, success rate: 2/2.
[2026-09-30 10:21:47Z INFO JobServerQueue] Try to append 1 batches web console lines for record '3788a927-a8bf-4021-a215-f99b83f55cdf', success rate: 1/1.
[2026-09-30 10:21:47Z INFO JobServerQueue] Try to append 1 batches web console lines for record 'b4b6655c-eace-4179-af90-02dcd1872d54', success rate: 1/1.
[2026-09-30 10:21:47Z INFO ScriptHandler] Location: 'C:\windows\System32\WindowsPowerShell\v1.0\powershell.EXE'
[2026-09-30 10:21:47Z INFO HostContext] Well known directory 'Bin': 'C:\Devops_training\DevOpsCICDProject\actions-runner\bin'
[2026-09-30 10:21:47Z INFO HostContext] Well known directory 'Root': 'C:\Devops_training\DevOpsCICDProject\actions-runner'
[2026-09-30 10:21:47Z INFO HostContext] Well known directory 'Work': 'C:\Devops_training\DevOpsCICDProject\actions-runner\_work'
[2026-09-30 10:21:47Z INFO HostContext] Well known directory 'Temp': 'C:\Devops_training\DevOpsCICDProject\actions-runner\_work\_temp'
[2026-09-30 10:21:47Z INFO ScriptHandler] Which2: 'pwsh'
[2026-09-30 10:21:47Z INFO ScriptHandler] pwsh: command not found. Make sure 'pwsh' is installed and its location included in the 'Path' environment variable.
[2026-09-30 10:21:47Z INFO ScriptHandler] Defaulting to powershell
[2026-09-30 10:21:47Z INFO ScriptHandler] Which2: 'powershell'
[2026-09-30 10:21:47Z INFO ScriptHandler] Location: 'C:\windows\System32\WindowsPowerShell\v1.0\powershell.EXE'
[2026-09-30 10:21:47Z INFO ProcessInvokerWrapper] Starting process:
[2026-09-30 10:21:47Z INFO ProcessInvokerWrapper]   File name: 'C:\windows\System32\WindowsPowerShell\v1.0\powershell.EXE'
[2026-09-30 10:21:47Z INFO ProcessInvokerWrapper]   Arguments: '-command ". 'C:\Devops_training\DevOpsCICDProject\actions-runner\_work\_temp\c9a8f954-3af0-4abc-b7f0-744ca469dbd6.ps1'"'
[2026-09-30 10:21:47Z INFO ProcessInvokerWrapper]   Working directory: 'C:\Devops_training\DevOpsCICDProject\actions-runner\_work\DevOpsCICDProject\DevOpsCICDProject'
[2026-09-30 10:21:47Z INFO ProcessInvokerWrapper]   Require exit code zero: 'False'
[2026-09-30 10:21:47Z INFO ProcessInvokerWrapper]   Encoding web name:  ; code page: ''
[2026-09-30 10:21:47Z INFO ProcessInvokerWrapper]   Force kill process on cancellation: 'False'
[2026-09-30 10:21:47Z INFO ProcessInvokerWrapper]   Redirected STDIN: 'False'
[2026-09-30 10:21:47Z INFO ProcessInvokerWrapper]   Persist current code page: 'True'
[2026-09-30 10:21:47Z INFO ProcessInvokerWrapper]   Keep redirected STDIN open: 'False'
[2026-09-30 10:21:47Z INFO ProcessInvokerWrapper]   High priority process: 'False'
[2026-09-30 10:21:47Z INFO ProcessInvokerWrapper] Process started with process id 21424, waiting for process exit.
[2026-09-30 10:21:47Z INFO JobServerQueue] Try to append 1 batches web console lines for record 'b4b6655c-eace-4179-af90-02dcd1872d54', success rate: 1/1.
[2026-09-30 10:21:47Z INFO ProcessInvokerWrapper] STDOUT/STDERR stream read finished.
[2026-09-30 10:21:47Z INFO ProcessInvokerWrapper] STDOUT/STDERR stream read finished.
[2026-09-30 10:21:47Z INFO ProcessInvokerWrapper] Finished process 21424 with exit code 0, and elapsed time 00:00:00.2807329.
[2026-09-30 10:21:47Z INFO CreateStepSummaryCommand] Step Summary file (C:\Devops_training\DevOpsCICDProject\actions-runner\_work\_temp\_runner_file_commands\step_summary_b39e6481-f6db-4062-be4a-520695c81b3c) is empty; skipping attachment upload
[2026-09-30 10:21:47Z INFO StepsRunner] Step result: 
[2026-09-30 10:21:47Z INFO ExecutionContext] Publish step telemetry for current step {
  "action": "powershell",
  "type": "run",
  "stage": "Main",
  "stepId": "b4b6655c-eace-4179-af90-02dcd1872d54",
  "stepContextName": "__run_2",
  "result": "succeeded",
  "errorMessages": [],
  "executionTimeInSeconds": 1,
  "startTime": "2026-09-30T10:21:47.0329033Z",
  "finishTime": "2026-09-30T10:21:47.39599Z"
}.
[2026-09-30 10:21:47Z INFO StepsRunner] No need for updating job result with current step result 'Succeeded'.
[2026-09-30 10:21:47Z INFO StepsRunner] Current state: job state = ''
[2026-09-30 10:21:47Z INFO StepsRunner] Processing step: DisplayName='Docker Login'
[2026-09-30 10:21:47Z INFO StepsRunner] Evaluating: success()
[2026-09-30 10:21:47Z INFO StepsRunner] Result: true
[2026-09-30 10:21:47Z INFO StepsRunner] Starting the step.
[2026-09-30 10:21:47Z INFO HostContext] Well known directory 'Bin': 'C:\Devops_training\DevOpsCICDProject\actions-runner\bin'
[2026-09-30 10:21:47Z INFO HostContext] Well known directory 'Root': 'C:\Devops_training\DevOpsCICDProject\actions-runner'
[2026-09-30 10:21:47Z INFO HostContext] Well known directory 'Work': 'C:\Devops_training\DevOpsCICDProject\actions-runner\_work'
[2026-09-30 10:21:47Z INFO StepsRunner] Which2: 'chcp'
[2026-09-30 10:21:47Z INFO StepsRunner] Location: 'C:\windows\system32\chcp.COM'
[2026-09-30 10:21:47Z INFO ProcessInvokerWrapper] Starting process:
[2026-09-30 10:21:47Z INFO ProcessInvokerWrapper]   File name: 'C:\windows\system32\chcp.COM'
[2026-09-30 10:21:47Z INFO ProcessInvokerWrapper]   Arguments: '65001'
[2026-09-30 10:21:47Z INFO ProcessInvokerWrapper]   Working directory: 'C:\Devops_training\DevOpsCICDProject\actions-runner\_work'
[2026-09-30 10:21:47Z INFO ProcessInvokerWrapper]   Require exit code zero: 'False'
[2026-09-30 10:21:47Z INFO ProcessInvokerWrapper]   Encoding web name:  ; code page: ''
[2026-09-30 10:21:47Z INFO ProcessInvokerWrapper]   Force kill process on cancellation: 'False'
[2026-09-30 10:21:47Z INFO ProcessInvokerWrapper]   Redirected STDIN: 'False'
[2026-09-30 10:21:47Z INFO ProcessInvokerWrapper]   Persist current code page: 'True'
[2026-09-30 10:21:47Z INFO ProcessInvokerWrapper]   Keep redirected STDIN open: 'False'
[2026-09-30 10:21:47Z INFO ProcessInvokerWrapper]   High priority process: 'False'
[2026-09-30 10:21:47Z INFO ProcessInvokerWrapper] Process started with process id 8816, waiting for process exit.
[2026-09-30 10:21:47Z INFO ProcessInvokerWrapper] STDOUT/STDERR stream read finished.
[2026-09-30 10:21:47Z INFO ProcessInvokerWrapper] STDOUT/STDERR stream read finished.
[2026-09-30 10:21:47Z INFO ProcessInvokerWrapper] Finished process 8816 with exit code 0, and elapsed time 00:00:00.0121270.
[2026-09-30 10:21:47Z INFO StepsRunner] Successfully returned to code page 65001 (UTF8)
[2026-09-30 10:21:47Z INFO HostContext] Well known directory 'Bin': 'C:\Devops_training\DevOpsCICDProject\actions-runner\bin'
[2026-09-30 10:21:47Z INFO HostContext] Well known directory 'Root': 'C:\Devops_training\DevOpsCICDProject\actions-runner'
[2026-09-30 10:21:47Z INFO HostContext] Well known directory 'Work': 'C:\Devops_training\DevOpsCICDProject\actions-runner\_work'
[2026-09-30 10:21:47Z INFO HostContext] Well known directory 'Temp': 'C:\Devops_training\DevOpsCICDProject\actions-runner\_work\_temp'
[2026-09-30 10:21:47Z INFO ExecutionContext] Write event payload to C:\Devops_training\DevOpsCICDProject\actions-runner\_work\_temp\_github_workflow\event.json
[2026-09-30 10:21:47Z INFO HostContext] Well known directory 'Bin': 'C:\Devops_training\DevOpsCICDProject\actions-runner\bin'
[2026-09-30 10:21:47Z INFO HostContext] Well known directory 'Root': 'C:\Devops_training\DevOpsCICDProject\actions-runner'
[2026-09-30 10:21:47Z INFO HostContext] Well known directory 'Work': 'C:\Devops_training\DevOpsCICDProject\actions-runner\_work'
[2026-09-30 10:21:47Z INFO HostContext] Well known directory 'Temp': 'C:\Devops_training\DevOpsCICDProject\actions-runner\_work\_temp'
[2026-09-30 10:21:47Z INFO ExtensionManager] Getting extensions for interface: 'GitHub.Runner.Worker.IFileCommandExtension'
[2026-09-30 10:21:47Z INFO ExtensionManager] Getting extensions for interface: 'GitHub.Runner.Worker.IActionCommandExtension'
[2026-09-30 10:21:47Z INFO ActionCommandManager] Register action command extension for command internal-set-repo-path
[2026-09-30 10:21:47Z INFO ActionCommandManager] Register action command extension for command set-env
[2026-09-30 10:21:47Z INFO ActionCommandManager] Register action command extension for command set-output
[2026-09-30 10:21:47Z INFO ActionCommandManager] Register action command extension for command save-state
[2026-09-30 10:21:47Z INFO ActionCommandManager] Register action command extension for command add-path
[2026-09-30 10:21:47Z INFO ActionCommandManager] Register action command extension for command add-mask
[2026-09-30 10:21:47Z INFO ActionCommandManager] Register action command extension for command add-matcher
[2026-09-30 10:21:47Z INFO ActionCommandManager] Register action command extension for command remove-matcher
[2026-09-30 10:21:47Z INFO ActionCommandManager] Register action command extension for command warning
[2026-09-30 10:21:47Z INFO ActionCommandManager] Register action command extension for command error
[2026-09-30 10:21:47Z INFO ActionCommandManager] Register action command extension for command notice
[2026-09-30 10:21:47Z INFO ActionCommandManager] Register action command extension for command debug
[2026-09-30 10:21:47Z INFO ActionCommandManager] Register action command extension for command group
[2026-09-30 10:21:47Z INFO ActionCommandManager] Register action command extension for command endgroup
[2026-09-30 10:21:47Z INFO ActionCommandManager] Register action command extension for command echo
[2026-09-30 10:21:47Z INFO ScriptHandler] Which2: 'pwsh'
[2026-09-30 10:21:47Z INFO ScriptHandler] pwsh: command not found. Make sure 'pwsh' is installed and its location included in the 'Path' environment variable.
[2026-09-30 10:21:47Z INFO ScriptHandler] Defaulting to powershell
[2026-09-30 10:21:47Z INFO ScriptHandler] Which2: 'powershell'
[2026-09-30 10:21:47Z INFO ScriptHandler] Location: 'C:\windows\System32\WindowsPowerShell\v1.0\powershell.EXE'
[2026-09-30 10:21:47Z INFO HostContext] Well known directory 'Bin': 'C:\Devops_training\DevOpsCICDProject\actions-runner\bin'
[2026-09-30 10:21:47Z INFO HostContext] Well known directory 'Root': 'C:\Devops_training\DevOpsCICDProject\actions-runner'
[2026-09-30 10:21:47Z INFO HostContext] Well known directory 'Work': 'C:\Devops_training\DevOpsCICDProject\actions-runner\_work'
[2026-09-30 10:21:47Z INFO HostContext] Well known directory 'Temp': 'C:\Devops_training\DevOpsCICDProject\actions-runner\_work\_temp'
[2026-09-30 10:21:47Z INFO ScriptHandler] Which2: 'pwsh'
[2026-09-30 10:21:47Z INFO ScriptHandler] pwsh: command not found. Make sure 'pwsh' is installed and its location included in the 'Path' environment variable.
[2026-09-30 10:21:47Z INFO ScriptHandler] Defaulting to powershell
[2026-09-30 10:21:47Z INFO ScriptHandler] Which2: 'powershell'
[2026-09-30 10:21:47Z INFO ScriptHandler] Location: 'C:\windows\System32\WindowsPowerShell\v1.0\powershell.EXE'
[2026-09-30 10:21:47Z INFO ProcessInvokerWrapper] Starting process:
[2026-09-30 10:21:47Z INFO ProcessInvokerWrapper]   File name: 'C:\windows\System32\WindowsPowerShell\v1.0\powershell.EXE'
[2026-09-30 10:21:47Z INFO ProcessInvokerWrapper]   Arguments: '-command ". 'C:\Devops_training\DevOpsCICDProject\actions-runner\_work\_temp\c609e93b-beef-4aa2-bf65-9cc22f146706.ps1'"'
[2026-09-30 10:21:47Z INFO ProcessInvokerWrapper]   Working directory: 'C:\Devops_training\DevOpsCICDProject\actions-runner\_work\DevOpsCICDProject\DevOpsCICDProject'
[2026-09-30 10:21:47Z INFO ProcessInvokerWrapper]   Require exit code zero: 'False'
[2026-09-30 10:21:47Z INFO ProcessInvokerWrapper]   Encoding web name:  ; code page: ''
[2026-09-30 10:21:47Z INFO ProcessInvokerWrapper]   Force kill process on cancellation: 'False'
[2026-09-30 10:21:47Z INFO ProcessInvokerWrapper]   Redirected STDIN: 'False'
[2026-09-30 10:21:47Z INFO ProcessInvokerWrapper]   Persist current code page: 'True'
[2026-09-30 10:21:47Z INFO ProcessInvokerWrapper]   Keep redirected STDIN open: 'False'
[2026-09-30 10:21:47Z INFO ProcessInvokerWrapper]   High priority process: 'False'
[2026-09-30 10:21:47Z INFO ProcessInvokerWrapper] Process started with process id 13680, waiting for process exit.
[2026-09-30 10:21:47Z INFO JobServerQueue] Got a step log file to send to results service.
[2026-09-30 10:21:47Z INFO JobServerQueue] Starting upload of step log file to results service ResultsLog, C:\Devops_training\DevOpsCICDProject\actions-runner\_diag\blocks\e65d4465-6ba5-8661-a11a-781b79e7aa89_f92fcf95-ea28-44aa-bbfe-7d5637923d79.1
[2026-09-30 10:21:47Z INFO JobServerQueue] Try to append 1 batches web console lines for record 'b4b6655c-eace-4179-af90-02dcd1872d54', success rate: 1/1.
[2026-09-30 10:21:47Z INFO JobServerQueue] Try to append 1 batches web console lines for record '23778c0e-445e-4063-a86b-8234482c82e7', success rate: 1/1.
[2026-09-30 10:21:48Z INFO JobServerQueue] Try to upload 1 log files or attachments, success rate: 1/1.
[2026-09-30 10:21:48Z INFO JobServerQueue] Got a step log file to send to results service.
[2026-09-30 10:21:48Z INFO JobServerQueue] Starting upload of step log file to results service ResultsLog, C:\Devops_training\DevOpsCICDProject\actions-runner\_diag\blocks\e65d4465-6ba5-8661-a11a-781b79e7aa89_3788a927-a8bf-4021-a215-f99b83f55cdf.1
[2026-09-30 10:21:48Z INFO ProcessInvokerWrapper] STDOUT/STDERR stream read finished.
[2026-09-30 10:21:48Z INFO ProcessInvokerWrapper] STDOUT/STDERR stream read finished.
[2026-09-30 10:21:48Z INFO ProcessInvokerWrapper] Finished process 13680 with exit code 1, and elapsed time 00:00:01.4723063.
[2026-09-30 10:21:48Z INFO CreateStepSummaryCommand] Step Summary file (C:\Devops_training\DevOpsCICDProject\actions-runner\_work\_temp\_runner_file_commands\step_summary_a3398e48-6d14-401e-ac3c-de8b80c39a26) is empty; skipping attachment upload
[2026-09-30 10:21:48Z INFO StepsRunner] Step result: Failed
[2026-09-30 10:21:48Z INFO ExecutionContext] Publish step telemetry for current step {
  "action": "powershell",
  "type": "run",
  "stage": "Main",
  "stepId": "23778c0e-445e-4063-a86b-8234482c82e7",
  "stepContextName": "__run_3",
  "result": "failed",
  "errorMessages": [
    "Process completed with exit code 1."
  ],
  "executionTimeInSeconds": 2,
  "startTime": "2026-09-30T10:21:47.3975902Z",
  "finishTime": "2026-09-30T10:21:48.9391461Z"
}.
[2026-09-30 10:21:48Z INFO StepsRunner] Update job result with current step result 'Failed'.
[2026-09-30 10:21:48Z INFO StepsRunner] Current state: job state = 'Failed'
[2026-09-30 10:21:48Z INFO StepsRunner] Processing step: DisplayName='Build Docker Image'
[2026-09-30 10:21:48Z INFO StepsRunner] Evaluating: success()
[2026-09-30 10:21:48Z INFO StepsRunner] Result: false
[2026-09-30 10:21:48Z INFO StepsRunner] Skipping step due to condition evaluation.
[2026-09-30 10:21:48Z INFO StepsRunner] No need for updating job result with current step result 'Skipped'.
[2026-09-30 10:21:48Z INFO StepsRunner] Current state: job state = 'Failed'
[2026-09-30 10:21:48Z INFO StepsRunner] Processing step: DisplayName='Push Docker Image'
[2026-09-30 10:21:48Z INFO StepsRunner] Evaluating: success()
[2026-09-30 10:21:48Z INFO StepsRunner] Result: false
[2026-09-30 10:21:48Z INFO StepsRunner] Skipping step due to condition evaluation.
[2026-09-30 10:21:48Z INFO StepsRunner] No need for updating job result with current step result 'Skipped'.
[2026-09-30 10:21:48Z INFO StepsRunner] Current state: job state = 'Failed'
[2026-09-30 10:21:48Z INFO StepsRunner] Processing step: DisplayName='Deploy to Kubernetes'
[2026-09-30 10:21:48Z INFO StepsRunner] Evaluating: success()
[2026-09-30 10:21:48Z INFO StepsRunner] Result: false
[2026-09-30 10:21:48Z INFO StepsRunner] Skipping step due to condition evaluation.
[2026-09-30 10:21:48Z INFO StepsRunner] No need for updating job result with current step result 'Skipped'.
[2026-09-30 10:21:48Z INFO StepsRunner] Current state: job state = 'Failed'
[2026-09-30 10:21:48Z INFO StepsRunner] Processing step: DisplayName='Wait for Deployment'
[2026-09-30 10:21:48Z INFO StepsRunner] Evaluating: success()
[2026-09-30 10:21:48Z INFO StepsRunner] Result: false
[2026-09-30 10:21:48Z INFO StepsRunner] Skipping step due to condition evaluation.
[2026-09-30 10:21:48Z INFO StepsRunner] No need for updating job result with current step result 'Skipped'.
[2026-09-30 10:21:48Z INFO StepsRunner] Current state: job state = 'Failed'
[2026-09-30 10:21:48Z INFO StepsRunner] Processing step: DisplayName='Verify Kubernetes Deployment'
[2026-09-30 10:21:48Z INFO StepsRunner] Evaluating: success()
[2026-09-30 10:21:48Z INFO StepsRunner] Result: false
[2026-09-30 10:21:48Z INFO StepsRunner] Skipping step due to condition evaluation.
[2026-09-30 10:21:48Z INFO StepsRunner] No need for updating job result with current step result 'Skipped'.
[2026-09-30 10:21:48Z INFO StepsRunner] Current state: job state = 'Failed'
[2026-09-30 10:21:48Z INFO StepsRunner] Processing step: DisplayName='Post Checkout Code'
[2026-09-30 10:21:48Z INFO StepsRunner] Evaluating: always()
[2026-09-30 10:21:48Z INFO StepsRunner] Result: true
[2026-09-30 10:21:48Z INFO StepsRunner] Starting the step.
[2026-09-30 10:21:48Z INFO HostContext] Well known directory 'Bin': 'C:\Devops_training\DevOpsCICDProject\actions-runner\bin'
[2026-09-30 10:21:48Z INFO HostContext] Well known directory 'Root': 'C:\Devops_training\DevOpsCICDProject\actions-runner'
[2026-09-30 10:21:48Z INFO HostContext] Well known directory 'Work': 'C:\Devops_training\DevOpsCICDProject\actions-runner\_work'
[2026-09-30 10:21:48Z INFO StepsRunner] Which2: 'chcp'
[2026-09-30 10:21:48Z INFO StepsRunner] Location: 'C:\windows\system32\chcp.COM'
[2026-09-30 10:21:48Z INFO ProcessInvokerWrapper] Starting process:
[2026-09-30 10:21:48Z INFO ProcessInvokerWrapper]   File name: 'C:\windows\system32\chcp.COM'
[2026-09-30 10:21:48Z INFO ProcessInvokerWrapper]   Arguments: '65001'
[2026-09-30 10:21:48Z INFO ProcessInvokerWrapper]   Working directory: 'C:\Devops_training\DevOpsCICDProject\actions-runner\_work'
[2026-09-30 10:21:48Z INFO ProcessInvokerWrapper]   Require exit code zero: 'False'
[2026-09-30 10:21:48Z INFO ProcessInvokerWrapper]   Encoding web name:  ; code page: ''
[2026-09-30 10:21:48Z INFO ProcessInvokerWrapper]   Force kill process on cancellation: 'False'
[2026-09-30 10:21:48Z INFO ProcessInvokerWrapper]   Redirected STDIN: 'False'
[2026-09-30 10:21:48Z INFO ProcessInvokerWrapper]   Persist current code page: 'True'
[2026-09-30 10:21:48Z INFO ProcessInvokerWrapper]   Keep redirected STDIN open: 'False'
[2026-09-30 10:21:48Z INFO ProcessInvokerWrapper]   High priority process: 'False'
[2026-09-30 10:21:48Z INFO ProcessInvokerWrapper] Process started with process id 25932, waiting for process exit.
[2026-09-30 10:21:48Z INFO ProcessInvokerWrapper] STDOUT/STDERR stream read finished.
[2026-09-30 10:21:48Z INFO ProcessInvokerWrapper] STDOUT/STDERR stream read finished.
[2026-09-30 10:21:48Z INFO ProcessInvokerWrapper] Finished process 25932 with exit code 0, and elapsed time 00:00:00.0134817.
[2026-09-30 10:21:48Z INFO StepsRunner] Successfully returned to code page 65001 (UTF8)
[2026-09-30 10:21:48Z INFO HostContext] Well known directory 'Bin': 'C:\Devops_training\DevOpsCICDProject\actions-runner\bin'
[2026-09-30 10:21:48Z INFO HostContext] Well known directory 'Root': 'C:\Devops_training\DevOpsCICDProject\actions-runner'
[2026-09-30 10:21:48Z INFO HostContext] Well known directory 'Work': 'C:\Devops_training\DevOpsCICDProject\actions-runner\_work'
[2026-09-30 10:21:48Z INFO HostContext] Well known directory 'Actions': 'C:\Devops_training\DevOpsCICDProject\actions-runner\_work\_actions'
[2026-09-30 10:21:48Z INFO ActionManager] Load action that reference repository from 'C:\Devops_training\DevOpsCICDProject\actions-runner\_work\_actions\actions\checkout\v4'
[2026-09-30 10:21:48Z INFO HostContext] Well known directory 'Bin': 'C:\Devops_training\DevOpsCICDProject\actions-runner\bin'
[2026-09-30 10:21:48Z INFO HostContext] Well known directory 'Root': 'C:\Devops_training\DevOpsCICDProject\actions-runner'
[2026-09-30 10:21:48Z INFO HostContext] Well known directory 'Work': 'C:\Devops_training\DevOpsCICDProject\actions-runner\_work'
[2026-09-30 10:21:48Z INFO HostContext] Well known directory 'Actions': 'C:\Devops_training\DevOpsCICDProject\actions-runner\_work\_actions'
[2026-09-30 10:21:48Z INFO ActionManifestManagerLegacy] Loaded action.yml file: {
  "name": "Checkout",
  "description": "Checkout a Git repository at a particular version",
  "inputs": {
    "type": 2,
    "map": [
      {
        "key": {
          "type": 0,
          "file": 2,
          "line": 4,
          "col": 3,
          "lit": "repository"
        },
        "value": {
          "type": 3,
          "file": 2,
          "line": 6,
          "col": 14,
          "expr": "github.repository"
        }
      },
      {
        "key": {
          "type": 0,
          "file": 2,
          "line": 7,
          "col": 3,
          "lit": "ref"
        },
        "value": ""
      },
      {
        "key": {
          "type": 0,
          "file": 2,
          "line": 12,
          "col": 3,
          "lit": "token"
        },
        "value": {
          "type": 3,
          "file": 2,
          "line": 24,
          "col": 14,
          "expr": "github.token"
        }
      },
      {
        "key": {
          "type": 0,
          "file": 2,
          "line": 25,
          "col": 3,
          "lit": "ssh-key"
        },
        "value": ""
      },
      {
        "key": {
          "type": 0,
          "file": 2,
          "line": 37,
          "col": 3,
          "lit": "ssh-known-hosts"
        },
        "value": ""
      },
      {
        "key": {
          "type": 0,
          "file": 2,
          "line": 42,
          "col": 3,
          "lit": "ssh-strict"
        },
        "value": {
          "type": 0,
          "file": 2,
          "line": 47,
          "col": 14,
          "lit": "true"
        }
      },
      {
        "key": {
          "type": 0,
          "file": 2,
          "line": 48,
          "col": 3,
          "lit": "ssh-user"
        },
        "value": {
          "type": 0,
          "file": 2,
          "line": 51,
          "col": 14,
          "lit": "git"
        }
      },
      {
        "key": {
          "type": 0,
          "file": 2,
          "line": 52,
          "col": 3,
          "lit": "persist-credentials"
        },
        "value": {
          "type": 0,
          "file": 2,
          "line": 54,
          "col": 14,
          "lit": "true"
        }
      },
      {
        "key": {
          "type": 0,
          "file": 2,
          "line": 55,
          "col": 3,
          "lit": "path"
        },
        "value": ""
      },
      {
        "key": {
          "type": 0,
          "file": 2,
          "line": 57,
          "col": 3,
          "lit": "clean"
        },
        "value": {
          "type": 0,
          "file": 2,
          "line": 59,
          "col": 14,
          "lit": "true"
        }
      },
      {
        "key": {
          "type": 0,
          "file": 2,
          "line": 60,
          "col": 3,
          "lit": "filter"
        },
        "value": {
          "type": 0,
          "file": 2,
          "line": 64,
          "col": 14,
          "lit": ""
        }
      },
      {
        "key": {
          "type": 0,
          "file": 2,
          "line": 65,
          "col": 3,
          "lit": "sparse-checkout"
        },
        "value": {
          "type": 0,
          "file": 2,
          "line": 69,
          "col": 14,
          "lit": ""
        }
      },
      {
        "key": {
          "type": 0,
          "file": 2,
          "line": 70,
          "col": 3,
          "lit": "sparse-checkout-cone-mode"
        },
        "value": {
          "type": 0,
          "file": 2,
          "line": 73,
          "col": 14,
          "lit": "true"
        }
      },
      {
        "key": {
          "type": 0,
          "file": 2,
          "line": 74,
          "col": 3,
          "lit": "fetch-depth"
        },
        "value": {
          "type": 0,
          "file": 2,
          "line": 76,
          "col": 14,
          "lit": "1"
        }
      },
      {
        "key": {
          "type": 0,
          "file": 2,
          "line": 77,
          "col": 3,
          "lit": "fetch-tags"
        },
        "value": {
          "type": 0,
          "file": 2,
          "line": 79,
          "col": 14,
          "lit": "false"
        }
      },
      {
        "key": {
          "type": 0,
          "file": 2,
          "line": 80,
          "col": 3,
          "lit": "show-progress"
        },
        "value": {
          "type": 0,
          "file": 2,
          "line": 82,
          "col": 14,
          "lit": "true"
        }
      },
      {
        "key": {
          "type": 0,
          "file": 2,
          "line": 83,
          "col": 3,
          "lit": "lfs"
        },
        "value": {
          "type": 0,
          "file": 2,
          "line": 85,
          "col": 14,
          "lit": "false"
        }
      },
      {
        "key": {
          "type": 0,
          "file": 2,
          "line": 86,
          "col": 3,
          "lit": "submodules"
        },
        "value": {
          "type": 0,
          "file": 2,
          "line": 94,
          "col": 14,
          "lit": "false"
        }
      },
      {
        "key": {
          "type": 0,
          "file": 2,
          "line": 95,
          "col": 3,
          "lit": "set-safe-directory"
        },
        "value": {
          "type": 0,
          "file": 2,
          "line": 97,
          "col": 14,
          "lit": "true"
        }
      },
      {
        "key": {
          "type": 0,
          "file": 2,
          "line": 98,
          "col": 3,
          "lit": "github-server-url"
        },
        "value": ""
      },
      {
        "key": {
          "type": 0,
          "file": 2,
          "line": 101,
          "col": 3,
          "lit": "allow-unsafe-pr-checkout"
        },
        "value": {
          "type": 0,
          "file": 2,
          "line": 109,
          "col": 14,
          "lit": "false"
        }
      }
    ]
  },
  "execution": {
    "executionType": "nodeJS",
    "hasPre": false,
    "hasPost": true,
    "script": "dist/index.js",
    "pre": null,
    "post": "dist/index.js",
    "nodeVersion": "node20",
    "cleanupCondition": "always()",
    "initCondition": "always()"
  },
  "deprecated": null
}
[2026-09-30 10:21:48Z INFO ActionManager] Action pre node.js file: N/A.
[2026-09-30 10:21:48Z INFO ActionManager] Action node.js file: dist/index.js.
[2026-09-30 10:21:48Z INFO ActionManager] Action post node.js file: dist/index.js.
[2026-09-30 10:21:48Z INFO HostContext] Well known directory 'Bin': 'C:\Devops_training\DevOpsCICDProject\actions-runner\bin'
[2026-09-30 10:21:48Z INFO HostContext] Well known directory 'Root': 'C:\Devops_training\DevOpsCICDProject\actions-runner'
[2026-09-30 10:21:48Z INFO HostContext] Well known directory 'Work': 'C:\Devops_training\DevOpsCICDProject\actions-runner\_work'
[2026-09-30 10:21:48Z INFO HostContext] Well known directory 'Temp': 'C:\Devops_training\DevOpsCICDProject\actions-runner\_work\_temp'
[2026-09-30 10:21:48Z INFO ExecutionContext] Write event payload to C:\Devops_training\DevOpsCICDProject\actions-runner\_work\_temp\_github_workflow\event.json
[2026-09-30 10:21:48Z INFO HostContext] Well known directory 'Bin': 'C:\Devops_training\DevOpsCICDProject\actions-runner\bin'
[2026-09-30 10:21:48Z INFO HostContext] Well known directory 'Root': 'C:\Devops_training\DevOpsCICDProject\actions-runner'
[2026-09-30 10:21:48Z INFO HostContext] Well known directory 'Work': 'C:\Devops_training\DevOpsCICDProject\actions-runner\_work'
[2026-09-30 10:21:48Z INFO HostContext] Well known directory 'Temp': 'C:\Devops_training\DevOpsCICDProject\actions-runner\_work\_temp'
[2026-09-30 10:21:48Z INFO ExtensionManager] Getting extensions for interface: 'GitHub.Runner.Worker.IFileCommandExtension'
[2026-09-30 10:21:49Z INFO ActionManifestManagerLegacy] Input 'repository': default value evaluate result: {
  "type": 0,
  "file": 2,
  "line": 6,
  "col": 14,
  "lit": "Prabhatkumarkhemariya/DevOpsCICDProject"
}
[2026-09-30 10:21:49Z INFO ActionManifestManagerLegacy] Input 'ref': default value evaluate result: ""
[2026-09-30 10:21:49Z INFO ActionManifestManagerLegacy] Input 'token': default value evaluate result: {
  "type": 0,
  "file": 2,
  "line": 24,
  "col": 14,
  "lit": "***"
}
[2026-09-30 10:21:49Z INFO ActionManifestManagerLegacy] Input 'ssh-key': default value evaluate result: ""
[2026-09-30 10:21:49Z INFO ActionManifestManagerLegacy] Input 'ssh-known-hosts': default value evaluate result: ""
[2026-09-30 10:21:49Z INFO ActionManifestManagerLegacy] Input 'ssh-strict': default value evaluate result: {
  "type": 0,
  "file": 2,
  "line": 47,
  "col": 14,
  "lit": "true"
}
[2026-09-30 10:21:49Z INFO ActionManifestManagerLegacy] Input 'ssh-user': default value evaluate result: {
  "type": 0,
  "file": 2,
  "line": 51,
  "col": 14,
  "lit": "git"
}
[2026-09-30 10:21:49Z INFO ActionManifestManagerLegacy] Input 'persist-credentials': default value evaluate result: {
  "type": 0,
  "file": 2,
  "line": 54,
  "col": 14,
  "lit": "true"
}
[2026-09-30 10:21:49Z INFO ActionManifestManagerLegacy] Input 'path': default value evaluate result: ""
[2026-09-30 10:21:49Z INFO ActionManifestManagerLegacy] Input 'clean': default value evaluate result: {
  "type": 0,
  "file": 2,
  "line": 59,
  "col": 14,
  "lit": "true"
}
[2026-09-30 10:21:49Z INFO ActionManifestManagerLegacy] Input 'filter': default value evaluate result: {
  "type": 0,
  "file": 2,
  "line": 64,
  "col": 14,
  "lit": ""
}
[2026-09-30 10:21:49Z INFO ActionManifestManagerLegacy] Input 'sparse-checkout': default value evaluate result: {
  "type": 0,
  "file": 2,
  "line": 69,
  "col": 14,
  "lit": ""
}
[2026-09-30 10:21:49Z INFO ActionManifestManagerLegacy] Input 'sparse-checkout-cone-mode': default value evaluate result: {
  "type": 0,
  "file": 2,
  "line": 73,
  "col": 14,
  "lit": "true"
}
[2026-09-30 10:21:49Z INFO ActionManifestManagerLegacy] Input 'fetch-depth': default value evaluate result: {
  "type": 0,
  "file": 2,
  "line": 76,
  "col": 14,
  "lit": "1"
}
[2026-09-30 10:21:49Z INFO ActionManifestManagerLegacy] Input 'fetch-tags': default value evaluate result: {
  "type": 0,
  "file": 2,
  "line": 79,
  "col": 14,
  "lit": "false"
}
[2026-09-30 10:21:49Z INFO ActionManifestManagerLegacy] Input 'show-progress': default value evaluate result: {
  "type": 0,
  "file": 2,
  "line": 82,
  "col": 14,
  "lit": "true"
}
[2026-09-30 10:21:49Z INFO ActionManifestManagerLegacy] Input 'lfs': default value evaluate result: {
  "type": 0,
  "file": 2,
  "line": 85,
  "col": 14,
  "lit": "false"
}
[2026-09-30 10:21:49Z INFO ActionManifestManagerLegacy] Input 'submodules': default value evaluate result: {
  "type": 0,
  "file": 2,
  "line": 94,
  "col": 14,
  "lit": "false"
}
[2026-09-30 10:21:49Z INFO ActionManifestManagerLegacy] Input 'set-safe-directory': default value evaluate result: {
  "type": 0,
  "file": 2,
  "line": 97,
  "col": 14,
  "lit": "true"
}
[2026-09-30 10:21:49Z INFO ActionManifestManagerLegacy] Input 'github-server-url': default value evaluate result: ""
[2026-09-30 10:21:49Z INFO ActionManifestManagerLegacy] Input 'allow-unsafe-pr-checkout': default value evaluate result: {
  "type": 0,
  "file": 2,
  "line": 109,
  "col": 14,
  "lit": "false"
}
[2026-09-30 10:21:49Z INFO ExtensionManager] Getting extensions for interface: 'GitHub.Runner.Worker.IActionCommandExtension'
[2026-09-30 10:21:49Z INFO ActionCommandManager] Register action command extension for command internal-set-repo-path
[2026-09-30 10:21:49Z INFO ActionCommandManager] Register action command extension for command set-env
[2026-09-30 10:21:49Z INFO ActionCommandManager] Register action command extension for command set-output
[2026-09-30 10:21:49Z INFO ActionCommandManager] Register action command extension for command save-state
[2026-09-30 10:21:49Z INFO ActionCommandManager] Register action command extension for command add-path
[2026-09-30 10:21:49Z INFO ActionCommandManager] Register action command extension for command add-mask
[2026-09-30 10:21:49Z INFO ActionCommandManager] Register action command extension for command add-matcher
[2026-09-30 10:21:49Z INFO ActionCommandManager] Register action command extension for command remove-matcher
[2026-09-30 10:21:49Z INFO ActionCommandManager] Register action command extension for command warning
[2026-09-30 10:21:49Z INFO ActionCommandManager] Register action command extension for command error
[2026-09-30 10:21:49Z INFO ActionCommandManager] Register action command extension for command notice
[2026-09-30 10:21:49Z INFO ActionCommandManager] Register action command extension for command debug
[2026-09-30 10:21:49Z INFO ActionCommandManager] Register action command extension for command group
[2026-09-30 10:21:49Z INFO ActionCommandManager] Register action command extension for command endgroup
[2026-09-30 10:21:49Z INFO ActionCommandManager] Register action command extension for command echo
[2026-09-30 10:21:49Z INFO HostContext] Well known directory 'Bin': 'C:\Devops_training\DevOpsCICDProject\actions-runner\bin'
[2026-09-30 10:21:49Z INFO HostContext] Well known directory 'Root': 'C:\Devops_training\DevOpsCICDProject\actions-runner'
[2026-09-30 10:21:49Z INFO HostContext] Well known directory 'Externals': 'C:\Devops_training\DevOpsCICDProject\actions-runner\externals'
[2026-09-30 10:21:49Z INFO ProcessInvokerWrapper] Starting process:
[2026-09-30 10:21:49Z INFO ProcessInvokerWrapper]   File name: 'C:\Devops_training\DevOpsCICDProject\actions-runner\externals\node24\bin\node.exe'
[2026-09-30 10:21:49Z INFO ProcessInvokerWrapper]   Arguments: '"C:\Devops_training\DevOpsCICDProject\actions-runner\_work\_actions\actions\checkout\v4\dist/index.js"'
[2026-09-30 10:21:49Z INFO ProcessInvokerWrapper]   Working directory: 'C:\Devops_training\DevOpsCICDProject\actions-runner\_work\DevOpsCICDProject\DevOpsCICDProject'
[2026-09-30 10:21:49Z INFO ProcessInvokerWrapper]   Require exit code zero: 'False'
[2026-09-30 10:21:49Z INFO ProcessInvokerWrapper]   Encoding web name: utf-8 ; code page: '65001'
[2026-09-30 10:21:49Z INFO ProcessInvokerWrapper]   Force kill process on cancellation: 'False'
[2026-09-30 10:21:49Z INFO ProcessInvokerWrapper]   Redirected STDIN: 'False'
[2026-09-30 10:21:49Z INFO ProcessInvokerWrapper]   Persist current code page: 'True'
[2026-09-30 10:21:49Z INFO ProcessInvokerWrapper]   Keep redirected STDIN open: 'False'
[2026-09-30 10:21:49Z INFO ProcessInvokerWrapper]   High priority process: 'False'
[2026-09-30 10:21:49Z INFO ProcessInvokerWrapper] Process started with process id 20940, waiting for process exit.
[2026-09-30 10:21:49Z INFO JobServerQueue] Try to upload 6 log files or attachments, success rate: 6/6.
[2026-09-30 10:21:49Z INFO JobServerQueue] Try to append 1 batches web console lines for record '23778c0e-445e-4063-a86b-8234482c82e7', success rate: 1/1.
[2026-09-30 10:21:49Z INFO JobServerQueue] Try to append 1 batches web console lines for record 'a212e6d0-98f0-4677-9874-2d126a8d3d9a', success rate: 1/1.
[2026-09-30 10:21:49Z INFO JobServerQueue] Try to append 1 batches web console lines for record '53c115ad-dd3c-4f80-84ac-141284def72b', success rate: 1/1.
[2026-09-30 10:21:49Z INFO JobServerQueue] Try to append 1 batches web console lines for record 'aead3f87-95d8-44cc-961e-22ea3ed21b49', success rate: 1/1.
[2026-09-30 10:21:49Z INFO JobServerQueue] Try to append 1 batches web console lines for record 'fdbba44b-f124-42b8-b23f-43ebe9194de6', success rate: 1/1.
[2026-09-30 10:21:49Z INFO JobServerQueue] Try to append 1 batches web console lines for record 'cd6c8944-389e-4f04-86e6-f965bc156c22', success rate: 1/1.
[2026-09-30 10:21:49Z INFO JobServerQueue] Try to append 1 batches web console lines for record '44deef5b-3cce-412c-9ec6-cac256d9d95a', success rate: 1/1.
[2026-09-30 10:21:49Z INFO JobServerQueue] Got a step log file to send to results service.
[2026-09-30 10:21:49Z INFO JobServerQueue] Starting upload of step log file to results service ResultsLog, C:\Devops_training\DevOpsCICDProject\actions-runner\_diag\blocks\e65d4465-6ba5-8661-a11a-781b79e7aa89_b4b6655c-eace-4179-af90-02dcd1872d54.1
[2026-09-30 10:21:49Z INFO AddMaskCommandExtension] Add new secret mask with length of 32
[2026-09-30 10:21:49Z INFO JobServerQueue] Try to append 1 batches web console lines for record '44deef5b-3cce-412c-9ec6-cac256d9d95a', success rate: 1/1.
[2026-09-30 10:21:49Z INFO JobServerQueue] Try to append 1 batches web console lines for record '44deef5b-3cce-412c-9ec6-cac256d9d95a', success rate: 1/1.
[2026-09-30 10:21:49Z INFO JobServerQueue] Tried to upload 3 file(s) to results, success rate: 3/3.
[2026-09-30 10:21:50Z INFO JobServerQueue] Try to append 1 batches web console lines for record '44deef5b-3cce-412c-9ec6-cac256d9d95a', success rate: 1/1.
[2026-09-30 10:21:50Z INFO JobServerQueue] Try to append 1 batches web console lines for record '44deef5b-3cce-412c-9ec6-cac256d9d95a', success rate: 1/1.
[2026-09-30 10:21:50Z INFO JobServerQueue] Got a step log file to send to results service.
[2026-09-30 10:21:50Z INFO JobServerQueue] Starting upload of step log file to results service ResultsLog, C:\Devops_training\DevOpsCICDProject\actions-runner\_diag\blocks\e65d4465-6ba5-8661-a11a-781b79e7aa89_23778c0e-445e-4063-a86b-8234482c82e7.1
[2026-09-30 10:21:51Z INFO ProcessInvokerWrapper] STDOUT/STDERR stream read finished.
[2026-09-30 10:21:51Z INFO ProcessInvokerWrapper] STDOUT/STDERR stream read finished.
[2026-09-30 10:21:51Z INFO ProcessInvokerWrapper] Finished process 20940 with exit code 0, and elapsed time 00:00:02.3089985.
[2026-09-30 10:21:51Z INFO CreateStepSummaryCommand] Step Summary file (C:\Devops_training\DevOpsCICDProject\actions-runner\_work\_temp\_runner_file_commands\step_summary_148b3426-4006-4a48-b3b6-a316a6ff0b8c) is empty; skipping attachment upload
[2026-09-30 10:21:51Z INFO StepsRunner] Step result: 
[2026-09-30 10:21:51Z INFO ExecutionContext] Publish step telemetry for current step {
  "action": "actions/checkout",
  "ref": "v4",
  "type": "node24",
  "stage": "Post",
  "stepId": "44deef5b-3cce-412c-9ec6-cac256d9d95a",
  "result": "succeeded",
  "errorMessages": [],
  "executionTimeInSeconds": 3,
  "startTime": "2026-09-30T10:21:48.9674635Z",
  "finishTime": "2026-09-30T10:21:51.335735Z"
}.
[2026-09-30 10:21:51Z INFO StepsRunner] No need for updating job result with current step result 'Succeeded'.
[2026-09-30 10:21:51Z INFO StepsRunner] Current state: job state = 'Failed'
[2026-09-30 10:21:51Z INFO JobRunner] Finalize job.
[2026-09-30 10:21:51Z INFO HostContext] Well known directory 'Bin': 'C:\Devops_training\DevOpsCICDProject\actions-runner\bin'
[2026-09-30 10:21:51Z INFO HostContext] Well known directory 'Root': 'C:\Devops_training\DevOpsCICDProject\actions-runner'
[2026-09-30 10:21:51Z INFO HostContext] Well known directory 'Diag': 'C:\Devops_training\DevOpsCICDProject\actions-runner\_diag'
[2026-09-30 10:21:51Z INFO HostContext] Well known directory 'Bin': 'C:\Devops_training\DevOpsCICDProject\actions-runner\bin'
[2026-09-30 10:21:51Z INFO HostContext] Well known directory 'Root': 'C:\Devops_training\DevOpsCICDProject\actions-runner'
[2026-09-30 10:21:51Z INFO HostContext] Well known directory 'Diag': 'C:\Devops_training\DevOpsCICDProject\actions-runner\_diag'
[2026-09-30 10:21:51Z INFO JobExtension] Initialize Env context
[2026-09-30 10:21:51Z INFO JobExtension] Initialize steps context
[2026-09-30 10:21:51Z INFO JobExtension] Support log upload starting.
[2026-09-30 10:21:51Z INFO HostContext] Well known directory 'Bin': 'C:\Devops_training\DevOpsCICDProject\actions-runner\bin'
[2026-09-30 10:21:51Z INFO HostContext] Well known directory 'Root': 'C:\Devops_training\DevOpsCICDProject\actions-runner'
[2026-09-30 10:21:51Z INFO HostContext] Well known directory 'Work': 'C:\Devops_training\DevOpsCICDProject\actions-runner\_work'
[2026-09-30 10:21:51Z INFO HostContext] Well known directory 'Temp': 'C:\Devops_training\DevOpsCICDProject\actions-runner\_work\_temp'
[2026-09-30 10:21:51Z INFO HostContext] Well known directory 'Bin': 'C:\Devops_training\DevOpsCICDProject\actions-runner\bin'
[2026-09-30 10:21:51Z INFO HostContext] Well known directory 'Root': 'C:\Devops_training\DevOpsCICDProject\actions-runner'
[2026-09-30 10:21:51Z INFO HostContext] Well known directory 'Diag': 'C:\Devops_training\DevOpsCICDProject\actions-runner\_diag'
[2026-09-30 10:21:51Z INFO HostContext] Well known directory 'Bin': 'C:\Devops_training\DevOpsCICDProject\actions-runner\bin'
[2026-09-30 10:21:51Z INFO HostContext] Well known directory 'Root': 'C:\Devops_training\DevOpsCICDProject\actions-runner'
[2026-09-30 10:21:51Z INFO HostContext] Well known directory 'Diag': 'C:\Devops_training\DevOpsCICDProject\actions-runner\_diag'
[2026-09-30 10:21:51Z INFO JobExtension] Support log upload complete.
[2026-09-30 10:21:51Z INFO JobExtension] Total accessible running process: 334.
[2026-09-30 10:21:51Z INFO JobExtension] Wait for all connectivity checks to finish.
[2026-09-30 10:21:51Z INFO JobExtension] Connectivity check result: {
  "endpointUrl": "https://broker.actions.githubusercontent.com/health",
  "endpointIPs": null,
  "startTime": "2026-09-30T10:21:41.9856334Z",
  "statusCode": "http_OK",
  "requestId": "8110:11F7A7:EB9C50:F2BEA2:6ABCE2B7",
  "httpRequestDurationInMs": 839,
  "dnsResolutionDurationInMs": 0,
  "dnsError": null
}
[2026-09-30 10:21:51Z INFO JobExtension] Connectivity check result: {
  "endpointUrl": "https://token.actions.githubusercontent.com/ready",
  "endpointIPs": null,
  "startTime": "2026-09-30T10:21:41.9868787Z",
  "statusCode": "http_NoContent",
  "requestId": "0728:ED57C:2F50F4:375909:6ABCE2B7",
  "httpRequestDurationInMs": 837,
  "dnsResolutionDurationInMs": 0,
  "dnsError": null
}
[2026-09-30 10:21:51Z INFO JobExtension] Connectivity check result: {
  "endpointUrl": "https://run.actions.githubusercontent.com/health",
  "endpointIPs": null,
  "startTime": "2026-09-30T10:21:41.9873617Z",
  "statusCode": "http_OK",
  "requestId": "3636:D8B0A:ED172E:F43528:6ABCE2B7",
  "httpRequestDurationInMs": 822,
  "dnsResolutionDurationInMs": 0,
  "dnsError": null
}
[2026-09-30 10:21:51Z INFO ExecutionContext] Publish step telemetry for current step {
  "action": "complete_job",
  "type": "runner",
  "stage": "Post",
  "stepId": "0818492a-05cb-4ede-b698-4c17bea30016",
  "result": "succeeded",
  "errorMessages": [
    "Node.js 20 is deprecated. The following actions target Node.js 20 but are being forced to run on Node.js 24: actions/checkout@v4. For more information see: https://github.blog/changelog/2025-09-19-deprecation-of-node-20-on-github-actions-runners/"
  ],
  "executionTimeInSeconds": 1,
  "startTime": "2026-09-30T10:21:51.3509777Z",
  "finishTime": "2026-09-30T10:21:51.4230803Z"
}.
[2026-09-30 10:21:51Z INFO JobRunner] Job result after all job steps finish: Failed
[2026-09-30 10:21:51Z INFO JobRunner] Completing the job execution context.
[2026-09-30 10:21:51Z INFO JobRunner] Shutting down the job server queue.
[2026-09-30 10:21:51Z INFO JobServerQueue] Fire signal to shutdown all queues.
[2026-09-30 10:21:51Z INFO JobServerQueue] Got a step log file to send to results service.
[2026-09-30 10:21:51Z INFO JobServerQueue] Starting upload of step log file to results service ResultsLog, C:\Devops_training\DevOpsCICDProject\actions-runner\_diag\blocks\e65d4465-6ba5-8661-a11a-781b79e7aa89_a212e6d0-98f0-4677-9874-2d126a8d3d9a.1
[2026-09-30 10:21:53Z INFO JobServerQueue] Got a step log file to send to results service.
[2026-09-30 10:21:53Z INFO JobServerQueue] Starting upload of step log file to results service ResultsLog, C:\Devops_training\DevOpsCICDProject\actions-runner\_diag\blocks\e65d4465-6ba5-8661-a11a-781b79e7aa89_53c115ad-dd3c-4f80-84ac-141284def72b.1
[2026-09-30 10:21:54Z INFO JobServerQueue] Got a step log file to send to results service.
[2026-09-30 10:21:54Z INFO JobServerQueue] Starting upload of step log file to results service ResultsLog, C:\Devops_training\DevOpsCICDProject\actions-runner\_diag\blocks\e65d4465-6ba5-8661-a11a-781b79e7aa89_aead3f87-95d8-44cc-961e-22ea3ed21b49.1
[2026-09-30 10:21:55Z INFO JobServerQueue] Got a step log file to send to results service.
[2026-09-30 10:21:55Z INFO JobServerQueue] Starting upload of step log file to results service ResultsLog, C:\Devops_training\DevOpsCICDProject\actions-runner\_diag\blocks\e65d4465-6ba5-8661-a11a-781b79e7aa89_fdbba44b-f124-42b8-b23f-43ebe9194de6.1
[2026-09-30 10:21:56Z INFO JobServerQueue] Got a step log file to send to results service.
[2026-09-30 10:21:56Z INFO JobServerQueue] Starting upload of step log file to results service ResultsLog, C:\Devops_training\DevOpsCICDProject\actions-runner\_diag\blocks\e65d4465-6ba5-8661-a11a-781b79e7aa89_cd6c8944-389e-4f04-86e6-f965bc156c22.1
[2026-09-30 10:21:57Z INFO JobServerQueue] Tried to upload 6 file(s) to results, success rate: 6/6.
[2026-09-30 10:21:58Z INFO JobServerQueue] All queue process task stopped.
[2026-09-30 10:21:58Z INFO JobServerQueue] Try to append 1 batches web console lines for record '44deef5b-3cce-412c-9ec6-cac256d9d95a', success rate: 1/1.
[2026-09-30 10:21:58Z INFO JobServerQueue] Try to append 1 batches web console lines for record '0818492a-05cb-4ede-b698-4c17bea30016', success rate: 1/1.
[2026-09-30 10:21:58Z INFO JobServerQueue] Try to append 1 batches web console lines for record '13017ef0-0246-56e4-bbe9-ffb2ecac05a8', success rate: 1/1.
[2026-09-30 10:21:58Z INFO JobServerQueue] Web console line queue drained.
[2026-09-30 10:21:58Z INFO JobServerQueue] Uploading 5 files in one shot.
[2026-09-30 10:21:58Z INFO JobServerQueue] Try to upload 5 log files or attachments, success rate: 5/5.
[2026-09-30 10:21:58Z INFO JobServerQueue] File upload queue drained.
[2026-09-30 10:21:58Z INFO JobServerQueue] Starting results-based upload queue...
[2026-09-30 10:21:58Z INFO JobServerQueue] Uploading 4 file(s) in one shot through results service.
[2026-09-30 10:21:58Z INFO JobServerQueue] Got a step log file to send to results service.
[2026-09-30 10:21:58Z INFO JobServerQueue] Starting upload of step log file to results service ResultsLog, C:\Devops_training\DevOpsCICDProject\actions-runner\_diag\blocks\e65d4465-6ba5-8661-a11a-781b79e7aa89_44deef5b-3cce-412c-9ec6-cac256d9d95a.1
[2026-09-30 10:21:59Z INFO JobServerQueue] Starting to upload diagnostic logs file to results service Build UnknownBuildNumber-deploy.zip, C:\Devops_training\DevOpsCICDProject\actions-runner\_work\_temp\__default-support\Build UnknownBuildNumber-deploy.zip
[2026-09-30 10:22:00Z INFO JobServerQueue] Got a step log file to send to results service.
[2026-09-30 10:22:00Z INFO JobServerQueue] Starting upload of step log file to results service ResultsLog, C:\Devops_training\DevOpsCICDProject\actions-runner\_diag\blocks\e65d4465-6ba5-8661-a11a-781b79e7aa89_0818492a-05cb-4ede-b698-4c17bea30016.1
[2026-09-30 10:22:00Z INFO JobServerQueue] Got a job log file to send to results service.
[2026-09-30 10:22:00Z INFO JobServerQueue] Starting upload of job log file to results service ResultsLog, C:\Devops_training\DevOpsCICDProject\actions-runner\_diag\blocks\e65d4465-6ba5-8661-a11a-781b79e7aa89_13017ef0-0246-56e4-bbe9-ffb2ecac05a8.1
[2026-09-30 10:22:02Z INFO JobServerQueue] Tried to upload 4 file(s) to results, success rate: 4/4.
[2026-09-30 10:22:02Z INFO JobServerQueue] Results upload queue drained.
[2026-09-30 10:22:02Z INFO JobServerQueue] Timeline update queue drained.
[2026-09-30 10:22:02Z INFO JobServerQueue] Disposing job server ...
[2026-09-30 10:22:02Z INFO JobServerQueue] Disposing results server ...
[2026-09-30 10:22:02Z INFO JobServerQueue] All queue process tasks have been stopped, and all queues are drained.
[2026-09-30 10:22:02Z INFO TempDirectoryManager] Cleaning runner temp folder: C:\Devops_training\DevOpsCICDProject\actions-runner\_work\_temp
[2026-09-30 10:22:02Z INFO HostContext] Well known directory 'Bin': 'C:\Devops_training\DevOpsCICDProject\actions-runner\bin'
[2026-09-30 10:22:02Z INFO HostContext] Well known directory 'Root': 'C:\Devops_training\DevOpsCICDProject\actions-runner'
[2026-09-30 10:22:02Z INFO HostContext] Well known directory 'Diag': 'C:\Devops_training\DevOpsCICDProject\actions-runner\_diag'
[2026-09-30 10:22:02Z INFO HostContext] Well known config file 'Telemetry': 'C:\Devops_training\DevOpsCICDProject\actions-runner\_diag\.telemetry'
[2026-09-30 10:22:02Z INFO JobRunner] Raising job completed against run service
[2026-09-30 10:22:03Z INFO Worker] Job completed.
