[2026-09-29 03:53:42Z INFO HostContext] No proxy settings were found based on environmental variables (http_proxy/https_proxy/HTTP_PROXY/HTTPS_PROXY)
[2026-09-29 03:53:42Z INFO HostContext] Well known directory 'Bin': 'C:\Devops_training\DevOpsCICDProject\actions-runner\bin'
[2026-09-29 03:53:42Z INFO HostContext] Well known directory 'Root': 'C:\Devops_training\DevOpsCICDProject\actions-runner'
[2026-09-29 03:53:42Z INFO HostContext] Well known config file 'Credentials': 'C:\Devops_training\DevOpsCICDProject\actions-runner\.credentials'
[2026-09-29 03:53:42Z INFO HostContext] Well known directory 'Bin': 'C:\Devops_training\DevOpsCICDProject\actions-runner\bin'
[2026-09-29 03:53:42Z INFO HostContext] Well known directory 'Root': 'C:\Devops_training\DevOpsCICDProject\actions-runner'
[2026-09-29 03:53:42Z INFO HostContext] Well known config file 'Runner': 'C:\Devops_training\DevOpsCICDProject\actions-runner\.runner'
[2026-09-29 03:53:42Z INFO Worker] Version: 2.337.0
[2026-09-29 03:53:42Z INFO Worker] Commit: 397b032cbf865e9c3ddfab89d533ec19325e1273
[2026-09-29 03:53:42Z INFO Worker] Culture: en-IN
[2026-09-29 03:53:42Z INFO Worker] UI Culture: en-US
[2026-09-29 03:53:42Z INFO Worker] Waiting to receive the job message from the channel.
[2026-09-29 03:53:42Z INFO ProcessChannel] Receiving message of length 26101, with hash '2e6692f6e26216f86c26c5b4d99c44fc551842845ed607d0a5f973c6236c9642'
[2026-09-29 03:53:42Z INFO Worker] Message received.
[2026-09-29 03:53:42Z INFO Worker] Job message:
 {
  "fileTable": [
    ".github/workflows/pipeline.yaml"
  ],
  "mask": [
    {
      "type": "regex",
      "value": "***"
    },
    {
      "type": "regex",
      "value": "***"
    },
    {
      "type": "regex",
      "value": "***"
    },
    {
      "type": "regex",
      "value": "***"
    },
    {
      "type": "regex",
      "value": "***"
    },
    {
      "type": "regex",
      "value": "***"
    },
    {
      "type": "regex",
      "value": "***"
    },
    {
      "type": "regex",
      "value": "***"
    },
    {
      "type": "regex",
      "value": "***"
    },
    {
      "type": "regex",
      "value": "***"
    },
    {
      "type": "regex",
      "value": "***"
    },
    {
      "type": "regex",
      "value": "***"
    },
    {
      "type": "regex",
      "value": "***"
    },
    {
      "type": "regex",
      "value": "***"
    },
    {
      "type": "regex",
      "value": "***"
    },
    {
      "type": "regex",
      "value": "***"
    },
    {
      "type": "regex",
      "value": "***"
    },
    {
      "type": "regex",
      "value": "***"
    },
    {
      "type": "regex",
      "value": "***"
    },
    {
      "type": "regex",
      "value": "***"
    },
    {
      "type": "regex",
      "value": "***"
    },
    {
      "type": "regex",
      "value": "***"
    },
    {
      "type": "regex",
      "value": "***"
    },
    {
      "type": "regex",
      "value": "***"
    }
  ],
  "steps": [
    {
      "type": "action",
      "reference": {
        "type": "repository",
        "name": "actions/checkout",
        "ref": "v4",
        "repositoryType": "GitHub"
      },
      "displayNameToken": {
        "type": 0,
        "file": 1,
        "line": 14,
        "col": 15,
        "lit": "Checkout Code"
      },
      "contextName": "__actions_checkout",
      "condition": "success()",
      "id": "39f698dc-e384-4db0-bb33-ef0917fe52e2",
      "name": "__actions_checkout"
    },
    {
      "type": "action",
      "reference": {
        "type": "script"
      },
      "displayNameToken": {
        "type": 0,
        "file": 1,
        "line": 16,
        "col": 15,
        "lit": "Check Workspace"
      },
      "contextName": "__run",
      "inputs": {
        "type": 2,
        "map": [
          {
            "key": "script",
            "value": {
              "type": 0,
              "file": 1,
              "line": 17,
              "col": 14,
              "lit": "Write-Host \"Current directory:\"\nGet-Location\n\nWrite-Host \"Files in current directory:\"\nGet-ChildItem\n\nWrite-Host \"Searching for Dockerfile:\"\nGet-ChildItem -Path . -Filter Dockerfile -Recurse\n"
            }
          }
        ]
      },
      "condition": "success()",
      "id": "938d9f13-3b78-4e21-987f-a57e6e407a80",
      "name": "__run"
    },
    {
      "type": "action",
      "reference": {
        "type": "script"
      },
      "displayNameToken": {
        "type": 0,
        "file": 1,
        "line": 28,
        "col": 15,
        "lit": "Docker Login"
      },
      "contextName": "__run_2",
      "inputs": {
        "type": 2,
        "map": [
          {
            "key": "script",
            "value": {
              "type": 0,
              "file": 1,
              "line": 29,
              "col": 14,
              "lit": "docker login -u \"praabhatkumar1991\" -p \"dckr_pat_6hL-lfY6ShrtoHbO8gCSj1GmeSg\""
            }
          }
        ]
      },
      "condition": "success()",
      "id": "140b6143-c75d-4517-ac5f-d07c712a58dc",
      "name": "__run_2"
    },
    {
      "type": "action",
      "reference": {
        "type": "script"
      },
      "displayNameToken": {
        "type": 0,
        "file": 1,
        "line": 32,
        "col": 15,
        "lit": "Build Docker Image"
      },
      "contextName": "__run_3",
      "inputs": {
        "type": 2,
        "map": [
          {
            "key": "script",
            "value": {
              "type": 3,
              "file": 1,
              "line": 33,
              "col": 14,
              "expr": "format('docker build -t praabhatkumar1991/devops-app:{0} .\n', github.run_number)"
            }
          }
        ]
      },
      "condition": "success()",
      "id": "b712b291-98e0-45e5-abce-ed069d8f9981",
      "name": "__run_3"
    },
    {
      "type": "action",
      "reference": {
        "type": "script"
      },
      "displayNameToken": {
        "type": 0,
        "file": 1,
        "line": 37,
        "col": 15,
        "lit": "Push Docker Image"
      },
      "contextName": "__run_4",
      "inputs": {
        "type": 2,
        "map": [
          {
            "key": "script",
            "value": {
              "type": 3,
              "file": 1,
              "line": 38,
              "col": 14,
              "expr": "format('docker push praabhatkumar1991/devops-app:{0}\n', github.run_number)"
            }
          }
        ]
      },
      "condition": "success()",
      "id": "23a2bf63-58cf-4c6f-993c-ef861dd67178",
      "name": "__run_4"
    },
    {
      "type": "action",
      "reference": {
        "type": "script"
      },
      "displayNameToken": {
        "type": 0,
        "file": 1,
        "line": 42,
        "col": 15,
        "lit": "Deploy to Kubernetes"
      },
      "contextName": "__run_5",
      "inputs": {
        "type": 2,
        "map": [
          {
            "key": "script",
            "value": {
              "type": 3,
              "file": 1,
              "line": 43,
              "col": 14,
              "expr": "format('kubectl set image deployment/devops-app devops-app=praabhatkumar1991/devops-app:{0}\n', github.run_number)"
            }
          }
        ]
      },
      "condition": "success()",
      "id": "10003b6a-83da-4310-bc2e-50648729edfc",
      "name": "__run_5"
    },
    {
      "type": "action",
      "reference": {
        "type": "script"
      },
      "displayNameToken": {
        "type": 0,
        "file": 1,
        "line": 47,
        "col": 15,
        "lit": "Wait for Deployment"
      },
      "contextName": "__run_6",
      "inputs": {
        "type": 2,
        "map": [
          {
            "key": "script",
            "value": {
              "type": 0,
              "file": 1,
              "line": 48,
              "col": 14,
              "lit": "kubectl rollout status deployment/devops-app --timeout=120s\n"
            }
          }
        ]
      },
      "condition": "success()",
      "id": "c01296a5-3f93-4943-8f1c-8a6cc7178234",
      "name": "__run_6"
    },
    {
      "type": "action",
      "reference": {
        "type": "script"
      },
      "displayNameToken": {
        "type": 0,
        "file": 1,
        "line": 52,
        "col": 15,
        "lit": "Verify Kubernetes Deployment"
      },
      "contextName": "__run_7",
      "inputs": {
        "type": 2,
        "map": [
          {
            "key": "script",
            "value": {
              "type": 0,
              "file": 1,
              "line": 53,
              "col": 14,
              "lit": "echo \"===== Deployment =====\"\nkubectl get deployment devops-app\n\necho \"===== Pods =====\"\nkubectl get pods -o wide\n\necho \"===== Services =====\"\nkubectl get svc\n"
            }
          }
        ]
      },
      "condition": "success()",
      "id": "859a9115-0cb7-4bfa-b287-0ac680ff062f",
      "name": "__run_7"
    }
  ],
  "variables": {
    "Actions.EnableHttpRedirects": {
      "value": "true"
    },
    "DistributedTask.AddWarningToNode12Action": {
      "value": "true"
    },
    "DistributedTask.AddWarningToNode16Action": {
      "value": "true"
    },
    "DistributedTask.AllowRunnerContainerHooks": {
      "value": "true"
    },
    "DistributedTask.DeprecateStepOutputCommands": {
      "value": "true"
    },
    "DistributedTask.DetailUntarFailure": {
      "value": "true"
    },
    "DistributedTask.EnableCompositeActions": {
      "value": "true"
    },
    "DistributedTask.EnableJobServerQueueTelemetry": {
      "value": "true"
    },
    "DistributedTask.EnhancedAnnotations": {
      "value": "true"
    },
    "DistributedTask.ForceGithubJavascriptActionsToNode16": {
      "value": "true"
    },
    "DistributedTask.ForceGithubJavascriptActionsToNode20": {
      "value": "true"
    },
    "DistributedTask.LogTemplateErrorsAsDebugMessages": {
      "value": "true"
    },
    "DistributedTask.MarkJobAsFailedOnWorkerCrash": {
      "value": "true"
    },
    "DistributedTask.NewActionMetadata": {
      "value": "true"
    },
    "DistributedTask.UploadStepSummary": {
      "value": "true"
    },
    "DistributedTask.UseActionArchiveCache": {
      "value": "true"
    },
    "DistributedTask.UseWhich2": {
      "value": "true"
    },
    "RunService.FixEmbeddedIssues": {
      "value": "true"
    },
    "actions.runner.requirenode24": {
      "value": "true"
    },
    "actions.runner.usenode24bydefault": {
      "value": "true"
    },
    "actions.runner.warnonnode20": {
      "value": "true"
    },
    "actions_add_check_run_id_to_job_context": {
      "value": "true"
    },
    "actions_batch_action_resolution": {
      "value": "false"
    },
    "actions_cache_mode": {
      "value": "write"
    },
    "actions_container_action_runner_temp": {
      "value": "true"
    },
    "actions_display_helpful_actions_download_errors": {
      "value": "true"
    },
    "actions_runner_allow_artifacts_file": {
      "value": "false"
    },
    "actions_runner_compare_workflow_parser": {
      "value": "false"
    },
    "actions_runner_deprecate_linux_arm32": {
      "value": "true"
    },
    "actions_runner_emit_composite_markers": {
      "value": "true"
    },
    "actions_runner_kill_linux_arm32": {
      "value": "false"
    },
    "actions_runner_node20_removal_date": {
      "value": "September 23rd, 2026"
    },
    "actions_runner_node24_default_date": {
      "value": "June 16th, 2026"
    },
    "actions_self_repository": {
      "value": "true"
    },
    "actions_service_container_command": {
      "value": "true"
    },
    "actions_set_orchestration_id_env_for_actions": {
      "value": "true"
    },
    "actions_skip_retry_complete_job_upon_known_errors": {
      "value": "true"
    },
    "actions_snapshot_preflight_hosted_runner_check": {
      "value": "false"
    },
    "actions_snapshot_preflight_image_gen_pool_check": {
      "value": "false"
    },
    "actions_use_bearer_token_for_codeload": {
      "value": "false"
    },
    "actions_uses_cache_service_v2": {
      "value": "true"
    },
    "github_token": {
      "value": "***",
      "isSecret": true
    },
    "system.from_run_service": {
      "value": "true"
    },
    "system.github.job": {
      "value": "deploy"
    },
    "system.github.launch_endpoint": {
      "value": "https://launch.actions.githubusercontent.com"
    },
    "system.github.results_endpoint": {
      "value": "https://results-receiver.actions.githubusercontent.com/"
    },
    "system.github.results_upload_with_sdk": {
      "value": "true"
    },
    "system.github.token": {
      "value": "***",
      "isSecret": true
    },
    "system.github.token.permissions": {
      "value": "{\"Contents\":\"read\",\"Metadata\":\"read\",\"Packages\":\"read\"}"
    },
    "system.orchestrationId": {
      "value": "8af33a91-a100-4821-8aef-643cfc5dbf25.deploy.__default"
    },
    "system.phaseDisplayName": {
      "value": "deploy"
    },
    "system.runner.lowdiskspacethreshold": {
      "value": "100"
    },
    "system.runnerEnvironment": {
      "value": "self-hosted"
    },
    "system.runnerGroupName": {
      "value": "Default"
    }
  },
  "messageType": "RunnerJobRequest",
  "plan": {
    "scopeIdentifier": "00000000-0000-0000-0000-000000000000",
    "planType": "actions",
    "version": 0,
    "planId": "8af33a91-a100-4821-8aef-643cfc5dbf25",
    "planGroup": null,
    "artifactUri": null,
    "artifactLocation": null,
    "definition": null,
    "owner": null
  },
  "timeline": {
    "id": "8af33a91-a100-4821-8aef-643cfc5dbf25",
    "changeId": 0,
    "location": null
  },
  "jobId": "e9249a67-f5b9-5f11-abaa-729fa1218a99",
  "jobDisplayName": "deploy",
  "jobName": "__default",
  "requestId": 0,
  "lockedUntil": "0001-01-01T00:00:00",
  "resources": {
    "endpoints": [
      {
        "data": {
          "ServerId": "",
          "ServerName": "",
          "CacheServerUrl": "https://artifactcache.actions.githubusercontent.com/mm6oqhgtxdmufdvalzOEbY43YRoioivgsXTjX2UQBxioQQHEGA/",
          "FeedStreamUrl": "wss://results-receiver.actions.githubusercontent.com/_ws/ingest.sock",
          "ResultsServiceUrl": "https://results-receiver.actions.githubusercontent.com/",
          "PipelinesServiceUrl": "https://pipelinesghubeus5.actions.githubusercontent.com/mm6oqhgtxdmufdvalzOEbY43YRoioivgsXTjX2UQBxioQQHEGA/",
          "GenerateIdTokenUrl": "",
          "ConnectivityChecks": "[\"https://broker.actions.githubusercontent.com/health\",\"https://token.actions.githubusercontent.com/ready\",\"https://run.actions.githubusercontent.com/health\"]",
          "ConnectivityAndDNSChecks": ""
        },
        "name": "SystemVssConnection",
        "url": "https://run-actions-3-azure-eastus.actions.githubusercontent.com/187/",
        "authorization": {
          "parameters": {
            "AccessToken": "***"
          },
          "scheme": "OAuth"
        },
        "isShared": false,
        "isReady": true
      }
    ]
  },
  "contextData": {
    "github": {
      "t": 2,
      "d": [
        {
          "k": "ref",
          "v": "refs/heads/master"
        },
        {
          "k": "sha",
          "v": "43874e9f887c4bc42543f248bac0feef262f8f61"
        },
        {
          "k": "repository",
          "v": "Prabhatkumarkhemariya/DevOpsCICDProject"
        },
        {
          "k": "repository_owner",
          "v": "Prabhatkumarkhemariya"
        },
        {
          "k": "repository_owner_id",
          "v": "182388013"
        },
        {
          "k": "repositoryUrl",
          "v": "git://github.com/Prabhatkumarkhemariya/DevOpsCICDProject.git"
        },
        {
          "k": "run_id",
          "v": "36518832509"
        },
        {
          "k": "run_number",
          "v": "25"
        },
        {
          "k": "retention_days",
          "v": "90"
        },
        {
          "k": "run_attempt",
          "v": "2"
        },
        {
          "k": "artifact_cache_size_limit",
          "v": "10"
        },
        {
          "k": "repository_visibility",
          "v": "public"
        },
        {
          "k": "actor_id",
          "v": "182388013"
        },
        {
          "k": "actor",
          "v": "Prabhatkumarkhemariya"
        },
        {
          "k": "workflow",
          "v": "Local CI-CD Pipeline"
        },
        {
          "k": "head_ref",
          "v": ""
        },
        {
          "k": "base_ref",
          "v": ""
        },
        {
          "k": "event_name",
          "v": "push"
        },
        {
          "k": "server_url",
          "v": "https://github.com"
        },
        {
          "k": "api_url",
          "v": "https://api.github.com"
        },
        {
          "k": "graphql_url",
          "v": "https://api.github.com/graphql"
        },
        {
          "k": "ref_name",
          "v": "master"
        },
        {
          "k": "ref_protected",
          "v": false
        },
        {
          "k": "ref_type",
          "v": "branch"
        },
        {
          "k": "secret_source",
          "v": "Actions"
        },
        {
          "k": "event",
          "v": {
            "t": 2,
            "d": [
              {
                "k": "after",
                "v": "43874e9f887c4bc42543f248bac0feef262f8f61"
              },
              {
                "k": "base_ref",
                "v": null
              },
              {
                "k": "before",
                "v": "7888c8703f74ec4590259c820a6806f7642c3e79"
              },
              {
                "k": "commits",
                "v": {
                  "t": 1,
                  "a": [
                    {
                      "t": 2,
                      "d": [
                        {
                          "k": "author",
                          "v": {
                            "t": 2,
                            "d": [
                              {
                                "k": "email",
                                "v": "erprabhat04@gmail.com"
                              },
                              {
                                "k": "name",
                                "v": "Prabhatkumarkhemariya"
                              },
                              {
                                "k": "username",
                                "v": "Prabhatkumarkhemariya"
                              }
                            ]
                          }
                        },
                        {
                          "k": "committer",
                          "v": {
                            "t": 2,
                            "d": [
                              {
                                "k": "email",
                                "v": "noreply@github.com"
                              },
                              {
                                "k": "name",
                                "v": "GitHub"
                              },
                              {
                                "k": "username",
                                "v": "web-flow"
                              }
                            ]
                          }
                        },
                        {
                          "k": "distinct",
                          "v": true
                        },
                        {
                          "k": "id",
                          "v": "43874e9f887c4bc42543f248bac0feef262f8f61"
                        },
                        {
                          "k": "message",
                          "v": "Change CI-CD pipeline branch from 'main' to 'master'"
                        },
                        {
                          "k": "timestamp",
                          "v": "2026-09-29T09:19:17+05:30"
                        },
                        {
                          "k": "tree_id",
                          "v": "82828619cf5857e43dd922b07f3e6b75ffcc8a73"
                        },
                        {
                          "k": "url",
                          "v": "https://github.com/Prabhatkumarkhemariya/DevOpsCICDProject/commit/43874e9f887c4bc42543f248bac0feef262f8f61"
                        }
                      ]
                    }
                  ]
                }
              },
              {
                "k": "compare",
                "v": "https://github.com/Prabhatkumarkhemariya/DevOpsCICDProject/compare/7888c8703f74...43874e9f887c"
              },
              {
                "k": "created",
                "v": false
              },
              {
                "k": "deleted",
                "v": false
              },
              {
                "k": "forced",
                "v": false
              },
              {
                "k": "head_commit",
                "v": {
                  "t": 2,
                  "d": [
                    {
                      "k": "author",
                      "v": {
                        "t": 2,
                        "d": [
                          {
                            "k": "email",
                            "v": "erprabhat04@gmail.com"
                          },
                          {
                            "k": "name",
                            "v": "Prabhatkumarkhemariya"
                          },
                          {
                            "k": "username",
                            "v": "Prabhatkumarkhemariya"
                          }
                        ]
                      }
                    },
                    {
                      "k": "committer",
                      "v": {
                        "t": 2,
                        "d": [
                          {
                            "k": "email",
                            "v": "noreply@github.com"
                          },
                          {
                            "k": "name",
                            "v": "GitHub"
                          },
                          {
                            "k": "username",
                            "v": "web-flow"
                          }
                        ]
                      }
                    },
                    {
                      "k": "distinct",
                      "v": true
                    },
                    {
                      "k": "id",
                      "v": "43874e9f887c4bc42543f248bac0feef262f8f61"
                    },
                    {
                      "k": "message",
                      "v": "Change CI-CD pipeline branch from 'main' to 'master'"
                    },
                    {
                      "k": "timestamp",
                      "v": "2026-09-29T09:19:17+05:30"
                    },
                    {
                      "k": "tree_id",
                      "v": "82828619cf5857e43dd922b07f3e6b75ffcc8a73"
                    },
                    {
                      "k": "url",
                      "v": "https://github.com/Prabhatkumarkhemariya/DevOpsCICDProject/commit/43874e9f887c4bc42543f248bac0feef262f8f61"
                    }
                  ]
                }
              },
              {
                "k": "pusher",
                "v": {
                  "t": 2,
                  "d": [
                    {
                      "k": "email",
                      "v": "erprabhat04@gmail.com"
                    },
                    {
                      "k": "name",
                      "v": "Prabhatkumarkhemariya"
                    }
                  ]
                }
              },
              {
                "k": "ref",
                "v": "refs/heads/master"
              },
              {
                "k": "repository",
                "v": {
                  "t": 2,
                  "d": [
                    {
                      "k": "allow_forking",
                      "v": true
                    },
                    {
                      "k": "archive_url",
                      "v": "https://api.github.com/repos/Prabhatkumarkhemariya/DevOpsCICDProject/{archive_format}{/ref}"
                    },
                    {
                      "k": "archived",
                      "v": false
                    },
                    {
                      "k": "assignees_url",
                      "v": "https://api.github.com/repos/Prabhatkumarkhemariya/DevOpsCICDProject/assignees{/user}"
                    },
                    {
                      "k": "blobs_url",
                      "v": "https://api.github.com/repos/Prabhatkumarkhemariya/DevOpsCICDProject/git/blobs{/sha}"
                    },
                    {
                      "k": "branches_url",
                      "v": "https://api.github.com/repos/Prabhatkumarkhemariya/DevOpsCICDProject/branches{/branch}"
                    },
                    {
                      "k": "clone_url",
                      "v": "https://github.com/Prabhatkumarkhemariya/DevOpsCICDProject.git"
                    },
                    {
                      "k": "collaborators_url",
                      "v": "https://api.github.com/repos/Prabhatkumarkhemariya/DevOpsCICDProject/collaborators{/collaborator}"
                    },
                    {
                      "k": "comments_url",
                      "v": "https://api.github.com/repos/Prabhatkumarkhemariya/DevOpsCICDProject/comments{/number}"
                    },
                    {
                      "k": "commits_url",
                      "v": "https://api.github.com/repos/Prabhatkumarkhemariya/DevOpsCICDProject/commits{/sha}"
                    },
                    {
                      "k": "compare_url",
                      "v": "https://api.github.com/repos/Prabhatkumarkhemariya/DevOpsCICDProject/compare/{base}...{head}"
                    },
                    {
                      "k": "contents_url",
                      "v": "https://api.github.com/repos/Prabhatkumarkhemariya/DevOpsCICDProject/contents/{+path}"
                    },
                    {
                      "k": "contributors_url",
                      "v": "https://api.github.com/repos/Prabhatkumarkhemariya/DevOpsCICDProject/contributors"
                    },
                    {
                      "k": "created_at",
                      "v": 1790478339.0
                    },
                    {
                      "k": "default_branch",
                      "v": "master"
                    },
                    {
                      "k": "deployments_url",
                      "v": "https://api.github.com/repos/Prabhatkumarkhemariya/DevOpsCICDProject/deployments"
                    },
                    {
                      "k": "description",
                      "v": "DevOpsCICDProject for practice the CICD pipeline completely"
                    },
                    {
                      "k": "disabled",
                      "v": false
                    },
                    {
                      "k": "downloads_url",
                      "v": "https://api.github.com/repos/Prabhatkumarkhemariya/DevOpsCICDProject/downloads"
                    },
                    {
                      "k": "events_url",
                      "v": "https://api.github.com/repos/Prabhatkumarkhemariya/DevOpsCICDProject/events"
                    },
                    {
                      "k": "fork",
                      "v": false
                    },
                    {
                      "k": "forks",
                      "v": 0.0
                    },
                    {
                      "k": "forks_count",
                      "v": 0.0
                    },
                    {
                      "k": "forks_url",
                      "v": "https://api.github.com/repos/Prabhatkumarkhemariya/DevOpsCICDProject/forks"
                    },
                    {
                      "k": "full_name",
                      "v": "Prabhatkumarkhemariya/DevOpsCICDProject"
                    },
                    {
                      "k": "git_commits_url",
                      "v": "https://api.github.com/repos/Prabhatkumarkhemariya/DevOpsCICDProject/git/commits{/sha}"
                    },
                    {
                      "k": "git_refs_url",
                      "v": "https://api.github.com/repos/Prabhatkumarkhemariya/DevOpsCICDProject/git/refs{/sha}"
                    },
                    {
                      "k": "git_tags_url",
                      "v": "https://api.github.com/repos/Prabhatkumarkhemariya/DevOpsCICDProject/git/tags{/sha}"
                    },
                    {
                      "k": "git_url",
                      "v": "git://github.com/Prabhatkumarkhemariya/DevOpsCICDProject.git"
                    },
                    {
                      "k": "has_discussions",
                      "v": false
                    },
                    {
                      "k": "has_downloads",
                      "v": true
                    },
                    {
                      "k": "has_issues",
                      "v": true
                    },
                    {
                      "k": "has_pages",
                      "v": false
                    },
                    {
                      "k": "has_projects",
                      "v": true
                    },
                    {
                      "k": "has_pull_requests",
                      "v": true
                    },
                    {
                      "k": "has_wiki",
                      "v": true
                    },
                    {
                      "k": "homepage",
                      "v": null
                    },
                    {
                      "k": "hooks_url",
                      "v": "https://api.github.com/repos/Prabhatkumarkhemariya/DevOpsCICDProject/hooks"
                    },
                    {
                      "k": "html_url",
                      "v": "https://github.com/Prabhatkumarkhemariya/DevOpsCICDProject"
                    },
                    {
                      "k": "id",
                      "v": 1390018597.0
                    },
                    {
                      "k": "is_template",
                      "v": false
                    },
                    {
                      "k": "issue_comment_url",
                      "v": "https://api.github.com/repos/Prabhatkumarkhemariya/DevOpsCICDProject/issues/comments{/number}"
                    },
                    {
                      "k": "issue_events_url",
                      "v": "https://api.github.com/repos/Prabhatkumarkhemariya/DevOpsCICDProject/issues/events{/number}"
                    },
                    {
                      "k": "issues_url",
                      "v": "https://api.github.com/repos/Prabhatkumarkhemariya/DevOpsCICDProject/issues{/number}"
                    },
                    {
                      "k": "keys_url",
                      "v": "https://api.github.com/repos/Prabhatkumarkhemariya/DevOpsCICDProject/keys{/key_id}"
                    },
                    {
                      "k": "labels_url",
                      "v": "https://api.github.com/repos/Prabhatkumarkhemariya/DevOpsCICDProject/labels{/name}"
                    },
                    {
                      "k": "language",
                      "v": "JavaScript"
                    },
                    {
                      "k": "languages_url",
                      "v": "https://api.github.com/repos/Prabhatkumarkhemariya/DevOpsCICDProject/languages"
                    },
                    {
                      "k": "license",
                      "v": null
                    },
                    {
                      "k": "master_branch",
                      "v": "master"
                    },
                    {
                      "k": "merges_url",
                      "v": "https://api.github.com/repos/Prabhatkumarkhemariya/DevOpsCICDProject/merges"
                    },
                    {
                      "k": "milestones_url",
                      "v": "https://api.github.com/repos/Prabhatkumarkhemariya/DevOpsCICDProject/milestones{/number}"
                    },
                    {
                      "k": "mirror_url",
                      "v": null
                    },
                    {
                      "k": "name",
                      "v": "DevOpsCICDProject"
                    },
                    {
                      "k": "node_id",
                      "v": "R_kgDOUtoAJQ"
                    },
                    {
                      "k": "notifications_url",
                      "v": "https://api.github.com/repos/Prabhatkumarkhemariya/DevOpsCICDProject/notifications{?since,all,participating}"
                    },
                    {
                      "k": "open_issues",
                      "v": 0.0
                    },
                    {
                      "k": "open_issues_count",
                      "v": 0.0
                    },
                    {
                      "k": "owner",
                      "v": {
                        "t": 2,
                        "d": [
                          {
                            "k": "avatar_url",
                            "v": "https://avatars.githubusercontent.com/u/182388013?v=4"
                          },
                          {
                            "k": "email",
                            "v": "erprabhat04@gmail.com"
                          },
                          {
                            "k": "events_url",
                            "v": "https://api.github.com/users/Prabhatkumarkhemariya/events{/privacy}"
                          },
                          {
                            "k": "followers_url",
                            "v": "https://api.github.com/users/Prabhatkumarkhemariya/followers"
                          },
                          {
                            "k": "following_url",
                            "v": "https://api.github.com/users/Prabhatkumarkhemariya/following{/other_user}"
                          },
                          {
                            "k": "gists_url",
                            "v": "https://api.github.com/users/Prabhatkumarkhemariya/gists{/gist_id}"
                          },
                          {
                            "k": "gravatar_id",
                            "v": ""
                          },
                          {
                            "k": "html_url",
                            "v": "https://github.com/Prabhatkumarkhemariya"
                          },
                          {
                            "k": "id",
                            "v": 182388013.0
                          },
                          {
                            "k": "login",
                            "v": "Prabhatkumarkhemariya"
                          },
                          {
                            "k": "name",
                            "v": "Prabhatkumarkhemariya"
                          },
                          {
                            "k": "node_id",
                            "v": "U_kgDOCt8FLQ"
                          },
                          {
                            "k": "organizations_url",
                            "v": "https://api.github.com/users/Prabhatkumarkhemariya/orgs"
                          },
                          {
                            "k": "received_events_url",
                            "v": "https://api.github.com/users/Prabhatkumarkhemariya/received_events"
                          },
                          {
                            "k": "repos_url",
                            "v": "https://api.github.com/users/Prabhatkumarkhemariya/repos"
                          },
                          {
                            "k": "site_admin",
                            "v": false
                          },
                          {
                            "k": "starred_url",
                            "v": "https://api.github.com/users/Prabhatkumarkhemariya/starred{/owner}{/repo}"
                          },
                          {
                            "k": "subscriptions_url",
                            "v": "https://api.github.com/users/Prabhatkumarkhemariya/subscriptions"
                          },
                          {
                            "k": "type",
                            "v": "User"
                          },
                          {
                            "k": "url",
                            "v": "https://api.github.com/users/Prabhatkumarkhemariya"
                          },
                          {
                            "k": "user_view_type",
                            "v": "public"
                          }
                        ]
                      }
                    },
                    {
                      "k": "private",
                      "v": false
                    },
                    {
                      "k": "pull_request_creation_policy",
                      "v": "all"
                    },
                    {
                      "k": "pulls_url",
                      "v": "https://api.github.com/repos/Prabhatkumarkhemariya/DevOpsCICDProject/pulls{/number}"
                    },
                    {
                      "k": "pushed_at",
                      "v": 1790653757.0
                    },
                    {
                      "k": "releases_url",
                      "v": "https://api.github.com/repos/Prabhatkumarkhemariya/DevOpsCICDProject/releases{/id}"
                    },
                    {
                      "k": "size",
                      "v": 28.0
                    },
                    {
                      "k": "ssh_url",
                      "v": "git@github.com:Prabhatkumarkhemariya/DevOpsCICDProject.git"
                    },
                    {
                      "k": "stargazers",
                      "v": 0.0
                    },
                    {
                      "k": "stargazers_count",
                      "v": 0.0
                    },
                    {
                      "k": "stargazers_url",
                      "v": "https://api.github.com/repos/Prabhatkumarkhemariya/DevOpsCICDProject/stargazers"
                    },
                    {
                      "k": "statuses_url",
                      "v": "https://api.github.com/repos/Prabhatkumarkhemariya/DevOpsCICDProject/statuses/{sha}"
                    },
                    {
                      "k": "subscribers_url",
                      "v": "https://api.github.com/repos/Prabhatkumarkhemariya/DevOpsCICDProject/subscribers"
                    },
                    {
                      "k": "subscription_url",
                      "v": "https://api.github.com/repos/Prabhatkumarkhemariya/DevOpsCICDProject/subscription"
                    },
                    {
                      "k": "svn_url",
                      "v": "https://github.com/Prabhatkumarkhemariya/DevOpsCICDProject"
                    },
                    {
                      "k": "tags_url",
                      "v": "https://api.github.com/repos/Prabhatkumarkhemariya/DevOpsCICDProject/tags"
                    },
                    {
                      "k": "teams_url",
                      "v": "https://api.github.com/repos/Prabhatkumarkhemariya/DevOpsCICDProject/teams"
                    },
                    {
                      "k": "topics",
                      "v": {
                        "t": 1
                      }
                    },
                    {
                      "k": "trees_url",
                      "v": "https://api.github.com/repos/Prabhatkumarkhemariya/DevOpsCICDProject/git/trees{/sha}"
                    },
                    {
                      "k": "updated_at",
                      "v": "2026-09-29T03:46:28Z"
                    },
                    {
                      "k": "url",
                      "v": "https://api.github.com/repos/Prabhatkumarkhemariya/DevOpsCICDProject"
                    },
                    {
                      "k": "visibility",
                      "v": "public"
                    },
                    {
                      "k": "watchers",
                      "v": 0.0
                    },
                    {
                      "k": "watchers_count",
                      "v": 0.0
                    },
                    {
                      "k": "web_commit_signoff_required",
                      "v": false
                    }
                  ]
                }
              },
              {
                "k": "sender",
                "v": {
                  "t": 2,
                  "d": [
                    {
                      "k": "avatar_url",
                      "v": "https://avatars.githubusercontent.com/u/182388013?v=4"
                    },
                    {
                      "k": "events_url",
                      "v": "https://api.github.com/users/Prabhatkumarkhemariya/events{/privacy}"
                    },
                    {
                      "k": "followers_url",
                      "v": "https://api.github.com/users/Prabhatkumarkhemariya/followers"
                    },
                    {
                      "k": "following_url",
                      "v": "https://api.github.com/users/Prabhatkumarkhemariya/following{/other_user}"
                    },
                    {
                      "k": "gists_url",
                      "v": "https://api.github.com/users/Prabhatkumarkhemariya/gists{/gist_id}"
                    },
                    {
                      "k": "gravatar_id",
                      "v": ""
                    },
                    {
                      "k": "html_url",
                      "v": "https://github.com/Prabhatkumarkhemariya"
                    },
                    {
                      "k": "id",
                      "v": 182388013.0
                    },
                    {
                      "k": "login",
                      "v": "Prabhatkumarkhemariya"
                    },
                    {
                      "k": "node_id",
                      "v": "U_kgDOCt8FLQ"
                    },
                    {
                      "k": "organizations_url",
                      "v": "https://api.github.com/users/Prabhatkumarkhemariya/orgs"
                    },
                    {
                      "k": "received_events_url",
                      "v": "https://api.github.com/users/Prabhatkumarkhemariya/received_events"
                    },
                    {
                      "k": "repos_url",
                      "v": "https://api.github.com/users/Prabhatkumarkhemariya/repos"
                    },
                    {
                      "k": "site_admin",
                      "v": false
                    },
                    {
                      "k": "starred_url",
                      "v": "https://api.github.com/users/Prabhatkumarkhemariya/starred{/owner}{/repo}"
                    },
                    {
                      "k": "subscriptions_url",
                      "v": "https://api.github.com/users/Prabhatkumarkhemariya/subscriptions"
                    },
                    {
                      "k": "type",
                      "v": "User"
                    },
                    {
                      "k": "url",
                      "v": "https://api.github.com/users/Prabhatkumarkhemariya"
                    },
                    {
                      "k": "user_view_type",
                      "v": "public"
                    }
                  ]
                }
              }
            ]
          }
        },
        {
          "k": "workflow_ref",
          "v": "Prabhatkumarkhemariya/DevOpsCICDProject/.github/workflows/pipeline.yaml@refs/heads/master"
        },
        {
          "k": "workflow_sha",
          "v": "43874e9f887c4bc42543f248bac0feef262f8f61"
        },
        {
          "k": "repository_id",
          "v": "1390018597"
        },
        {
          "k": "triggering_actor",
          "v": "Prabhatkumarkhemariya"
        }
      ]
    },
    "inputs": {
      "t": 2
    },
    "job": {
      "t": 2,
      "d": [
        {
          "k": "check_run_id",
          "v": 109247996705.0
        },
        {
          "k": "workflow_ref",
          "v": "Prabhatkumarkhemariya/DevOpsCICDProject/.github/workflows/pipeline.yaml@refs/heads/master"
        },
        {
          "k": "workflow_sha",
          "v": "43874e9f887c4bc42543f248bac0feef262f8f61"
        },
        {
          "k": "workflow_repository",
          "v": "Prabhatkumarkhemariya/DevOpsCICDProject"
        },
        {
          "k": "workflow_file_path",
          "v": ".github/workflows/pipeline.yaml"
        }
      ]
    },
    "matrix": null,
    "needs": {
      "t": 2
    },
    "strategy": {
      "t": 2,
      "d": [
        {
          "k": "fail-fast",
          "v": true
        },
        {
          "k": "job-index",
          "v": 0.0
        },
        {
          "k": "job-total",
          "v": 1.0
        },
        {
          "k": "max-parallel",
          "v": 1.0
        }
      ]
    },
    "vars": {
      "t": 2
    }
  },
  "billingOwnerId": "U_kgDOCt8FLQ"
}
[2026-09-29 03:53:42Z INFO JobRunner] Job ID e9249a67-f5b9-5f11-abaa-729fa1218a99
[2026-09-29 03:53:42Z INFO ConfigurationStore] currentAssemblyLocation: C:\Devops_training\DevOpsCICDProject\actions-runner\bin\Runner.Worker.dll
[2026-09-29 03:53:42Z INFO HostContext] Well known directory 'Bin': 'C:\Devops_training\DevOpsCICDProject\actions-runner\bin'
[2026-09-29 03:53:42Z INFO ConfigurationStore] binPath: C:\Devops_training\DevOpsCICDProject\actions-runner\bin
[2026-09-29 03:53:42Z INFO HostContext] Well known directory 'Bin': 'C:\Devops_training\DevOpsCICDProject\actions-runner\bin'
[2026-09-29 03:53:42Z INFO HostContext] Well known directory 'Root': 'C:\Devops_training\DevOpsCICDProject\actions-runner'
[2026-09-29 03:53:42Z INFO ConfigurationStore] RootFolder: C:\Devops_training\DevOpsCICDProject\actions-runner
[2026-09-29 03:53:42Z INFO HostContext] Well known directory 'Bin': 'C:\Devops_training\DevOpsCICDProject\actions-runner\bin'
[2026-09-29 03:53:42Z INFO HostContext] Well known directory 'Root': 'C:\Devops_training\DevOpsCICDProject\actions-runner'
[2026-09-29 03:53:42Z INFO HostContext] Well known config file 'Runner': 'C:\Devops_training\DevOpsCICDProject\actions-runner\.runner'
[2026-09-29 03:53:42Z INFO ConfigurationStore] ConfigFilePath: C:\Devops_training\DevOpsCICDProject\actions-runner\.runner
[2026-09-29 03:53:42Z INFO HostContext] Well known directory 'Bin': 'C:\Devops_training\DevOpsCICDProject\actions-runner\bin'
[2026-09-29 03:53:42Z INFO HostContext] Well known directory 'Root': 'C:\Devops_training\DevOpsCICDProject\actions-runner'
[2026-09-29 03:53:42Z INFO HostContext] Well known config file 'MigratedRunner': 'C:\Devops_training\DevOpsCICDProject\actions-runner\.runner_migrated'
[2026-09-29 03:53:42Z INFO ConfigurationStore] MigratedConfigFilePath: C:\Devops_training\DevOpsCICDProject\actions-runner\.runner_migrated
[2026-09-29 03:53:42Z INFO HostContext] Well known directory 'Bin': 'C:\Devops_training\DevOpsCICDProject\actions-runner\bin'
[2026-09-29 03:53:42Z INFO HostContext] Well known directory 'Root': 'C:\Devops_training\DevOpsCICDProject\actions-runner'
[2026-09-29 03:53:42Z INFO HostContext] Well known config file 'Credentials': 'C:\Devops_training\DevOpsCICDProject\actions-runner\.credentials'
[2026-09-29 03:53:42Z INFO ConfigurationStore] CredFilePath: C:\Devops_training\DevOpsCICDProject\actions-runner\.credentials
[2026-09-29 03:53:42Z INFO HostContext] Well known directory 'Bin': 'C:\Devops_training\DevOpsCICDProject\actions-runner\bin'
[2026-09-29 03:53:42Z INFO HostContext] Well known directory 'Root': 'C:\Devops_training\DevOpsCICDProject\actions-runner'
[2026-09-29 03:53:42Z INFO HostContext] Well known config file 'MigratedCredentials': 'C:\Devops_training\DevOpsCICDProject\actions-runner\.credentials_migrated'
[2026-09-29 03:53:42Z INFO ConfigurationStore] MigratedCredFilePath: C:\Devops_training\DevOpsCICDProject\actions-runner\.credentials_migrated
[2026-09-29 03:53:42Z INFO HostContext] Well known directory 'Bin': 'C:\Devops_training\DevOpsCICDProject\actions-runner\bin'
[2026-09-29 03:53:42Z INFO HostContext] Well known directory 'Root': 'C:\Devops_training\DevOpsCICDProject\actions-runner'
[2026-09-29 03:53:42Z INFO HostContext] Well known config file 'Service': 'C:\Devops_training\DevOpsCICDProject\actions-runner\.service'
[2026-09-29 03:53:42Z INFO ConfigurationStore] ServiceConfigFilePath: C:\Devops_training\DevOpsCICDProject\actions-runner\.service
[2026-09-29 03:53:42Z INFO ConfigurationStore] Read setting file: 418 chars
[2026-09-29 03:53:42Z INFO JobRunner] Initializing launch client
[2026-09-29 03:53:42Z INFO JobServerQueue] Initializing results client
[2026-09-29 03:53:42Z INFO ResultServer] Creating websocket client ...wss://results-receiver.actions.githubusercontent.com/_ws/ingest.sock
[2026-09-29 03:53:42Z INFO ResultServer] Attempting to start websocket client with delay 00:00:00.
[2026-09-29 03:53:42Z INFO JobServerQueue] Start process web console line queue.
[2026-09-29 03:53:42Z INFO JobServerQueue] Start process file upload queue.
[2026-09-29 03:53:42Z INFO JobServerQueue] Start results file upload queue.
[2026-09-29 03:53:42Z INFO JobServerQueue] Starting results-based upload queue...
[2026-09-29 03:53:42Z INFO JobServerQueue] Start process timeline update queue.
[2026-09-29 03:53:42Z INFO ExecutionContext] Initializing Job context
[2026-09-29 03:53:42Z INFO ExecutionContext] Initialize GitHub context
[2026-09-29 03:53:42Z INFO ExecutionContext] Initialize Env context
[2026-09-29 03:53:42Z INFO HostContext] Well known directory 'Bin': 'C:\Devops_training\DevOpsCICDProject\actions-runner\bin'
[2026-09-29 03:53:42Z INFO HostContext] Well known directory 'Root': 'C:\Devops_training\DevOpsCICDProject\actions-runner'
[2026-09-29 03:53:42Z INFO HostContext] Well known directory 'Diag': 'C:\Devops_training\DevOpsCICDProject\actions-runner\_diag'
[2026-09-29 03:53:42Z INFO HostContext] Well known directory 'Bin': 'C:\Devops_training\DevOpsCICDProject\actions-runner\bin'
[2026-09-29 03:53:42Z INFO HostContext] Well known directory 'Root': 'C:\Devops_training\DevOpsCICDProject\actions-runner'
[2026-09-29 03:53:42Z INFO HostContext] Well known directory 'Diag': 'C:\Devops_training\DevOpsCICDProject\actions-runner\_diag'
[2026-09-29 03:53:42Z INFO JobRunner] Starting the job execution context.
[2026-09-29 03:53:42Z INFO HostContext] Well known directory 'Bin': 'C:\Devops_training\DevOpsCICDProject\actions-runner\bin'
[2026-09-29 03:53:42Z INFO HostContext] Well known directory 'Root': 'C:\Devops_training\DevOpsCICDProject\actions-runner'
[2026-09-29 03:53:42Z INFO HostContext] Well known directory 'Work': 'C:\Devops_training\DevOpsCICDProject\actions-runner\_work'
[2026-09-29 03:53:42Z INFO JobRunner] Validating directory permissions for: 'C:\Devops_training\DevOpsCICDProject\actions-runner\_work'
[2026-09-29 03:53:42Z INFO HostContext] Well known directory 'Bin': 'C:\Devops_training\DevOpsCICDProject\actions-runner\bin'
[2026-09-29 03:53:42Z INFO HostContext] Well known directory 'Root': 'C:\Devops_training\DevOpsCICDProject\actions-runner'
[2026-09-29 03:53:42Z INFO HostContext] Well known directory 'Work': 'C:\Devops_training\DevOpsCICDProject\actions-runner\_work'
[2026-09-29 03:53:42Z INFO HostContext] Well known directory 'Tools': 'C:\Devops_training\DevOpsCICDProject\actions-runner\_work\_tool'
[2026-09-29 03:53:42Z INFO HostContext] Well known directory 'Bin': 'C:\Devops_training\DevOpsCICDProject\actions-runner\bin'
[2026-09-29 03:53:42Z INFO HostContext] Well known directory 'Root': 'C:\Devops_training\DevOpsCICDProject\actions-runner'
[2026-09-29 03:53:42Z INFO HostContext] Well known directory 'Work': 'C:\Devops_training\DevOpsCICDProject\actions-runner\_work'
[2026-09-29 03:53:42Z INFO HostContext] Well known directory 'Temp': 'C:\Devops_training\DevOpsCICDProject\actions-runner\_work\_temp'
[2026-09-29 03:53:42Z INFO JobRunner] Getting job extension.
[2026-09-29 03:53:42Z INFO JobRunner] Initialize job. Getting all job steps.
[2026-09-29 03:53:42Z INFO HostContext] Well known directory 'Bin': 'C:\Devops_training\DevOpsCICDProject\actions-runner\bin'
[2026-09-29 03:53:42Z INFO HostContext] Well known directory 'Root': 'C:\Devops_training\DevOpsCICDProject\actions-runner'
[2026-09-29 03:53:42Z INFO HostContext] Well known directory 'Diag': 'C:\Devops_training\DevOpsCICDProject\actions-runner\_diag'
[2026-09-29 03:53:42Z INFO HostContext] Well known directory 'Bin': 'C:\Devops_training\DevOpsCICDProject\actions-runner\bin'
[2026-09-29 03:53:42Z INFO HostContext] Well known directory 'Root': 'C:\Devops_training\DevOpsCICDProject\actions-runner'
[2026-09-29 03:53:42Z INFO HostContext] Well known directory 'Diag': 'C:\Devops_training\DevOpsCICDProject\actions-runner\_diag'
[2026-09-29 03:53:42Z INFO HostContext] Well known directory 'Bin': 'C:\Devops_training\DevOpsCICDProject\actions-runner\bin'
[2026-09-29 03:53:42Z INFO HostContext] Well known directory 'Root': 'C:\Devops_training\DevOpsCICDProject\actions-runner'
[2026-09-29 03:53:42Z INFO HostContext] Well known config file 'Credentials': 'C:\Devops_training\DevOpsCICDProject\actions-runner\.credentials'
[2026-09-29 03:53:42Z INFO HostContext] Well known directory 'Bin': 'C:\Devops_training\DevOpsCICDProject\actions-runner\bin'
[2026-09-29 03:53:42Z INFO HostContext] Well known directory 'Root': 'C:\Devops_training\DevOpsCICDProject\actions-runner'
[2026-09-29 03:53:42Z INFO HostContext] Well known config file 'SetupInfo': 'C:\Devops_training\DevOpsCICDProject\actions-runner\.setup_info'
[2026-09-29 03:53:42Z INFO HostContext] Well known directory 'Bin': 'C:\Devops_training\DevOpsCICDProject\actions-runner\bin'
[2026-09-29 03:53:42Z INFO HostContext] Well known directory 'Root': 'C:\Devops_training\DevOpsCICDProject\actions-runner'
[2026-09-29 03:53:42Z INFO HostContext] Well known directory 'Work': 'C:\Devops_training\DevOpsCICDProject\actions-runner\_work'
[2026-09-29 03:53:42Z INFO PipelineDirectoryManager] Loading tracking config if exists: C:\Devops_training\DevOpsCICDProject\actions-runner\_work\_PipelineMapping\Prabhatkumarkhemariya/DevOpsCICDProject\PipelineFolder.json
[2026-09-29 03:53:42Z INFO PipelineDirectoryManager] Updating job run properties.
[2026-09-29 03:53:42Z INFO HostContext] Well known directory 'Bin': 'C:\Devops_training\DevOpsCICDProject\actions-runner\bin'
[2026-09-29 03:53:42Z INFO HostContext] Well known directory 'Root': 'C:\Devops_training\DevOpsCICDProject\actions-runner'
[2026-09-29 03:53:42Z INFO HostContext] Well known directory 'Work': 'C:\Devops_training\DevOpsCICDProject\actions-runner\_work'
[2026-09-29 03:53:42Z INFO HostContext] Well known directory 'Bin': 'C:\Devops_training\DevOpsCICDProject\actions-runner\bin'
[2026-09-29 03:53:42Z INFO HostContext] Well known directory 'Root': 'C:\Devops_training\DevOpsCICDProject\actions-runner'
[2026-09-29 03:53:42Z INFO HostContext] Well known directory 'Work': 'C:\Devops_training\DevOpsCICDProject\actions-runner\_work'
[2026-09-29 03:53:42Z INFO HostContext] Well known directory 'Bin': 'C:\Devops_training\DevOpsCICDProject\actions-runner\bin'
[2026-09-29 03:53:42Z INFO HostContext] Well known directory 'Root': 'C:\Devops_training\DevOpsCICDProject\actions-runner'
[2026-09-29 03:53:42Z INFO HostContext] Well known directory 'Work': 'C:\Devops_training\DevOpsCICDProject\actions-runner\_work'
[2026-09-29 03:53:42Z INFO JobExtension] Downloading actions
[2026-09-29 03:53:42Z INFO HostContext] Well known directory 'Bin': 'C:\Devops_training\DevOpsCICDProject\actions-runner\bin'
[2026-09-29 03:53:42Z INFO HostContext] Well known directory 'Root': 'C:\Devops_training\DevOpsCICDProject\actions-runner'
[2026-09-29 03:53:42Z INFO HostContext] Well known directory 'Work': 'C:\Devops_training\DevOpsCICDProject\actions-runner\_work'
[2026-09-29 03:53:42Z INFO HostContext] Well known directory 'Actions': 'C:\Devops_training\DevOpsCICDProject\actions-runner\_work\_actions'
[2026-09-29 03:53:42Z INFO Worker] Listening for cancel message from the channel.
[2026-09-29 03:53:42Z INFO Worker] Waiting for the job to complete or for a cancel message from the channel.
[2026-09-29 03:53:43Z INFO ResultServer] Successfully started websocket client.
[2026-09-29 03:53:43Z INFO JobServerQueue] Try to append 1 batches web console lines for record '2e8a80d7-d384-4d37-bdc0-58f9c66687ce', success rate: 1/1.
[2026-09-29 03:53:43Z INFO HostContext] Well known directory 'Bin': 'C:\Devops_training\DevOpsCICDProject\actions-runner\bin'
[2026-09-29 03:53:43Z INFO HostContext] Well known directory 'Root': 'C:\Devops_training\DevOpsCICDProject\actions-runner'
[2026-09-29 03:53:43Z INFO HostContext] Well known directory 'Work': 'C:\Devops_training\DevOpsCICDProject\actions-runner\_work'
[2026-09-29 03:53:43Z INFO HostContext] Well known directory 'Actions': 'C:\Devops_training\DevOpsCICDProject\actions-runner\_work\_actions'
[2026-09-29 03:53:43Z INFO HostContext] Well known directory 'Bin': 'C:\Devops_training\DevOpsCICDProject\actions-runner\bin'
[2026-09-29 03:53:43Z INFO HostContext] Well known directory 'Root': 'C:\Devops_training\DevOpsCICDProject\actions-runner'
[2026-09-29 03:53:43Z INFO HostContext] Well known directory 'Work': 'C:\Devops_training\DevOpsCICDProject\actions-runner\_work'
[2026-09-29 03:53:43Z INFO HostContext] Well known directory 'Actions': 'C:\Devops_training\DevOpsCICDProject\actions-runner\_work\_actions'
[2026-09-29 03:53:43Z INFO ActionManager] Save archive 'https://codeload.github.com/actions/checkout/zip/11d5960a326750d5838078e36cf38b85af677262' into C:\Devops_training\DevOpsCICDProject\actions-runner\_work\_actions\_temp_0ffd2eed-cbc4-47ca-aa1c-d7d944590947\acab959e-734d-47d4-bcd8-13dfd7a24b03.zip.
[2026-09-29 03:53:43Z INFO ActionManager] Using Basic token for action archive download.
[2026-09-29 03:53:43Z INFO JobServerQueue] Try to append 1 batches web console lines for record '2e8a80d7-d384-4d37-bdc0-58f9c66687ce', success rate: 1/1.
[2026-09-29 03:53:44Z INFO JobServerQueue] Job timeline record has been updated for the first time.
[2026-09-29 03:53:44Z INFO ActionManager] Request URL: https://codeload.github.com/actions/checkout/zip/11d5960a326750d5838078e36cf38b85af677262 X-GitHub-Request-Id: 0BB4:13D892:7846:9A503:6ABB3647 Http Status: OK
[2026-09-29 03:53:44Z INFO ActionManager] Finished getting action repository.
[2026-09-29 03:53:44Z INFO HostContext] Well known directory 'Bin': 'C:\Devops_training\DevOpsCICDProject\actions-runner\bin'
[2026-09-29 03:53:44Z INFO HostContext] Well known directory 'Root': 'C:\Devops_training\DevOpsCICDProject\actions-runner'
[2026-09-29 03:53:44Z INFO HostContext] Well known directory 'Work': 'C:\Devops_training\DevOpsCICDProject\actions-runner\_work'
[2026-09-29 03:53:44Z INFO HostContext] Well known directory 'Actions': 'C:\Devops_training\DevOpsCICDProject\actions-runner\_work\_actions'
[2026-09-29 03:53:44Z INFO ActionManifestManagerLegacy] Load schema file with definitions: [
  "null",
  "boolean",
  "number",
  "string",
  "sequence",
  "mapping",
  "any",
  "action-root",
  "inputs",
  "input",
  "outputs",
  "output-definition",
  "runs",
  "container-runs",
  "container-runs-args",
  "container-runs-env",
  "node-runs",
  "plugin-runs",
  "composite-runs",
  "composite-steps",
  "composite-step",
  "run-step",
  "uses-step",
  "container-runs-context",
  "output-value",
  "input-default-context",
  "non-empty-string",
  "string-steps-context",
  "boolean-steps-context",
  "step-env",
  "step-if",
  "step-with"
]
[2026-09-29 03:53:44Z INFO ActionManifestManager] Load schema file with definitions: [
  "null",
  "boolean",
  "number",
  "string",
  "sequence",
  "mapping",
  "any",
  "action-root",
  "inputs",
  "input",
  "outputs",
  "output-definition",
  "runs",
  "container-runs",
  "container-runs-args",
  "container-runs-env",
  "node-runs",
  "plugin-runs",
  "composite-runs",
  "composite-steps",
  "composite-step",
  "run-step",
  "uses-step",
  "container-runs-context",
  "output-value",
  "input-default-context",
  "non-empty-string",
  "string-steps-context",
  "boolean-steps-context",
  "step-env",
  "step-if",
  "step-with"
]
[2026-09-29 03:53:44Z INFO HostContext] Well known directory 'Bin': 'C:\Devops_training\DevOpsCICDProject\actions-runner\bin'
[2026-09-29 03:53:44Z INFO HostContext] Well known directory 'Root': 'C:\Devops_training\DevOpsCICDProject\actions-runner'
[2026-09-29 03:53:44Z INFO HostContext] Well known directory 'Work': 'C:\Devops_training\DevOpsCICDProject\actions-runner\_work'
[2026-09-29 03:53:44Z INFO HostContext] Well known directory 'Actions': 'C:\Devops_training\DevOpsCICDProject\actions-runner\_work\_actions'
[2026-09-29 03:53:44Z INFO ActionManifestManagerLegacy] Loaded action.yml file: {
  "name": "Checkout",
  "description": "Checkout a Git repository at a particular version",
  "inputs": {
    "type": 2,
    "map": [
      {
        "key": {
          "type": 0,
          "file": 2,
          "line": 4,
          "col": 3,
          "lit": "repository"
        },
        "value": {
          "type": 3,
          "file": 2,
          "line": 6,
          "col": 14,
          "expr": "github.repository"
        }
      },
      {
        "key": {
          "type": 0,
          "file": 2,
          "line": 7,
          "col": 3,
          "lit": "ref"
        },
        "value": ""
      },
      {
        "key": {
          "type": 0,
          "file": 2,
          "line": 12,
          "col": 3,
          "lit": "token"
        },
        "value": {
          "type": 3,
          "file": 2,
          "line": 24,
          "col": 14,
          "expr": "github.token"
        }
      },
      {
        "key": {
          "type": 0,
          "file": 2,
          "line": 25,
          "col": 3,
          "lit": "ssh-key"
        },
        "value": ""
      },
      {
        "key": {
          "type": 0,
          "file": 2,
          "line": 37,
          "col": 3,
          "lit": "ssh-known-hosts"
        },
        "value": ""
      },
      {
        "key": {
          "type": 0,
          "file": 2,
          "line": 42,
          "col": 3,
          "lit": "ssh-strict"
        },
        "value": {
          "type": 0,
          "file": 2,
          "line": 47,
          "col": 14,
          "lit": "true"
        }
      },
      {
        "key": {
          "type": 0,
          "file": 2,
          "line": 48,
          "col": 3,
          "lit": "ssh-user"
        },
        "value": {
          "type": 0,
          "file": 2,
          "line": 51,
          "col": 14,
          "lit": "git"
        }
      },
      {
        "key": {
          "type": 0,
          "file": 2,
          "line": 52,
          "col": 3,
          "lit": "persist-credentials"
        },
        "value": {
          "type": 0,
          "file": 2,
          "line": 54,
          "col": 14,
          "lit": "true"
        }
      },
      {
        "key": {
          "type": 0,
          "file": 2,
          "line": 55,
          "col": 3,
          "lit": "path"
        },
        "value": ""
      },
      {
        "key": {
          "type": 0,
          "file": 2,
          "line": 57,
          "col": 3,
          "lit": "clean"
        },
        "value": {
          "type": 0,
          "file": 2,
          "line": 59,
          "col": 14,
          "lit": "true"
        }
      },
      {
        "key": {
          "type": 0,
          "file": 2,
          "line": 60,
          "col": 3,
          "lit": "filter"
        },
        "value": {
          "type": 0,
          "file": 2,
          "line": 64,
          "col": 14,
          "lit": ""
        }
      },
      {
        "key": {
          "type": 0,
          "file": 2,
          "line": 65,
          "col": 3,
          "lit": "sparse-checkout"
        },
        "value": {
          "type": 0,
          "file": 2,
          "line": 69,
          "col": 14,
          "lit": ""
        }
      },
      {
        "key": {
          "type": 0,
          "file": 2,
          "line": 70,
          "col": 3,
          "lit": "sparse-checkout-cone-mode"
        },
        "value": {
          "type": 0,
          "file": 2,
          "line": 73,
          "col": 14,
          "lit": "true"
        }
      },
      {
        "key": {
          "type": 0,
          "file": 2,
          "line": 74,
          "col": 3,
          "lit": "fetch-depth"
        },
        "value": {
          "type": 0,
          "file": 2,
          "line": 76,
          "col": 14,
          "lit": "1"
        }
      },
      {
        "key": {
          "type": 0,
          "file": 2,
          "line": 77,
          "col": 3,
          "lit": "fetch-tags"
        },
        "value": {
          "type": 0,
          "file": 2,
          "line": 79,
          "col": 14,
          "lit": "false"
        }
      },
      {
        "key": {
          "type": 0,
          "file": 2,
          "line": 80,
          "col": 3,
          "lit": "show-progress"
        },
        "value": {
          "type": 0,
          "file": 2,
          "line": 82,
          "col": 14,
          "lit": "true"
        }
      },
      {
        "key": {
          "type": 0,
          "file": 2,
          "line": 83,
          "col": 3,
          "lit": "lfs"
        },
        "value": {
          "type": 0,
          "file": 2,
          "line": 85,
          "col": 14,
          "lit": "false"
        }
      },
      {
        "key": {
          "type": 0,
          "file": 2,
          "line": 86,
          "col": 3,
          "lit": "submodules"
        },
        "value": {
          "type": 0,
          "file": 2,
          "line": 94,
          "col": 14,
          "lit": "false"
        }
      },
      {
        "key": {
          "type": 0,
          "file": 2,
          "line": 95,
          "col": 3,
          "lit": "set-safe-directory"
        },
        "value": {
          "type": 0,
          "file": 2,
          "line": 97,
          "col": 14,
          "lit": "true"
        }
      },
      {
        "key": {
          "type": 0,
          "file": 2,
          "line": 98,
          "col": 3,
          "lit": "github-server-url"
        },
        "value": ""
      },
      {
        "key": {
          "type": 0,
          "file": 2,
          "line": 101,
          "col": 3,
          "lit": "allow-unsafe-pr-checkout"
        },
        "value": {
          "type": 0,
          "file": 2,
          "line": 109,
          "col": 14,
          "lit": "false"
        }
      }
    ]
  },
  "execution": {
    "executionType": "nodeJS",
    "hasPre": false,
    "hasPost": true,
    "script": "dist/index.js",
    "pre": null,
    "post": "dist/index.js",
    "nodeVersion": "node20",
    "cleanupCondition": "always()",
    "initCondition": "always()"
  },
  "deprecated": null
}
[2026-09-29 03:53:44Z INFO ActionManager] Action node.js file: dist/index.js, no more preparation.
[2026-09-29 03:53:44Z INFO HostContext] Well known directory 'Bin': 'C:\Devops_training\DevOpsCICDProject\actions-runner\bin'
[2026-09-29 03:53:44Z INFO HostContext] Well known directory 'Root': 'C:\Devops_training\DevOpsCICDProject\actions-runner'
[2026-09-29 03:53:44Z INFO HostContext] Well known directory 'Work': 'C:\Devops_training\DevOpsCICDProject\actions-runner\_work'
[2026-09-29 03:53:44Z INFO HostContext] Well known directory 'Actions': 'C:\Devops_training\DevOpsCICDProject\actions-runner\_work\_actions'
[2026-09-29 03:53:44Z INFO ActionManager] Load action that reference repository from 'C:\Devops_training\DevOpsCICDProject\actions-runner\_work\_actions\actions\checkout\v4'
[2026-09-29 03:53:44Z INFO HostContext] Well known directory 'Bin': 'C:\Devops_training\DevOpsCICDProject\actions-runner\bin'
[2026-09-29 03:53:44Z INFO HostContext] Well known directory 'Root': 'C:\Devops_training\DevOpsCICDProject\actions-runner'
[2026-09-29 03:53:44Z INFO HostContext] Well known directory 'Work': 'C:\Devops_training\DevOpsCICDProject\actions-runner\_work'
[2026-09-29 03:53:44Z INFO HostContext] Well known directory 'Actions': 'C:\Devops_training\DevOpsCICDProject\actions-runner\_work\_actions'
[2026-09-29 03:53:44Z INFO ActionManifestManagerLegacy] Loaded action.yml file: {
  "name": "Checkout",
  "description": "Checkout a Git repository at a particular version",
  "inputs": {
    "type": 2,
    "map": [
      {
        "key": {
          "type": 0,
          "file": 2,
          "line": 4,
          "col": 3,
          "lit": "repository"
        },
        "value": {
          "type": 3,
          "file": 2,
          "line": 6,
          "col": 14,
          "expr": "github.repository"
        }
      },
      {
        "key": {
          "type": 0,
          "file": 2,
          "line": 7,
          "col": 3,
          "lit": "ref"
        },
        "value": ""
      },
      {
        "key": {
          "type": 0,
          "file": 2,
          "line": 12,
          "col": 3,
          "lit": "token"
        },
        "value": {
          "type": 3,
          "file": 2,
          "line": 24,
          "col": 14,
          "expr": "github.token"
        }
      },
      {
        "key": {
          "type": 0,
          "file": 2,
          "line": 25,
          "col": 3,
          "lit": "ssh-key"
        },
        "value": ""
      },
      {
        "key": {
          "type": 0,
          "file": 2,
          "line": 37,
          "col": 3,
          "lit": "ssh-known-hosts"
        },
        "value": ""
      },
      {
        "key": {
          "type": 0,
          "file": 2,
          "line": 42,
          "col": 3,
          "lit": "ssh-strict"
        },
        "value": {
          "type": 0,
          "file": 2,
          "line": 47,
          "col": 14,
          "lit": "true"
        }
      },
      {
        "key": {
          "type": 0,
          "file": 2,
          "line": 48,
          "col": 3,
          "lit": "ssh-user"
        },
        "value": {
          "type": 0,
          "file": 2,
          "line": 51,
          "col": 14,
          "lit": "git"
        }
      },
      {
        "key": {
          "type": 0,
          "file": 2,
          "line": 52,
          "col": 3,
          "lit": "persist-credentials"
        },
        "value": {
          "type": 0,
          "file": 2,
          "line": 54,
          "col": 14,
          "lit": "true"
        }
      },
      {
        "key": {
          "type": 0,
          "file": 2,
          "line": 55,
          "col": 3,
          "lit": "path"
        },
        "value": ""
      },
      {
        "key": {
          "type": 0,
          "file": 2,
          "line": 57,
          "col": 3,
          "lit": "clean"
        },
        "value": {
          "type": 0,
          "file": 2,
          "line": 59,
          "col": 14,
          "lit": "true"
        }
      },
      {
        "key": {
          "type": 0,
          "file": 2,
          "line": 60,
          "col": 3,
          "lit": "filter"
        },
        "value": {
          "type": 0,
          "file": 2,
          "line": 64,
          "col": 14,
          "lit": ""
        }
      },
      {
        "key": {
          "type": 0,
          "file": 2,
          "line": 65,
          "col": 3,
          "lit": "sparse-checkout"
        },
        "value": {
          "type": 0,
          "file": 2,
          "line": 69,
          "col": 14,
          "lit": ""
        }
      },
      {
        "key": {
          "type": 0,
          "file": 2,
          "line": 70,
          "col": 3,
          "lit": "sparse-checkout-cone-mode"
        },
        "value": {
          "type": 0,
          "file": 2,
          "line": 73,
          "col": 14,
          "lit": "true"
        }
      },
      {
        "key": {
          "type": 0,
          "file": 2,
          "line": 74,
          "col": 3,
          "lit": "fetch-depth"
        },
        "value": {
          "type": 0,
          "file": 2,
          "line": 76,
          "col": 14,
          "lit": "1"
        }
      },
      {
        "key": {
          "type": 0,
          "file": 2,
          "line": 77,
          "col": 3,
          "lit": "fetch-tags"
        },
        "value": {
          "type": 0,
          "file": 2,
          "line": 79,
          "col": 14,
          "lit": "false"
        }
      },
      {
        "key": {
          "type": 0,
          "file": 2,
          "line": 80,
          "col": 3,
          "lit": "show-progress"
        },
        "value": {
          "type": 0,
          "file": 2,
          "line": 82,
          "col": 14,
          "lit": "true"
        }
      },
      {
        "key": {
          "type": 0,
          "file": 2,
          "line": 83,
          "col": 3,
          "lit": "lfs"
        },
        "value": {
          "type": 0,
          "file": 2,
          "line": 85,
          "col": 14,
          "lit": "false"
        }
      },
      {
        "key": {
          "type": 0,
          "file": 2,
          "line": 86,
          "col": 3,
          "lit": "submodules"
        },
        "value": {
          "type": 0,
          "file": 2,
          "line": 94,
          "col": 14,
          "lit": "false"
        }
      },
      {
        "key": {
          "type": 0,
          "file": 2,
          "line": 95,
          "col": 3,
          "lit": "set-safe-directory"
        },
        "value": {
          "type": 0,
          "file": 2,
          "line": 97,
          "col": 14,
          "lit": "true"
        }
      },
      {
        "key": {
          "type": 0,
          "file": 2,
          "line": 98,
          "col": 3,
          "lit": "github-server-url"
        },
        "value": ""
      },
      {
        "key": {
          "type": 0,
          "file": 2,
          "line": 101,
          "col": 3,
          "lit": "allow-unsafe-pr-checkout"
        },
        "value": {
          "type": 0,
          "file": 2,
          "line": 109,
          "col": 14,
          "lit": "false"
        }
      }
    ]
  },
  "execution": {
    "executionType": "nodeJS",
    "hasPre": false,
    "hasPost": true,
    "script": "dist/index.js",
    "pre": null,
    "post": "dist/index.js",
    "nodeVersion": "node20",
    "cleanupCondition": "always()",
    "initCondition": "always()"
  },
  "deprecated": null
}
[2026-09-29 03:53:44Z INFO ActionManager] Action pre node.js file: N/A.
[2026-09-29 03:53:44Z INFO ActionManager] Action node.js file: dist/index.js.
[2026-09-29 03:53:44Z INFO ActionManager] Action post node.js file: dist/index.js.
[2026-09-29 03:53:44Z INFO JobExtension] Adding .
[2026-09-29 03:53:44Z INFO JobExtension] Adding .
[2026-09-29 03:53:44Z INFO JobExtension] Adding .
[2026-09-29 03:53:44Z INFO JobExtension] Adding .
[2026-09-29 03:53:44Z INFO JobExtension] Adding .
[2026-09-29 03:53:44Z INFO JobExtension] Adding .
[2026-09-29 03:53:44Z INFO JobExtension] Adding .
[2026-09-29 03:53:44Z INFO JobExtension] Adding .
[2026-09-29 03:53:44Z INFO HostContext] Well known directory 'Bin': 'C:\Devops_training\DevOpsCICDProject\actions-runner\bin'
[2026-09-29 03:53:44Z INFO HostContext] Well known directory 'Root': 'C:\Devops_training\DevOpsCICDProject\actions-runner'
[2026-09-29 03:53:44Z INFO HostContext] Well known directory 'Diag': 'C:\Devops_training\DevOpsCICDProject\actions-runner\_diag'
[2026-09-29 03:53:44Z INFO HostContext] Well known directory 'Bin': 'C:\Devops_training\DevOpsCICDProject\actions-runner\bin'
[2026-09-29 03:53:44Z INFO HostContext] Well known directory 'Root': 'C:\Devops_training\DevOpsCICDProject\actions-runner'
[2026-09-29 03:53:44Z INFO HostContext] Well known directory 'Diag': 'C:\Devops_training\DevOpsCICDProject\actions-runner\_diag'
[2026-09-29 03:53:44Z INFO HostContext] Well known directory 'Bin': 'C:\Devops_training\DevOpsCICDProject\actions-runner\bin'
[2026-09-29 03:53:44Z INFO HostContext] Well known directory 'Root': 'C:\Devops_training\DevOpsCICDProject\actions-runner'
[2026-09-29 03:53:44Z INFO HostContext] Well known directory 'Diag': 'C:\Devops_training\DevOpsCICDProject\actions-runner\_diag'
[2026-09-29 03:53:44Z INFO HostContext] Well known directory 'Bin': 'C:\Devops_training\DevOpsCICDProject\actions-runner\bin'
[2026-09-29 03:53:44Z INFO HostContext] Well known directory 'Root': 'C:\Devops_training\DevOpsCICDProject\actions-runner'
[2026-09-29 03:53:44Z INFO HostContext] Well known directory 'Diag': 'C:\Devops_training\DevOpsCICDProject\actions-runner\_diag'
[2026-09-29 03:53:44Z INFO HostContext] Well known directory 'Bin': 'C:\Devops_training\DevOpsCICDProject\actions-runner\bin'
[2026-09-29 03:53:44Z INFO HostContext] Well known directory 'Root': 'C:\Devops_training\DevOpsCICDProject\actions-runner'
[2026-09-29 03:53:44Z INFO HostContext] Well known directory 'Diag': 'C:\Devops_training\DevOpsCICDProject\actions-runner\_diag'
[2026-09-29 03:53:44Z INFO HostContext] Well known directory 'Bin': 'C:\Devops_training\DevOpsCICDProject\actions-runner\bin'
[2026-09-29 03:53:44Z INFO HostContext] Well known directory 'Root': 'C:\Devops_training\DevOpsCICDProject\actions-runner'
[2026-09-29 03:53:44Z INFO HostContext] Well known directory 'Diag': 'C:\Devops_training\DevOpsCICDProject\actions-runner\_diag'
[2026-09-29 03:53:44Z INFO HostContext] Well known directory 'Bin': 'C:\Devops_training\DevOpsCICDProject\actions-runner\bin'
[2026-09-29 03:53:44Z INFO HostContext] Well known directory 'Root': 'C:\Devops_training\DevOpsCICDProject\actions-runner'
[2026-09-29 03:53:44Z INFO HostContext] Well known directory 'Diag': 'C:\Devops_training\DevOpsCICDProject\actions-runner\_diag'
[2026-09-29 03:53:44Z INFO HostContext] Well known directory 'Bin': 'C:\Devops_training\DevOpsCICDProject\actions-runner\bin'
[2026-09-29 03:53:44Z INFO HostContext] Well known directory 'Root': 'C:\Devops_training\DevOpsCICDProject\actions-runner'
[2026-09-29 03:53:44Z INFO HostContext] Well known directory 'Diag': 'C:\Devops_training\DevOpsCICDProject\actions-runner\_diag'
[2026-09-29 03:53:44Z INFO HostContext] Well known directory 'Bin': 'C:\Devops_training\DevOpsCICDProject\actions-runner\bin'
[2026-09-29 03:53:44Z INFO HostContext] Well known directory 'Root': 'C:\Devops_training\DevOpsCICDProject\actions-runner'
[2026-09-29 03:53:44Z INFO HostContext] Well known directory 'Diag': 'C:\Devops_training\DevOpsCICDProject\actions-runner\_diag'
[2026-09-29 03:53:44Z INFO HostContext] Well known directory 'Bin': 'C:\Devops_training\DevOpsCICDProject\actions-runner\bin'
[2026-09-29 03:53:44Z INFO HostContext] Well known directory 'Root': 'C:\Devops_training\DevOpsCICDProject\actions-runner'
[2026-09-29 03:53:44Z INFO HostContext] Well known directory 'Diag': 'C:\Devops_training\DevOpsCICDProject\actions-runner\_diag'
[2026-09-29 03:53:44Z INFO HostContext] Well known directory 'Bin': 'C:\Devops_training\DevOpsCICDProject\actions-runner\bin'
[2026-09-29 03:53:44Z INFO HostContext] Well known directory 'Root': 'C:\Devops_training\DevOpsCICDProject\actions-runner'
[2026-09-29 03:53:44Z INFO HostContext] Well known directory 'Diag': 'C:\Devops_training\DevOpsCICDProject\actions-runner\_diag'
[2026-09-29 03:53:44Z INFO HostContext] Well known directory 'Bin': 'C:\Devops_training\DevOpsCICDProject\actions-runner\bin'
[2026-09-29 03:53:44Z INFO HostContext] Well known directory 'Root': 'C:\Devops_training\DevOpsCICDProject\actions-runner'
[2026-09-29 03:53:44Z INFO HostContext] Well known directory 'Diag': 'C:\Devops_training\DevOpsCICDProject\actions-runner\_diag'
[2026-09-29 03:53:44Z INFO HostContext] Well known directory 'Bin': 'C:\Devops_training\DevOpsCICDProject\actions-runner\bin'
[2026-09-29 03:53:44Z INFO HostContext] Well known directory 'Root': 'C:\Devops_training\DevOpsCICDProject\actions-runner'
[2026-09-29 03:53:44Z INFO HostContext] Well known directory 'Diag': 'C:\Devops_training\DevOpsCICDProject\actions-runner\_diag'
[2026-09-29 03:53:44Z INFO HostContext] Well known directory 'Bin': 'C:\Devops_training\DevOpsCICDProject\actions-runner\bin'
[2026-09-29 03:53:44Z INFO HostContext] Well known directory 'Root': 'C:\Devops_training\DevOpsCICDProject\actions-runner'
[2026-09-29 03:53:44Z INFO HostContext] Well known directory 'Diag': 'C:\Devops_training\DevOpsCICDProject\actions-runner\_diag'
[2026-09-29 03:53:44Z INFO HostContext] Well known directory 'Bin': 'C:\Devops_training\DevOpsCICDProject\actions-runner\bin'
[2026-09-29 03:53:44Z INFO HostContext] Well known directory 'Root': 'C:\Devops_training\DevOpsCICDProject\actions-runner'
[2026-09-29 03:53:44Z INFO HostContext] Well known directory 'Diag': 'C:\Devops_training\DevOpsCICDProject\actions-runner\_diag'
[2026-09-29 03:53:44Z INFO HostContext] Well known directory 'Bin': 'C:\Devops_training\DevOpsCICDProject\actions-runner\bin'
[2026-09-29 03:53:44Z INFO HostContext] Well known directory 'Root': 'C:\Devops_training\DevOpsCICDProject\actions-runner'
[2026-09-29 03:53:44Z INFO HostContext] Well known directory 'Diag': 'C:\Devops_training\DevOpsCICDProject\actions-runner\_diag'
[2026-09-29 03:53:44Z INFO JobExtension] Total accessible running process: 346.
[2026-09-29 03:53:44Z INFO HostContext] Well known directory 'Bin': 'C:\Devops_training\DevOpsCICDProject\actions-runner\bin'
[2026-09-29 03:53:44Z INFO HostContext] Well known directory 'Root': 'C:\Devops_training\DevOpsCICDProject\actions-runner'
[2026-09-29 03:53:44Z INFO HostContext] Well known directory 'Work': 'C:\Devops_training\DevOpsCICDProject\actions-runner\_work'
[2026-09-29 03:53:44Z INFO JobExtension] Start checking server connectivity.
[2026-09-29 03:53:44Z INFO JobExtension] Check server connectivity for https://broker.actions.githubusercontent.com/health.
[2026-09-29 03:53:44Z INFO JobExtension] Check server connectivity for https://token.actions.githubusercontent.com/ready.
[2026-09-29 03:53:44Z INFO JobExtension] Check server connectivity for https://run.actions.githubusercontent.com/health.
[2026-09-29 03:53:44Z INFO JobExtension] Start checking service connectivity in background.
[2026-09-29 03:53:44Z INFO ExecutionContext] Publish step telemetry for current step {
  "action": "setup_job",
  "type": "runner",
  "stage": "Pre",
  "stepId": "2e8a80d7-d384-4d37-bdc0-58f9c66687ce",
  "result": "succeeded",
  "errorMessages": [],
  "executionTimeInSeconds": 3,
  "startTime": "2026-09-29T03:53:42.6861265Z",
  "finishTime": "2026-09-29T03:53:44.9699918Z"
}.
[2026-09-29 03:53:44Z INFO JobRunner] Total job steps: 8.
[2026-09-29 03:53:44Z INFO JobRunner] Run all job steps.
[2026-09-29 03:53:45Z INFO DapDebugger] DapDebugger initialized
[2026-09-29 03:53:45Z INFO StepsRunner] Processing step: DisplayName='Checkout Code'
[2026-09-29 03:53:45Z INFO StepsRunner] Evaluating: success()
[2026-09-29 03:53:45Z INFO StepsRunner] Result: true
[2026-09-29 03:53:45Z INFO StepsRunner] Starting the step.
[2026-09-29 03:53:45Z INFO HostContext] Well known directory 'Bin': 'C:\Devops_training\DevOpsCICDProject\actions-runner\bin'
[2026-09-29 03:53:45Z INFO JobServerQueue] Try to append 1 batches web console lines for record '2e8a80d7-d384-4d37-bdc0-58f9c66687ce', success rate: 1/1.
[2026-09-29 03:53:45Z INFO HostContext] Well known directory 'Root': 'C:\Devops_training\DevOpsCICDProject\actions-runner'
[2026-09-29 03:53:45Z INFO HostContext] Well known directory 'Work': 'C:\Devops_training\DevOpsCICDProject\actions-runner\_work'
[2026-09-29 03:53:45Z INFO StepsRunner] Which2: 'chcp'
[2026-09-29 03:53:45Z INFO StepsRunner] Location: 'C:\windows\system32\chcp.COM'
[2026-09-29 03:53:45Z INFO ProcessInvokerWrapper] Starting process:
[2026-09-29 03:53:45Z INFO ProcessInvokerWrapper]   File name: 'C:\windows\system32\chcp.COM'
[2026-09-29 03:53:45Z INFO ProcessInvokerWrapper]   Arguments: '65001'
[2026-09-29 03:53:45Z INFO ProcessInvokerWrapper]   Working directory: 'C:\Devops_training\DevOpsCICDProject\actions-runner\_work'
[2026-09-29 03:53:45Z INFO ProcessInvokerWrapper]   Require exit code zero: 'False'
[2026-09-29 03:53:45Z INFO ProcessInvokerWrapper]   Encoding web name:  ; code page: ''
[2026-09-29 03:53:45Z INFO ProcessInvokerWrapper]   Force kill process on cancellation: 'False'
[2026-09-29 03:53:45Z INFO ProcessInvokerWrapper]   Redirected STDIN: 'False'
[2026-09-29 03:53:45Z INFO ProcessInvokerWrapper]   Persist current code page: 'True'
[2026-09-29 03:53:45Z INFO ProcessInvokerWrapper]   Keep redirected STDIN open: 'False'
[2026-09-29 03:53:45Z INFO ProcessInvokerWrapper]   High priority process: 'False'
[2026-09-29 03:53:45Z INFO ProcessInvokerWrapper] Process started with process id 25260, waiting for process exit.
[2026-09-29 03:53:45Z INFO ProcessInvokerWrapper] STDOUT/STDERR stream read finished.
[2026-09-29 03:53:45Z INFO ProcessInvokerWrapper] STDOUT/STDERR stream read finished.
[2026-09-29 03:53:45Z INFO ProcessInvokerWrapper] Finished process 25260 with exit code 0, and elapsed time 00:00:00.0482574.
[2026-09-29 03:53:45Z INFO StepsRunner] Successfully returned to code page 65001 (UTF8)
[2026-09-29 03:53:45Z INFO HostContext] Well known directory 'Bin': 'C:\Devops_training\DevOpsCICDProject\actions-runner\bin'
[2026-09-29 03:53:45Z INFO HostContext] Well known directory 'Root': 'C:\Devops_training\DevOpsCICDProject\actions-runner'
[2026-09-29 03:53:45Z INFO HostContext] Well known directory 'Work': 'C:\Devops_training\DevOpsCICDProject\actions-runner\_work'
[2026-09-29 03:53:45Z INFO HostContext] Well known directory 'Actions': 'C:\Devops_training\DevOpsCICDProject\actions-runner\_work\_actions'
[2026-09-29 03:53:45Z INFO ActionManager] Load action that reference repository from 'C:\Devops_training\DevOpsCICDProject\actions-runner\_work\_actions\actions\checkout\v4'
[2026-09-29 03:53:45Z INFO HostContext] Well known directory 'Bin': 'C:\Devops_training\DevOpsCICDProject\actions-runner\bin'
[2026-09-29 03:53:45Z INFO HostContext] Well known directory 'Root': 'C:\Devops_training\DevOpsCICDProject\actions-runner'
[2026-09-29 03:53:45Z INFO HostContext] Well known directory 'Work': 'C:\Devops_training\DevOpsCICDProject\actions-runner\_work'
[2026-09-29 03:53:45Z INFO HostContext] Well known directory 'Actions': 'C:\Devops_training\DevOpsCICDProject\actions-runner\_work\_actions'
[2026-09-29 03:53:45Z INFO ActionManifestManagerLegacy] Loaded action.yml file: {
  "name": "Checkout",
  "description": "Checkout a Git repository at a particular version",
  "inputs": {
    "type": 2,
    "map": [
      {
        "key": {
          "type": 0,
          "file": 2,
          "line": 4,
          "col": 3,
          "lit": "repository"
        },
        "value": {
          "type": 3,
          "file": 2,
          "line": 6,
          "col": 14,
          "expr": "github.repository"
        }
      },
      {
        "key": {
          "type": 0,
          "file": 2,
          "line": 7,
          "col": 3,
          "lit": "ref"
        },
        "value": ""
      },
      {
        "key": {
          "type": 0,
          "file": 2,
          "line": 12,
          "col": 3,
          "lit": "token"
        },
        "value": {
          "type": 3,
          "file": 2,
          "line": 24,
          "col": 14,
          "expr": "github.token"
        }
      },
      {
        "key": {
          "type": 0,
          "file": 2,
          "line": 25,
          "col": 3,
          "lit": "ssh-key"
        },
        "value": ""
      },
      {
        "key": {
          "type": 0,
          "file": 2,
          "line": 37,
          "col": 3,
          "lit": "ssh-known-hosts"
        },
        "value": ""
      },
      {
        "key": {
          "type": 0,
          "file": 2,
          "line": 42,
          "col": 3,
          "lit": "ssh-strict"
        },
        "value": {
          "type": 0,
          "file": 2,
          "line": 47,
          "col": 14,
          "lit": "true"
        }
      },
      {
        "key": {
          "type": 0,
          "file": 2,
          "line": 48,
          "col": 3,
          "lit": "ssh-user"
        },
        "value": {
          "type": 0,
          "file": 2,
          "line": 51,
          "col": 14,
          "lit": "git"
        }
      },
      {
        "key": {
          "type": 0,
          "file": 2,
          "line": 52,
          "col": 3,
          "lit": "persist-credentials"
        },
        "value": {
          "type": 0,
          "file": 2,
          "line": 54,
          "col": 14,
          "lit": "true"
        }
      },
      {
        "key": {
          "type": 0,
          "file": 2,
          "line": 55,
          "col": 3,
          "lit": "path"
        },
        "value": ""
      },
      {
        "key": {
          "type": 0,
          "file": 2,
          "line": 57,
          "col": 3,
          "lit": "clean"
        },
        "value": {
          "type": 0,
          "file": 2,
          "line": 59,
          "col": 14,
          "lit": "true"
        }
      },
      {
        "key": {
          "type": 0,
          "file": 2,
          "line": 60,
          "col": 3,
          "lit": "filter"
        },
        "value": {
          "type": 0,
          "file": 2,
          "line": 64,
          "col": 14,
          "lit": ""
        }
      },
      {
        "key": {
          "type": 0,
          "file": 2,
          "line": 65,
          "col": 3,
          "lit": "sparse-checkout"
        },
        "value": {
          "type": 0,
          "file": 2,
          "line": 69,
          "col": 14,
          "lit": ""
        }
      },
      {
        "key": {
          "type": 0,
          "file": 2,
          "line": 70,
          "col": 3,
          "lit": "sparse-checkout-cone-mode"
        },
        "value": {
          "type": 0,
          "file": 2,
          "line": 73,
          "col": 14,
          "lit": "true"
        }
      },
      {
        "key": {
          "type": 0,
          "file": 2,
          "line": 74,
          "col": 3,
          "lit": "fetch-depth"
        },
        "value": {
          "type": 0,
          "file": 2,
          "line": 76,
          "col": 14,
          "lit": "1"
        }
      },
      {
        "key": {
          "type": 0,
          "file": 2,
          "line": 77,
          "col": 3,
          "lit": "fetch-tags"
        },
        "value": {
          "type": 0,
          "file": 2,
          "line": 79,
          "col": 14,
          "lit": "false"
        }
      },
      {
        "key": {
          "type": 0,
          "file": 2,
          "line": 80,
          "col": 3,
          "lit": "show-progress"
        },
        "value": {
          "type": 0,
          "file": 2,
          "line": 82,
          "col": 14,
          "lit": "true"
        }
      },
      {
        "key": {
          "type": 0,
          "file": 2,
          "line": 83,
          "col": 3,
          "lit": "lfs"
        },
        "value": {
          "type": 0,
          "file": 2,
          "line": 85,
          "col": 14,
          "lit": "false"
        }
      },
      {
        "key": {
          "type": 0,
          "file": 2,
          "line": 86,
          "col": 3,
          "lit": "submodules"
        },
        "value": {
          "type": 0,
          "file": 2,
          "line": 94,
          "col": 14,
          "lit": "false"
        }
      },
      {
        "key": {
          "type": 0,
          "file": 2,
          "line": 95,
          "col": 3,
          "lit": "set-safe-directory"
        },
        "value": {
          "type": 0,
          "file": 2,
          "line": 97,
          "col": 14,
          "lit": "true"
        }
      },
      {
        "key": {
          "type": 0,
          "file": 2,
          "line": 98,
          "col": 3,
          "lit": "github-server-url"
        },
        "value": ""
      },
      {
        "key": {
          "type": 0,
          "file": 2,
          "line": 101,
          "col": 3,
          "lit": "allow-unsafe-pr-checkout"
        },
        "value": {
          "type": 0,
          "file": 2,
          "line": 109,
          "col": 14,
          "lit": "false"
        }
      }
    ]
  },
  "execution": {
    "executionType": "nodeJS",
    "hasPre": false,
    "hasPost": true,
    "script": "dist/index.js",
    "pre": null,
    "post": "dist/index.js",
    "nodeVersion": "node20",
    "cleanupCondition": "always()",
    "initCondition": "always()"
  },
  "deprecated": null
}
[2026-09-29 03:53:45Z INFO ActionManager] Action pre node.js file: N/A.
[2026-09-29 03:53:45Z INFO ActionManager] Action node.js file: dist/index.js.
[2026-09-29 03:53:45Z INFO ActionManager] Action post node.js file: dist/index.js.
[2026-09-29 03:53:45Z INFO ExecutionContext] Reserve record order 10 to 18 for post job actions.
[2026-09-29 03:53:45Z INFO HostContext] Well known directory 'Bin': 'C:\Devops_training\DevOpsCICDProject\actions-runner\bin'
[2026-09-29 03:53:45Z INFO HostContext] Well known directory 'Root': 'C:\Devops_training\DevOpsCICDProject\actions-runner'
[2026-09-29 03:53:45Z INFO HostContext] Well known directory 'Diag': 'C:\Devops_training\DevOpsCICDProject\actions-runner\_diag'
[2026-09-29 03:53:45Z INFO HostContext] Well known directory 'Bin': 'C:\Devops_training\DevOpsCICDProject\actions-runner\bin'
[2026-09-29 03:53:45Z INFO HostContext] Well known directory 'Root': 'C:\Devops_training\DevOpsCICDProject\actions-runner'
[2026-09-29 03:53:45Z INFO HostContext] Well known directory 'Diag': 'C:\Devops_training\DevOpsCICDProject\actions-runner\_diag'
[2026-09-29 03:53:45Z INFO HostContext] Well known directory 'Bin': 'C:\Devops_training\DevOpsCICDProject\actions-runner\bin'
[2026-09-29 03:53:45Z INFO HostContext] Well known directory 'Root': 'C:\Devops_training\DevOpsCICDProject\actions-runner'
[2026-09-29 03:53:45Z INFO HostContext] Well known directory 'Work': 'C:\Devops_training\DevOpsCICDProject\actions-runner\_work'
[2026-09-29 03:53:45Z INFO HostContext] Well known directory 'Temp': 'C:\Devops_training\DevOpsCICDProject\actions-runner\_work\_temp'
[2026-09-29 03:53:45Z INFO ExecutionContext] Write event payload to C:\Devops_training\DevOpsCICDProject\actions-runner\_work\_temp\_github_workflow\event.json
[2026-09-29 03:53:45Z INFO HostContext] Well known directory 'Bin': 'C:\Devops_training\DevOpsCICDProject\actions-runner\bin'
[2026-09-29 03:53:45Z INFO HostContext] Well known directory 'Root': 'C:\Devops_training\DevOpsCICDProject\actions-runner'
[2026-09-29 03:53:45Z INFO HostContext] Well known directory 'Work': 'C:\Devops_training\DevOpsCICDProject\actions-runner\_work'
[2026-09-29 03:53:45Z INFO HostContext] Well known directory 'Temp': 'C:\Devops_training\DevOpsCICDProject\actions-runner\_work\_temp'
[2026-09-29 03:53:45Z INFO ExtensionManager] Getting extensions for interface: 'GitHub.Runner.Worker.IFileCommandExtension'
[2026-09-29 03:53:45Z INFO ExtensionManager] Creating instance: GitHub.Runner.Worker.AddPathFileCommand, Runner.Worker
[2026-09-29 03:53:45Z INFO ExtensionManager] Creating instance: GitHub.Runner.Worker.SetEnvFileCommand, Runner.Worker
[2026-09-29 03:53:45Z INFO ExtensionManager] Creating instance: GitHub.Runner.Worker.CreateStepSummaryCommand, Runner.Worker
[2026-09-29 03:53:45Z INFO ExtensionManager] Creating instance: GitHub.Runner.Worker.SaveStateFileCommand, Runner.Worker
[2026-09-29 03:53:45Z INFO ExtensionManager] Creating instance: GitHub.Runner.Worker.SetOutputFileCommand, Runner.Worker
[2026-09-29 03:53:45Z INFO ExtensionManager] Creating instance: GitHub.Runner.Worker.CreateArtifactsFileCommand, Runner.Worker
[2026-09-29 03:53:45Z INFO ExtensionManager] Creating instance: GitHub.Runner.Worker.ArtifactsListFileCommand, Runner.Worker
[2026-09-29 03:53:45Z INFO ActionManifestManagerLegacy] Input 'repository': default value evaluate result: {
  "type": 0,
  "file": 2,
  "line": 6,
  "col": 14,
  "lit": "Prabhatkumarkhemariya/DevOpsCICDProject"
}
[2026-09-29 03:53:45Z INFO ActionManifestManagerLegacy] Input 'ref': default value evaluate result: ""
[2026-09-29 03:53:45Z INFO ActionManifestManagerLegacy] Input 'token': default value evaluate result: {
  "type": 0,
  "file": 2,
  "line": 24,
  "col": 14,
  "lit": "***"
}
[2026-09-29 03:53:45Z INFO ActionManifestManagerLegacy] Input 'ssh-key': default value evaluate result: ""
[2026-09-29 03:53:45Z INFO ActionManifestManagerLegacy] Input 'ssh-known-hosts': default value evaluate result: ""
[2026-09-29 03:53:45Z INFO ActionManifestManagerLegacy] Input 'ssh-strict': default value evaluate result: {
  "type": 0,
  "file": 2,
  "line": 47,
  "col": 14,
  "lit": "true"
}
[2026-09-29 03:53:45Z INFO ActionManifestManagerLegacy] Input 'ssh-user': default value evaluate result: {
  "type": 0,
  "file": 2,
  "line": 51,
  "col": 14,
  "lit": "git"
}
[2026-09-29 03:53:45Z INFO ActionManifestManagerLegacy] Input 'persist-credentials': default value evaluate result: {
  "type": 0,
  "file": 2,
  "line": 54,
  "col": 14,
  "lit": "true"
}
[2026-09-29 03:53:45Z INFO ActionManifestManagerLegacy] Input 'path': default value evaluate result: ""
[2026-09-29 03:53:45Z INFO ActionManifestManagerLegacy] Input 'clean': default value evaluate result: {
  "type": 0,
  "file": 2,
  "line": 59,
  "col": 14,
  "lit": "true"
}
[2026-09-29 03:53:45Z INFO ActionManifestManagerLegacy] Input 'filter': default value evaluate result: {
  "type": 0,
  "file": 2,
  "line": 64,
  "col": 14,
  "lit": ""
}
[2026-09-29 03:53:45Z INFO ActionManifestManagerLegacy] Input 'sparse-checkout': default value evaluate result: {
  "type": 0,
  "file": 2,
  "line": 69,
  "col": 14,
  "lit": ""
}
[2026-09-29 03:53:45Z INFO ActionManifestManagerLegacy] Input 'sparse-checkout-cone-mode': default value evaluate result: {
  "type": 0,
  "file": 2,
  "line": 73,
  "col": 14,
  "lit": "true"
}
[2026-09-29 03:53:45Z INFO ActionManifestManagerLegacy] Input 'fetch-depth': default value evaluate result: {
  "type": 0,
  "file": 2,
  "line": 76,
  "col": 14,
  "lit": "1"
}
[2026-09-29 03:53:45Z INFO ActionManifestManagerLegacy] Input 'fetch-tags': default value evaluate result: {
  "type": 0,
  "file": 2,
  "line": 79,
  "col": 14,
  "lit": "false"
}
[2026-09-29 03:53:45Z INFO ActionManifestManagerLegacy] Input 'show-progress': default value evaluate result: {
  "type": 0,
  "file": 2,
  "line": 82,
  "col": 14,
  "lit": "true"
}
[2026-09-29 03:53:45Z INFO ActionManifestManagerLegacy] Input 'lfs': default value evaluate result: {
  "type": 0,
  "file": 2,
  "line": 85,
  "col": 14,
  "lit": "false"
}
[2026-09-29 03:53:45Z INFO ActionManifestManagerLegacy] Input 'submodules': default value evaluate result: {
  "type": 0,
  "file": 2,
  "line": 94,
  "col": 14,
  "lit": "false"
}
[2026-09-29 03:53:45Z INFO ActionManifestManagerLegacy] Input 'set-safe-directory': default value evaluate result: {
  "type": 0,
  "file": 2,
  "line": 97,
  "col": 14,
  "lit": "true"
}
[2026-09-29 03:53:45Z INFO ActionManifestManagerLegacy] Input 'github-server-url': default value evaluate result: ""
[2026-09-29 03:53:45Z INFO ActionManifestManagerLegacy] Input 'allow-unsafe-pr-checkout': default value evaluate result: {
  "type": 0,
  "file": 2,
  "line": 109,
  "col": 14,
  "lit": "false"
}
[2026-09-29 03:53:45Z INFO ExtensionManager] Getting extensions for interface: 'GitHub.Runner.Worker.IActionCommandExtension'
[2026-09-29 03:53:45Z INFO ExtensionManager] Creating instance: GitHub.Runner.Worker.InternalPluginSetRepoPathCommandExtension, Runner.Worker
[2026-09-29 03:53:45Z INFO ExtensionManager] Creating instance: GitHub.Runner.Worker.SetEnvCommandExtension, Runner.Worker
[2026-09-29 03:53:45Z INFO ExtensionManager] Creating instance: GitHub.Runner.Worker.SetOutputCommandExtension, Runner.Worker
[2026-09-29 03:53:45Z INFO ExtensionManager] Creating instance: GitHub.Runner.Worker.SaveStateCommandExtension, Runner.Worker
[2026-09-29 03:53:45Z INFO ExtensionManager] Creating instance: GitHub.Runner.Worker.AddPathCommandExtension, Runner.Worker
[2026-09-29 03:53:45Z INFO ExtensionManager] Creating instance: GitHub.Runner.Worker.AddMaskCommandExtension, Runner.Worker
[2026-09-29 03:53:45Z INFO ExtensionManager] Creating instance: GitHub.Runner.Worker.AddMatcherCommandExtension, Runner.Worker
[2026-09-29 03:53:45Z INFO ExtensionManager] Creating instance: GitHub.Runner.Worker.RemoveMatcherCommandExtension, Runner.Worker
[2026-09-29 03:53:45Z INFO ExtensionManager] Creating instance: GitHub.Runner.Worker.WarningCommandExtension, Runner.Worker
[2026-09-29 03:53:45Z INFO ExtensionManager] Creating instance: GitHub.Runner.Worker.ErrorCommandExtension, Runner.Worker
[2026-09-29 03:53:45Z INFO ExtensionManager] Creating instance: GitHub.Runner.Worker.NoticeCommandExtension, Runner.Worker
[2026-09-29 03:53:45Z INFO ExtensionManager] Creating instance: GitHub.Runner.Worker.DebugCommandExtension, Runner.Worker
[2026-09-29 03:53:45Z INFO ExtensionManager] Creating instance: GitHub.Runner.Worker.GroupCommandExtension, Runner.Worker
[2026-09-29 03:53:45Z INFO ExtensionManager] Creating instance: GitHub.Runner.Worker.EndGroupCommandExtension, Runner.Worker
[2026-09-29 03:53:45Z INFO ExtensionManager] Creating instance: GitHub.Runner.Worker.EchoCommandExtension, Runner.Worker
[2026-09-29 03:53:45Z INFO ActionCommandManager] Register action command extension for command internal-set-repo-path
[2026-09-29 03:53:45Z INFO ActionCommandManager] Register action command extension for command set-env
[2026-09-29 03:53:45Z INFO ActionCommandManager] Register action command extension for command set-output
[2026-09-29 03:53:45Z INFO ActionCommandManager] Register action command extension for command save-state
[2026-09-29 03:53:45Z INFO ActionCommandManager] Register action command extension for command add-path
[2026-09-29 03:53:45Z INFO ActionCommandManager] Register action command extension for command add-mask
[2026-09-29 03:53:45Z INFO ActionCommandManager] Register action command extension for command add-matcher
[2026-09-29 03:53:45Z INFO ActionCommandManager] Register action command extension for command remove-matcher
[2026-09-29 03:53:45Z INFO ActionCommandManager] Register action command extension for command warning
[2026-09-29 03:53:45Z INFO ActionCommandManager] Register action command extension for command error
[2026-09-29 03:53:45Z INFO ActionCommandManager] Register action command extension for command notice
[2026-09-29 03:53:45Z INFO ActionCommandManager] Register action command extension for command debug
[2026-09-29 03:53:45Z INFO ActionCommandManager] Register action command extension for command group
[2026-09-29 03:53:45Z INFO ActionCommandManager] Register action command extension for command endgroup
[2026-09-29 03:53:45Z INFO ActionCommandManager] Register action command extension for command echo
[2026-09-29 03:53:45Z INFO HostContext] Well known directory 'Bin': 'C:\Devops_training\DevOpsCICDProject\actions-runner\bin'
[2026-09-29 03:53:45Z INFO HostContext] Well known directory 'Root': 'C:\Devops_training\DevOpsCICDProject\actions-runner'
[2026-09-29 03:53:45Z INFO HostContext] Well known directory 'Externals': 'C:\Devops_training\DevOpsCICDProject\actions-runner\externals'
[2026-09-29 03:53:45Z INFO ProcessInvokerWrapper] Starting process:
[2026-09-29 03:53:45Z INFO ProcessInvokerWrapper]   File name: 'C:\Devops_training\DevOpsCICDProject\actions-runner\externals\node24\bin\node.exe'
[2026-09-29 03:53:45Z INFO ProcessInvokerWrapper]   Arguments: '"C:\Devops_training\DevOpsCICDProject\actions-runner\_work\_actions\actions\checkout\v4\dist/index.js"'
[2026-09-29 03:53:45Z INFO ProcessInvokerWrapper]   Working directory: 'C:\Devops_training\DevOpsCICDProject\actions-runner\_work\DevOpsCICDProject\DevOpsCICDProject'
[2026-09-29 03:53:45Z INFO ProcessInvokerWrapper]   Require exit code zero: 'False'
[2026-09-29 03:53:45Z INFO ProcessInvokerWrapper]   Encoding web name: utf-8 ; code page: '65001'
[2026-09-29 03:53:45Z INFO ProcessInvokerWrapper]   Force kill process on cancellation: 'False'
[2026-09-29 03:53:45Z INFO ProcessInvokerWrapper]   Redirected STDIN: 'False'
[2026-09-29 03:53:45Z INFO ProcessInvokerWrapper]   Persist current code page: 'True'
[2026-09-29 03:53:45Z INFO ProcessInvokerWrapper]   Keep redirected STDIN open: 'False'
[2026-09-29 03:53:45Z INFO ProcessInvokerWrapper]   High priority process: 'False'
[2026-09-29 03:53:45Z INFO ProcessInvokerWrapper] Process started with process id 10088, waiting for process exit.
[2026-09-29 03:53:45Z INFO JobServerQueue] Try to append 1 batches web console lines for record '39f698dc-e384-4db0-bb33-ef0917fe52e2', success rate: 1/1.
[2026-09-29 03:53:45Z INFO JobServerQueue] Got a step log file to send to results service.
[2026-09-29 03:53:45Z INFO JobServerQueue] Starting upload of step log file to results service ResultsLog, C:\Devops_training\DevOpsCICDProject\actions-runner\_diag\blocks\8af33a91-a100-4821-8aef-643cfc5dbf25_2e8a80d7-d384-4d37-bdc0-58f9c66687ce.1
[2026-09-29 03:53:45Z INFO JobServerQueue] Try to upload 1 log files or attachments, success rate: 1/1.
[2026-09-29 03:53:45Z INFO AddMaskCommandExtension] Add new secret mask with length of 524
[2026-09-29 03:53:45Z INFO JobServerQueue] Try to append 1 batches web console lines for record '39f698dc-e384-4db0-bb33-ef0917fe52e2', success rate: 1/1.
[2026-09-29 03:53:46Z INFO JobServerQueue] Try to append 1 batches web console lines for record '39f698dc-e384-4db0-bb33-ef0917fe52e2', success rate: 1/1.
[2026-09-29 03:53:46Z INFO JobServerQueue] Try to append 1 batches web console lines for record '39f698dc-e384-4db0-bb33-ef0917fe52e2', success rate: 1/1.
[2026-09-29 03:53:46Z INFO JobServerQueue] Try to append 1 batches web console lines for record '39f698dc-e384-4db0-bb33-ef0917fe52e2', success rate: 1/1.
[2026-09-29 03:53:47Z INFO JobServerQueue] Tried to upload 1 file(s) to results, success rate: 1/1.
[2026-09-29 03:53:48Z INFO JobServerQueue] Try to append 1 batches web console lines for record '39f698dc-e384-4db0-bb33-ef0917fe52e2', success rate: 1/1.
[2026-09-29 03:53:48Z INFO JobServerQueue] Try to append 1 batches web console lines for record '39f698dc-e384-4db0-bb33-ef0917fe52e2', success rate: 1/1.
[2026-09-29 03:53:49Z INFO JobServerQueue] Try to append 1 batches web console lines for record '39f698dc-e384-4db0-bb33-ef0917fe52e2', success rate: 1/1.
[2026-09-29 03:53:51Z INFO JobServerQueue] Try to append 1 batches web console lines for record '39f698dc-e384-4db0-bb33-ef0917fe52e2', success rate: 1/1.
[2026-09-29 03:53:51Z INFO JobServerQueue] Try to append 1 batches web console lines for record '39f698dc-e384-4db0-bb33-ef0917fe52e2', success rate: 1/1.
[2026-09-29 03:53:53Z INFO JobServerQueue] Try to append 1 batches web console lines for record '39f698dc-e384-4db0-bb33-ef0917fe52e2', success rate: 1/1.
[2026-09-29 03:53:54Z INFO JobServerQueue] Try to append 1 batches web console lines for record '39f698dc-e384-4db0-bb33-ef0917fe52e2', success rate: 1/1.
[2026-09-29 03:53:54Z INFO JobServerQueue] Try to append 1 batches web console lines for record '39f698dc-e384-4db0-bb33-ef0917fe52e2', success rate: 1/1.
[2026-09-29 03:53:54Z INFO JobServerQueue] Try to append 1 batches web console lines for record '39f698dc-e384-4db0-bb33-ef0917fe52e2', success rate: 1/1.
[2026-09-29 03:53:54Z INFO ProcessInvokerWrapper] STDOUT/STDERR stream read finished.
[2026-09-29 03:53:54Z INFO ProcessInvokerWrapper] STDOUT/STDERR stream read finished.
[2026-09-29 03:53:54Z INFO ProcessInvokerWrapper] Finished process 10088 with exit code 0, and elapsed time 00:00:09.5202450.
[2026-09-29 03:53:54Z INFO CreateStepSummaryCommand] Step Summary file (C:\Devops_training\DevOpsCICDProject\actions-runner\_work\_temp\_runner_file_commands\step_summary_712b5f8c-02bf-430d-a5a6-0ee574482eac) is empty; skipping attachment upload
[2026-09-29 03:53:54Z INFO StepsRunner] Step result: 
[2026-09-29 03:53:54Z INFO ExecutionContext] Publish step telemetry for current step {
  "action": "actions/checkout",
  "ref": "v4",
  "type": "node24",
  "stage": "Main",
  "stepId": "39f698dc-e384-4db0-bb33-ef0917fe52e2",
  "stepContextName": "__actions_checkout",
  "hasPreStep": false,
  "hasPostStep": true,
  "result": "succeeded",
  "errorMessages": [],
  "executionTimeInSeconds": 10,
  "startTime": "2026-09-29T03:53:45.0172671Z",
  "finishTime": "2026-09-29T03:53:54.9609946Z"
}.
[2026-09-29 03:53:54Z INFO HostContext] Well known directory 'Bin': 'C:\Devops_training\DevOpsCICDProject\actions-runner\bin'
[2026-09-29 03:53:54Z INFO HostContext] Well known directory 'Root': 'C:\Devops_training\DevOpsCICDProject\actions-runner'
[2026-09-29 03:53:54Z INFO HostContext] Well known directory 'Work': 'C:\Devops_training\DevOpsCICDProject\actions-runner\_work'
[2026-09-29 03:53:54Z INFO StepsRunner] No need for updating job result with current step result 'Succeeded'.
[2026-09-29 03:53:54Z INFO StepsRunner] Current state: job state = ''
[2026-09-29 03:53:54Z INFO StepsRunner] Processing step: DisplayName='Check Workspace'
[2026-09-29 03:53:54Z INFO StepsRunner] Evaluating: success()
[2026-09-29 03:53:54Z INFO StepsRunner] Result: true
[2026-09-29 03:53:54Z INFO StepsRunner] Starting the step.
[2026-09-29 03:53:54Z INFO HostContext] Well known directory 'Bin': 'C:\Devops_training\DevOpsCICDProject\actions-runner\bin'
[2026-09-29 03:53:54Z INFO HostContext] Well known directory 'Root': 'C:\Devops_training\DevOpsCICDProject\actions-runner'
[2026-09-29 03:53:54Z INFO HostContext] Well known directory 'Work': 'C:\Devops_training\DevOpsCICDProject\actions-runner\_work'
[2026-09-29 03:53:54Z INFO StepsRunner] Which2: 'chcp'
[2026-09-29 03:53:54Z INFO StepsRunner] Location: 'C:\windows\system32\chcp.COM'
[2026-09-29 03:53:54Z INFO ProcessInvokerWrapper] Starting process:
[2026-09-29 03:53:54Z INFO ProcessInvokerWrapper]   File name: 'C:\windows\system32\chcp.COM'
[2026-09-29 03:53:54Z INFO ProcessInvokerWrapper]   Arguments: '65001'
[2026-09-29 03:53:54Z INFO ProcessInvokerWrapper]   Working directory: 'C:\Devops_training\DevOpsCICDProject\actions-runner\_work'
[2026-09-29 03:53:54Z INFO ProcessInvokerWrapper]   Require exit code zero: 'False'
[2026-09-29 03:53:54Z INFO ProcessInvokerWrapper]   Encoding web name:  ; code page: ''
[2026-09-29 03:53:54Z INFO ProcessInvokerWrapper]   Force kill process on cancellation: 'False'
[2026-09-29 03:53:54Z INFO ProcessInvokerWrapper]   Redirected STDIN: 'False'
[2026-09-29 03:53:54Z INFO ProcessInvokerWrapper]   Persist current code page: 'True'
[2026-09-29 03:53:54Z INFO ProcessInvokerWrapper]   Keep redirected STDIN open: 'False'
[2026-09-29 03:53:54Z INFO ProcessInvokerWrapper]   High priority process: 'False'
[2026-09-29 03:53:54Z INFO ProcessInvokerWrapper] Process started with process id 12008, waiting for process exit.
[2026-09-29 03:53:54Z INFO ProcessInvokerWrapper] STDOUT/STDERR stream read finished.
[2026-09-29 03:53:54Z INFO ProcessInvokerWrapper] STDOUT/STDERR stream read finished.
[2026-09-29 03:53:55Z INFO ProcessInvokerWrapper] Finished process 12008 with exit code 0, and elapsed time 00:00:00.0283520.
[2026-09-29 03:53:55Z INFO StepsRunner] Successfully returned to code page 65001 (UTF8)
[2026-09-29 03:53:55Z INFO HostContext] Well known directory 'Bin': 'C:\Devops_training\DevOpsCICDProject\actions-runner\bin'
[2026-09-29 03:53:55Z INFO HostContext] Well known directory 'Root': 'C:\Devops_training\DevOpsCICDProject\actions-runner'
[2026-09-29 03:53:55Z INFO HostContext] Well known directory 'Work': 'C:\Devops_training\DevOpsCICDProject\actions-runner\_work'
[2026-09-29 03:53:55Z INFO HostContext] Well known directory 'Temp': 'C:\Devops_training\DevOpsCICDProject\actions-runner\_work\_temp'
[2026-09-29 03:53:55Z INFO ExecutionContext] Write event payload to C:\Devops_training\DevOpsCICDProject\actions-runner\_work\_temp\_github_workflow\event.json
[2026-09-29 03:53:55Z INFO HostContext] Well known directory 'Bin': 'C:\Devops_training\DevOpsCICDProject\actions-runner\bin'
[2026-09-29 03:53:55Z INFO HostContext] Well known directory 'Root': 'C:\Devops_training\DevOpsCICDProject\actions-runner'
[2026-09-29 03:53:55Z INFO HostContext] Well known directory 'Work': 'C:\Devops_training\DevOpsCICDProject\actions-runner\_work'
[2026-09-29 03:53:55Z INFO HostContext] Well known directory 'Temp': 'C:\Devops_training\DevOpsCICDProject\actions-runner\_work\_temp'
[2026-09-29 03:53:55Z INFO ExtensionManager] Getting extensions for interface: 'GitHub.Runner.Worker.IFileCommandExtension'
[2026-09-29 03:53:55Z INFO ExtensionManager] Getting extensions for interface: 'GitHub.Runner.Worker.IActionCommandExtension'
[2026-09-29 03:53:55Z INFO ActionCommandManager] Register action command extension for command internal-set-repo-path
[2026-09-29 03:53:55Z INFO ActionCommandManager] Register action command extension for command set-env
[2026-09-29 03:53:55Z INFO ActionCommandManager] Register action command extension for command set-output
[2026-09-29 03:53:55Z INFO ActionCommandManager] Register action command extension for command save-state
[2026-09-29 03:53:55Z INFO ActionCommandManager] Register action command extension for command add-path
[2026-09-29 03:53:55Z INFO ActionCommandManager] Register action command extension for command add-mask
[2026-09-29 03:53:55Z INFO ActionCommandManager] Register action command extension for command add-matcher
[2026-09-29 03:53:55Z INFO ActionCommandManager] Register action command extension for command remove-matcher
[2026-09-29 03:53:55Z INFO ActionCommandManager] Register action command extension for command warning
[2026-09-29 03:53:55Z INFO ActionCommandManager] Register action command extension for command error
[2026-09-29 03:53:55Z INFO ActionCommandManager] Register action command extension for command notice
[2026-09-29 03:53:55Z INFO ActionCommandManager] Register action command extension for command debug
[2026-09-29 03:53:55Z INFO ActionCommandManager] Register action command extension for command group
[2026-09-29 03:53:55Z INFO ActionCommandManager] Register action command extension for command endgroup
[2026-09-29 03:53:55Z INFO ActionCommandManager] Register action command extension for command echo
[2026-09-29 03:53:55Z INFO ScriptHandler] Which2: 'pwsh'
[2026-09-29 03:53:55Z INFO ScriptHandler] pwsh: command not found. Make sure 'pwsh' is installed and its location included in the 'Path' environment variable.
[2026-09-29 03:53:55Z INFO ScriptHandler] Defaulting to powershell
[2026-09-29 03:53:55Z INFO ScriptHandler] Which2: 'powershell'
[2026-09-29 03:53:55Z INFO ScriptHandler] Location: 'C:\windows\System32\WindowsPowerShell\v1.0\powershell.EXE'
[2026-09-29 03:53:55Z INFO HostContext] Well known directory 'Bin': 'C:\Devops_training\DevOpsCICDProject\actions-runner\bin'
[2026-09-29 03:53:55Z INFO HostContext] Well known directory 'Root': 'C:\Devops_training\DevOpsCICDProject\actions-runner'
[2026-09-29 03:53:55Z INFO HostContext] Well known directory 'Work': 'C:\Devops_training\DevOpsCICDProject\actions-runner\_work'
[2026-09-29 03:53:55Z INFO HostContext] Well known directory 'Temp': 'C:\Devops_training\DevOpsCICDProject\actions-runner\_work\_temp'
[2026-09-29 03:53:55Z INFO ScriptHandler] Which2: 'pwsh'
[2026-09-29 03:53:55Z INFO ScriptHandler] pwsh: command not found. Make sure 'pwsh' is installed and its location included in the 'Path' environment variable.
[2026-09-29 03:53:55Z INFO ScriptHandler] Defaulting to powershell
[2026-09-29 03:53:55Z INFO ScriptHandler] Which2: 'powershell'
[2026-09-29 03:53:55Z INFO ScriptHandler] Location: 'C:\windows\System32\WindowsPowerShell\v1.0\powershell.EXE'
[2026-09-29 03:53:55Z INFO ProcessInvokerWrapper] Starting process:
[2026-09-29 03:53:55Z INFO ProcessInvokerWrapper]   File name: 'C:\windows\System32\WindowsPowerShell\v1.0\powershell.EXE'
[2026-09-29 03:53:55Z INFO ProcessInvokerWrapper]   Arguments: '-command ". 'C:\Devops_training\DevOpsCICDProject\actions-runner\_work\_temp\5b6e93b3-b9f0-4c4d-87e0-9593c79672e0.ps1'"'
[2026-09-29 03:53:55Z INFO ProcessInvokerWrapper]   Working directory: 'C:\Devops_training\DevOpsCICDProject\actions-runner\_work\DevOpsCICDProject\DevOpsCICDProject'
[2026-09-29 03:53:55Z INFO ProcessInvokerWrapper]   Require exit code zero: 'False'
[2026-09-29 03:53:55Z INFO ProcessInvokerWrapper]   Encoding web name:  ; code page: ''
[2026-09-29 03:53:55Z INFO ProcessInvokerWrapper]   Force kill process on cancellation: 'False'
[2026-09-29 03:53:55Z INFO ProcessInvokerWrapper]   Redirected STDIN: 'False'
[2026-09-29 03:53:55Z INFO ProcessInvokerWrapper]   Persist current code page: 'True'
[2026-09-29 03:53:55Z INFO ProcessInvokerWrapper]   Keep redirected STDIN open: 'False'
[2026-09-29 03:53:55Z INFO ProcessInvokerWrapper]   High priority process: 'False'
[2026-09-29 03:53:55Z INFO JobServerQueue] Try to append 1 batches web console lines for record '938d9f13-3b78-4e21-987f-a57e6e407a80', success rate: 1/1.
[2026-09-29 03:53:55Z INFO ProcessInvokerWrapper] Process started with process id 19256, waiting for process exit.
[2026-09-29 03:53:55Z INFO JobServerQueue] Got a step log file to send to results service.
[2026-09-29 03:53:55Z INFO JobServerQueue] Starting upload of step log file to results service ResultsLog, C:\Devops_training\DevOpsCICDProject\actions-runner\_diag\blocks\8af33a91-a100-4821-8aef-643cfc5dbf25_39f698dc-e384-4db0-bb33-ef0917fe52e2.1
[2026-09-29 03:53:55Z INFO JobServerQueue] Try to upload 1 log files or attachments, success rate: 1/1.
[2026-09-29 03:53:56Z INFO JobServerQueue] Tried to upload 1 file(s) to results, success rate: 1/1.
[2026-09-29 03:53:56Z INFO JobServerQueue] Try to append 1 batches web console lines for record '938d9f13-3b78-4e21-987f-a57e6e407a80', success rate: 1/1.
[2026-09-29 03:53:56Z INFO ProcessInvokerWrapper] STDOUT/STDERR stream read finished.
[2026-09-29 03:53:56Z INFO ProcessInvokerWrapper] STDOUT/STDERR stream read finished.
[2026-09-29 03:53:56Z INFO ProcessInvokerWrapper] Finished process 19256 with exit code 0, and elapsed time 00:00:01.7564873.
[2026-09-29 03:53:56Z INFO CreateStepSummaryCommand] Step Summary file (C:\Devops_training\DevOpsCICDProject\actions-runner\_work\_temp\_runner_file_commands\step_summary_137d2c83-c224-42bc-ad3d-9494a1c85292) is empty; skipping attachment upload
[2026-09-29 03:53:56Z INFO StepsRunner] Step result: 
[2026-09-29 03:53:56Z INFO ExecutionContext] Publish step telemetry for current step {
  "action": "powershell",
  "type": "run",
  "stage": "Main",
  "stepId": "938d9f13-3b78-4e21-987f-a57e6e407a80",
  "stepContextName": "__run",
  "result": "succeeded",
  "errorMessages": [],
  "executionTimeInSeconds": 2,
  "startTime": "2026-09-29T03:53:54.9662069Z",
  "finishTime": "2026-09-29T03:53:56.8888246Z"
}.
[2026-09-29 03:53:56Z INFO StepsRunner] No need for updating job result with current step result 'Succeeded'.
[2026-09-29 03:53:56Z INFO StepsRunner] Current state: job state = ''
[2026-09-29 03:53:56Z INFO StepsRunner] Processing step: DisplayName='Docker Login'
[2026-09-29 03:53:56Z INFO StepsRunner] Evaluating: success()
[2026-09-29 03:53:56Z INFO StepsRunner] Result: true
[2026-09-29 03:53:56Z INFO StepsRunner] Starting the step.
[2026-09-29 03:53:56Z INFO HostContext] Well known directory 'Bin': 'C:\Devops_training\DevOpsCICDProject\actions-runner\bin'
[2026-09-29 03:53:56Z INFO HostContext] Well known directory 'Root': 'C:\Devops_training\DevOpsCICDProject\actions-runner'
[2026-09-29 03:53:56Z INFO HostContext] Well known directory 'Work': 'C:\Devops_training\DevOpsCICDProject\actions-runner\_work'
[2026-09-29 03:53:56Z INFO StepsRunner] Which2: 'chcp'
[2026-09-29 03:53:56Z INFO StepsRunner] Location: 'C:\windows\system32\chcp.COM'
[2026-09-29 03:53:56Z INFO ProcessInvokerWrapper] Starting process:
[2026-09-29 03:53:56Z INFO ProcessInvokerWrapper]   File name: 'C:\windows\system32\chcp.COM'
[2026-09-29 03:53:56Z INFO ProcessInvokerWrapper]   Arguments: '65001'
[2026-09-29 03:53:56Z INFO ProcessInvokerWrapper]   Working directory: 'C:\Devops_training\DevOpsCICDProject\actions-runner\_work'
[2026-09-29 03:53:56Z INFO ProcessInvokerWrapper]   Require exit code zero: 'False'
[2026-09-29 03:53:56Z INFO ProcessInvokerWrapper]   Encoding web name:  ; code page: ''
[2026-09-29 03:53:56Z INFO ProcessInvokerWrapper]   Force kill process on cancellation: 'False'
[2026-09-29 03:53:56Z INFO ProcessInvokerWrapper]   Redirected STDIN: 'False'
[2026-09-29 03:53:56Z INFO ProcessInvokerWrapper]   Persist current code page: 'True'
[2026-09-29 03:53:56Z INFO ProcessInvokerWrapper]   Keep redirected STDIN open: 'False'
[2026-09-29 03:53:56Z INFO ProcessInvokerWrapper]   High priority process: 'False'
[2026-09-29 03:53:56Z INFO ProcessInvokerWrapper] Process started with process id 7240, waiting for process exit.
[2026-09-29 03:53:56Z INFO ProcessInvokerWrapper] STDOUT/STDERR stream read finished.
[2026-09-29 03:53:56Z INFO ProcessInvokerWrapper] STDOUT/STDERR stream read finished.
[2026-09-29 03:53:56Z INFO ProcessInvokerWrapper] Finished process 7240 with exit code 0, and elapsed time 00:00:00.0253651.
[2026-09-29 03:53:56Z INFO StepsRunner] Successfully returned to code page 65001 (UTF8)
[2026-09-29 03:53:56Z INFO HostContext] Well known directory 'Bin': 'C:\Devops_training\DevOpsCICDProject\actions-runner\bin'
[2026-09-29 03:53:56Z INFO HostContext] Well known directory 'Root': 'C:\Devops_training\DevOpsCICDProject\actions-runner'
[2026-09-29 03:53:56Z INFO HostContext] Well known directory 'Work': 'C:\Devops_training\DevOpsCICDProject\actions-runner\_work'
[2026-09-29 03:53:56Z INFO HostContext] Well known directory 'Temp': 'C:\Devops_training\DevOpsCICDProject\actions-runner\_work\_temp'
[2026-09-29 03:53:56Z INFO ExecutionContext] Write event payload to C:\Devops_training\DevOpsCICDProject\actions-runner\_work\_temp\_github_workflow\event.json
[2026-09-29 03:53:56Z INFO HostContext] Well known directory 'Bin': 'C:\Devops_training\DevOpsCICDProject\actions-runner\bin'
[2026-09-29 03:53:56Z INFO HostContext] Well known directory 'Root': 'C:\Devops_training\DevOpsCICDProject\actions-runner'
[2026-09-29 03:53:56Z INFO HostContext] Well known directory 'Work': 'C:\Devops_training\DevOpsCICDProject\actions-runner\_work'
[2026-09-29 03:53:56Z INFO HostContext] Well known directory 'Temp': 'C:\Devops_training\DevOpsCICDProject\actions-runner\_work\_temp'
[2026-09-29 03:53:56Z INFO ExtensionManager] Getting extensions for interface: 'GitHub.Runner.Worker.IFileCommandExtension'
[2026-09-29 03:53:56Z INFO JobServerQueue] Try to append 1 batches web console lines for record '938d9f13-3b78-4e21-987f-a57e6e407a80', success rate: 1/1.
[2026-09-29 03:53:56Z INFO ExtensionManager] Getting extensions for interface: 'GitHub.Runner.Worker.IActionCommandExtension'
[2026-09-29 03:53:56Z INFO ActionCommandManager] Register action command extension for command internal-set-repo-path
[2026-09-29 03:53:56Z INFO ActionCommandManager] Register action command extension for command set-env
[2026-09-29 03:53:56Z INFO ActionCommandManager] Register action command extension for command set-output
[2026-09-29 03:53:56Z INFO ActionCommandManager] Register action command extension for command save-state
[2026-09-29 03:53:56Z INFO ActionCommandManager] Register action command extension for command add-path
[2026-09-29 03:53:56Z INFO ActionCommandManager] Register action command extension for command add-mask
[2026-09-29 03:53:56Z INFO ActionCommandManager] Register action command extension for command add-matcher
[2026-09-29 03:53:56Z INFO ActionCommandManager] Register action command extension for command remove-matcher
[2026-09-29 03:53:56Z INFO ActionCommandManager] Register action command extension for command warning
[2026-09-29 03:53:56Z INFO ActionCommandManager] Register action command extension for command error
[2026-09-29 03:53:56Z INFO ActionCommandManager] Register action command extension for command notice
[2026-09-29 03:53:56Z INFO ActionCommandManager] Register action command extension for command debug
[2026-09-29 03:53:56Z INFO ActionCommandManager] Register action command extension for command group
[2026-09-29 03:53:56Z INFO ActionCommandManager] Register action command extension for command endgroup
[2026-09-29 03:53:56Z INFO ActionCommandManager] Register action command extension for command echo
[2026-09-29 03:53:56Z INFO ScriptHandler] Which2: 'pwsh'
[2026-09-29 03:53:57Z INFO ScriptHandler] pwsh: command not found. Make sure 'pwsh' is installed and its location included in the 'Path' environment variable.
[2026-09-29 03:53:57Z INFO ScriptHandler] Defaulting to powershell
[2026-09-29 03:53:57Z INFO ScriptHandler] Which2: 'powershell'
[2026-09-29 03:53:57Z INFO ScriptHandler] Location: 'C:\windows\System32\WindowsPowerShell\v1.0\powershell.EXE'
[2026-09-29 03:53:57Z INFO HostContext] Well known directory 'Bin': 'C:\Devops_training\DevOpsCICDProject\actions-runner\bin'
[2026-09-29 03:53:57Z INFO HostContext] Well known directory 'Root': 'C:\Devops_training\DevOpsCICDProject\actions-runner'
[2026-09-29 03:53:57Z INFO HostContext] Well known directory 'Work': 'C:\Devops_training\DevOpsCICDProject\actions-runner\_work'
[2026-09-29 03:53:57Z INFO HostContext] Well known directory 'Temp': 'C:\Devops_training\DevOpsCICDProject\actions-runner\_work\_temp'
[2026-09-29 03:53:57Z INFO ScriptHandler] Which2: 'pwsh'
[2026-09-29 03:53:57Z INFO ScriptHandler] pwsh: command not found. Make sure 'pwsh' is installed and its location included in the 'Path' environment variable.
[2026-09-29 03:53:57Z INFO ScriptHandler] Defaulting to powershell
[2026-09-29 03:53:57Z INFO ScriptHandler] Which2: 'powershell'
[2026-09-29 03:53:57Z INFO ScriptHandler] Location: 'C:\windows\System32\WindowsPowerShell\v1.0\powershell.EXE'
[2026-09-29 03:53:57Z INFO ProcessInvokerWrapper] Starting process:
[2026-09-29 03:53:57Z INFO ProcessInvokerWrapper]   File name: 'C:\windows\System32\WindowsPowerShell\v1.0\powershell.EXE'
[2026-09-29 03:53:57Z INFO ProcessInvokerWrapper]   Arguments: '-command ". 'C:\Devops_training\DevOpsCICDProject\actions-runner\_work\_temp\de86af7f-33bb-4487-8649-a196ef3807d0.ps1'"'
[2026-09-29 03:53:57Z INFO ProcessInvokerWrapper]   Working directory: 'C:\Devops_training\DevOpsCICDProject\actions-runner\_work\DevOpsCICDProject\DevOpsCICDProject'
[2026-09-29 03:53:57Z INFO ProcessInvokerWrapper]   Require exit code zero: 'False'
[2026-09-29 03:53:57Z INFO ProcessInvokerWrapper]   Encoding web name:  ; code page: ''
[2026-09-29 03:53:57Z INFO ProcessInvokerWrapper]   Force kill process on cancellation: 'False'
[2026-09-29 03:53:57Z INFO ProcessInvokerWrapper]   Redirected STDIN: 'False'
[2026-09-29 03:53:57Z INFO ProcessInvokerWrapper]   Persist current code page: 'True'
[2026-09-29 03:53:57Z INFO ProcessInvokerWrapper]   Keep redirected STDIN open: 'False'
[2026-09-29 03:53:57Z INFO ProcessInvokerWrapper]   High priority process: 'False'
[2026-09-29 03:53:57Z INFO ProcessInvokerWrapper] Process started with process id 28456, waiting for process exit.
[2026-09-29 03:53:57Z INFO JobServerQueue] Try to append 1 batches web console lines for record '140b6143-c75d-4517-ac5f-d07c712a58dc', success rate: 1/1.
[2026-09-29 03:53:57Z INFO JobServerQueue] Got a step log file to send to results service.
[2026-09-29 03:53:57Z INFO JobServerQueue] Starting upload of step log file to results service ResultsLog, C:\Devops_training\DevOpsCICDProject\actions-runner\_diag\blocks\8af33a91-a100-4821-8aef-643cfc5dbf25_938d9f13-3b78-4e21-987f-a57e6e407a80.1
[2026-09-29 03:53:57Z INFO JobServerQueue] Try to upload 1 log files or attachments, success rate: 1/1.
[2026-09-29 03:53:58Z INFO JobServerQueue] Tried to upload 1 file(s) to results, success rate: 1/1.
[2026-09-29 03:53:58Z INFO JobServerQueue] Try to append 1 batches web console lines for record '140b6143-c75d-4517-ac5f-d07c712a58dc', success rate: 1/1.
[2026-09-29 03:54:02Z INFO JobServerQueue] Try to append 1 batches web console lines for record '140b6143-c75d-4517-ac5f-d07c712a58dc', success rate: 1/1.
[2026-09-29 03:54:02Z INFO ProcessInvokerWrapper] STDOUT/STDERR stream read finished.
[2026-09-29 03:54:02Z INFO ProcessInvokerWrapper] STDOUT/STDERR stream read finished.
[2026-09-29 03:54:02Z INFO ProcessInvokerWrapper] Finished process 28456 with exit code 0, and elapsed time 00:00:05.7329946.
[2026-09-29 03:54:02Z INFO CreateStepSummaryCommand] Step Summary file (C:\Devops_training\DevOpsCICDProject\actions-runner\_work\_temp\_runner_file_commands\step_summary_f59f478f-3bec-4f7b-ae43-ae490199de33) is empty; skipping attachment upload
[2026-09-29 03:54:02Z INFO StepsRunner] Step result: 
[2026-09-29 03:54:02Z INFO ExecutionContext] Publish step telemetry for current step {
  "action": "powershell",
  "type": "run",
  "stage": "Main",
  "stepId": "140b6143-c75d-4517-ac5f-d07c712a58dc",
  "stepContextName": "__run_2",
  "result": "succeeded",
  "errorMessages": [],
  "executionTimeInSeconds": 6,
  "startTime": "2026-09-29T03:53:56.8917368Z",
  "finishTime": "2026-09-29T03:54:02.7795866Z"
}.
[2026-09-29 03:54:02Z INFO StepsRunner] No need for updating job result with current step result 'Succeeded'.
[2026-09-29 03:54:02Z INFO StepsRunner] Current state: job state = ''
[2026-09-29 03:54:02Z INFO StepsRunner] Processing step: DisplayName='Build Docker Image'
[2026-09-29 03:54:02Z INFO StepsRunner] Evaluating: success()
[2026-09-29 03:54:02Z INFO StepsRunner] Result: true
[2026-09-29 03:54:02Z INFO StepsRunner] Starting the step.
[2026-09-29 03:54:02Z INFO HostContext] Well known directory 'Bin': 'C:\Devops_training\DevOpsCICDProject\actions-runner\bin'
[2026-09-29 03:54:02Z INFO HostContext] Well known directory 'Root': 'C:\Devops_training\DevOpsCICDProject\actions-runner'
[2026-09-29 03:54:02Z INFO HostContext] Well known directory 'Work': 'C:\Devops_training\DevOpsCICDProject\actions-runner\_work'
[2026-09-29 03:54:02Z INFO StepsRunner] Which2: 'chcp'
[2026-09-29 03:54:02Z INFO StepsRunner] Location: 'C:\windows\system32\chcp.COM'
[2026-09-29 03:54:02Z INFO ProcessInvokerWrapper] Starting process:
[2026-09-29 03:54:02Z INFO ProcessInvokerWrapper]   File name: 'C:\windows\system32\chcp.COM'
[2026-09-29 03:54:02Z INFO ProcessInvokerWrapper]   Arguments: '65001'
[2026-09-29 03:54:02Z INFO ProcessInvokerWrapper]   Working directory: 'C:\Devops_training\DevOpsCICDProject\actions-runner\_work'
[2026-09-29 03:54:02Z INFO ProcessInvokerWrapper]   Require exit code zero: 'False'
[2026-09-29 03:54:02Z INFO ProcessInvokerWrapper]   Encoding web name:  ; code page: ''
[2026-09-29 03:54:02Z INFO ProcessInvokerWrapper]   Force kill process on cancellation: 'False'
[2026-09-29 03:54:02Z INFO ProcessInvokerWrapper]   Redirected STDIN: 'False'
[2026-09-29 03:54:02Z INFO ProcessInvokerWrapper]   Persist current code page: 'True'
[2026-09-29 03:54:02Z INFO ProcessInvokerWrapper]   Keep redirected STDIN open: 'False'
[2026-09-29 03:54:02Z INFO ProcessInvokerWrapper]   High priority process: 'False'
[2026-09-29 03:54:02Z INFO JobServerQueue] Try to upload 1 log files or attachments, success rate: 1/1.
[2026-09-29 03:54:02Z INFO ProcessInvokerWrapper] Process started with process id 7268, waiting for process exit.
[2026-09-29 03:54:02Z INFO ProcessInvokerWrapper] STDOUT/STDERR stream read finished.
[2026-09-29 03:54:02Z INFO ProcessInvokerWrapper] STDOUT/STDERR stream read finished.
[2026-09-29 03:54:02Z INFO ProcessInvokerWrapper] Finished process 7268 with exit code 0, and elapsed time 00:00:00.0477043.
[2026-09-29 03:54:02Z INFO StepsRunner] Successfully returned to code page 65001 (UTF8)
[2026-09-29 03:54:02Z INFO HostContext] Well known directory 'Bin': 'C:\Devops_training\DevOpsCICDProject\actions-runner\bin'
[2026-09-29 03:54:02Z INFO HostContext] Well known directory 'Root': 'C:\Devops_training\DevOpsCICDProject\actions-runner'
[2026-09-29 03:54:02Z INFO HostContext] Well known directory 'Work': 'C:\Devops_training\DevOpsCICDProject\actions-runner\_work'
[2026-09-29 03:54:02Z INFO HostContext] Well known directory 'Temp': 'C:\Devops_training\DevOpsCICDProject\actions-runner\_work\_temp'
[2026-09-29 03:54:02Z INFO ExecutionContext] Write event payload to C:\Devops_training\DevOpsCICDProject\actions-runner\_work\_temp\_github_workflow\event.json
[2026-09-29 03:54:02Z INFO HostContext] Well known directory 'Bin': 'C:\Devops_training\DevOpsCICDProject\actions-runner\bin'
[2026-09-29 03:54:02Z INFO HostContext] Well known directory 'Root': 'C:\Devops_training\DevOpsCICDProject\actions-runner'
[2026-09-29 03:54:02Z INFO HostContext] Well known directory 'Work': 'C:\Devops_training\DevOpsCICDProject\actions-runner\_work'
[2026-09-29 03:54:02Z INFO HostContext] Well known directory 'Temp': 'C:\Devops_training\DevOpsCICDProject\actions-runner\_work\_temp'
[2026-09-29 03:54:02Z INFO ExtensionManager] Getting extensions for interface: 'GitHub.Runner.Worker.IFileCommandExtension'
[2026-09-29 03:54:02Z INFO ExtensionManager] Getting extensions for interface: 'GitHub.Runner.Worker.IActionCommandExtension'
[2026-09-29 03:54:02Z INFO ActionCommandManager] Register action command extension for command internal-set-repo-path
[2026-09-29 03:54:02Z INFO ActionCommandManager] Register action command extension for command set-env
[2026-09-29 03:54:02Z INFO ActionCommandManager] Register action command extension for command set-output
[2026-09-29 03:54:02Z INFO ActionCommandManager] Register action command extension for command save-state
[2026-09-29 03:54:02Z INFO ActionCommandManager] Register action command extension for command add-path
[2026-09-29 03:54:02Z INFO ActionCommandManager] Register action command extension for command add-mask
[2026-09-29 03:54:02Z INFO ActionCommandManager] Register action command extension for command add-matcher
[2026-09-29 03:54:02Z INFO ActionCommandManager] Register action command extension for command remove-matcher
[2026-09-29 03:54:02Z INFO ActionCommandManager] Register action command extension for command warning
[2026-09-29 03:54:02Z INFO ActionCommandManager] Register action command extension for command error
[2026-09-29 03:54:02Z INFO ActionCommandManager] Register action command extension for command notice
[2026-09-29 03:54:02Z INFO ActionCommandManager] Register action command extension for command debug
[2026-09-29 03:54:02Z INFO ActionCommandManager] Register action command extension for command group
[2026-09-29 03:54:02Z INFO ActionCommandManager] Register action command extension for command endgroup
[2026-09-29 03:54:02Z INFO ActionCommandManager] Register action command extension for command echo
[2026-09-29 03:54:02Z INFO ScriptHandler] Which2: 'pwsh'
[2026-09-29 03:54:02Z INFO ScriptHandler] pwsh: command not found. Make sure 'pwsh' is installed and its location included in the 'Path' environment variable.
[2026-09-29 03:54:02Z INFO ScriptHandler] Defaulting to powershell
[2026-09-29 03:54:02Z INFO ScriptHandler] Which2: 'powershell'
[2026-09-29 03:54:02Z INFO JobServerQueue] Try to append 1 batches web console lines for record 'b712b291-98e0-45e5-abce-ed069d8f9981', success rate: 1/1.
[2026-09-29 03:54:02Z INFO ScriptHandler] Location: 'C:\windows\System32\WindowsPowerShell\v1.0\powershell.EXE'
[2026-09-29 03:54:02Z INFO HostContext] Well known directory 'Bin': 'C:\Devops_training\DevOpsCICDProject\actions-runner\bin'
[2026-09-29 03:54:02Z INFO HostContext] Well known directory 'Root': 'C:\Devops_training\DevOpsCICDProject\actions-runner'
[2026-09-29 03:54:02Z INFO HostContext] Well known directory 'Work': 'C:\Devops_training\DevOpsCICDProject\actions-runner\_work'
[2026-09-29 03:54:02Z INFO HostContext] Well known directory 'Temp': 'C:\Devops_training\DevOpsCICDProject\actions-runner\_work\_temp'
[2026-09-29 03:54:02Z INFO ScriptHandler] Which2: 'pwsh'
[2026-09-29 03:54:02Z INFO ScriptHandler] pwsh: command not found. Make sure 'pwsh' is installed and its location included in the 'Path' environment variable.
[2026-09-29 03:54:02Z INFO ScriptHandler] Defaulting to powershell
[2026-09-29 03:54:02Z INFO ScriptHandler] Which2: 'powershell'
[2026-09-29 03:54:02Z INFO ScriptHandler] Location: 'C:\windows\System32\WindowsPowerShell\v1.0\powershell.EXE'
[2026-09-29 03:54:02Z INFO ProcessInvokerWrapper] Starting process:
[2026-09-29 03:54:02Z INFO ProcessInvokerWrapper]   File name: 'C:\windows\System32\WindowsPowerShell\v1.0\powershell.EXE'
[2026-09-29 03:54:02Z INFO ProcessInvokerWrapper]   Arguments: '-command ". 'C:\Devops_training\DevOpsCICDProject\actions-runner\_work\_temp\0cd990c7-8312-437b-a2a4-171aba5e1db4.ps1'"'
[2026-09-29 03:54:02Z INFO ProcessInvokerWrapper]   Working directory: 'C:\Devops_training\DevOpsCICDProject\actions-runner\_work\DevOpsCICDProject\DevOpsCICDProject'
[2026-09-29 03:54:02Z INFO ProcessInvokerWrapper]   Require exit code zero: 'False'
[2026-09-29 03:54:02Z INFO ProcessInvokerWrapper]   Encoding web name:  ; code page: ''
[2026-09-29 03:54:02Z INFO ProcessInvokerWrapper]   Force kill process on cancellation: 'False'
[2026-09-29 03:54:02Z INFO ProcessInvokerWrapper]   Redirected STDIN: 'False'
[2026-09-29 03:54:02Z INFO ProcessInvokerWrapper]   Persist current code page: 'True'
[2026-09-29 03:54:02Z INFO ProcessInvokerWrapper]   Keep redirected STDIN open: 'False'
[2026-09-29 03:54:02Z INFO ProcessInvokerWrapper]   High priority process: 'False'
[2026-09-29 03:54:02Z INFO ProcessInvokerWrapper] Process started with process id 3488, waiting for process exit.
[2026-09-29 03:54:03Z INFO JobServerQueue] Try to append 1 batches web console lines for record 'b712b291-98e0-45e5-abce-ed069d8f9981', success rate: 1/1.
[2026-09-29 03:54:03Z INFO JobServerQueue] Got a step log file to send to results service.
[2026-09-29 03:54:03Z INFO JobServerQueue] Starting upload of step log file to results service ResultsLog, C:\Devops_training\DevOpsCICDProject\actions-runner\_diag\blocks\8af33a91-a100-4821-8aef-643cfc5dbf25_140b6143-c75d-4517-ac5f-d07c712a58dc.1
[2026-09-29 03:54:04Z INFO JobServerQueue] Tried to upload 1 file(s) to results, success rate: 1/1.
[2026-09-29 03:54:04Z INFO HostContext] Well known directory 'Bin': 'C:\Devops_training\DevOpsCICDProject\actions-runner\bin'
[2026-09-29 03:54:04Z INFO HostContext] Well known directory 'Root': 'C:\Devops_training\DevOpsCICDProject\actions-runner'
[2026-09-29 03:54:04Z INFO HostContext] Well known directory 'Work': 'C:\Devops_training\DevOpsCICDProject\actions-runner\_work'
[2026-09-29 03:54:05Z INFO JobServerQueue] Try to append 1 batches web console lines for record 'b712b291-98e0-45e5-abce-ed069d8f9981', success rate: 1/1.
[2026-09-29 03:54:06Z INFO JobServerQueue] Try to append 1 batches web console lines for record 'b712b291-98e0-45e5-abce-ed069d8f9981', success rate: 1/1.
[2026-09-29 03:54:06Z INFO JobServerQueue] Try to append 1 batches web console lines for record 'b712b291-98e0-45e5-abce-ed069d8f9981', success rate: 1/1.
[2026-09-29 03:54:06Z INFO JobServerQueue] Try to append 1 batches web console lines for record 'b712b291-98e0-45e5-abce-ed069d8f9981', success rate: 1/1.
[2026-09-29 03:54:06Z INFO JobServerQueue] Try to append 1 batches web console lines for record 'b712b291-98e0-45e5-abce-ed069d8f9981', success rate: 1/1.
[2026-09-29 03:54:07Z INFO JobServerQueue] Try to append 1 batches web console lines for record 'b712b291-98e0-45e5-abce-ed069d8f9981', success rate: 1/1.
[2026-09-29 03:54:07Z INFO ProcessInvokerWrapper] STDOUT/STDERR stream read finished.
[2026-09-29 03:54:07Z INFO ProcessInvokerWrapper] STDOUT/STDERR stream read finished.
[2026-09-29 03:54:07Z INFO ProcessInvokerWrapper] Finished process 3488 with exit code 0, and elapsed time 00:00:04.8670008.
[2026-09-29 03:54:07Z INFO CreateStepSummaryCommand] Step Summary file (C:\Devops_training\DevOpsCICDProject\actions-runner\_work\_temp\_runner_file_commands\step_summary_47e5dd1e-f9e9-4b05-8c38-3203b566000c) is empty; skipping attachment upload
[2026-09-29 03:54:07Z INFO StepsRunner] Step result: 
[2026-09-29 03:54:07Z INFO ExecutionContext] Publish step telemetry for current step {
  "action": "powershell",
  "type": "run",
  "stage": "Main",
  "stepId": "b712b291-98e0-45e5-abce-ed069d8f9981",
  "stepContextName": "__run_3",
  "result": "succeeded",
  "errorMessages": [],
  "executionTimeInSeconds": 6,
  "startTime": "2026-09-29T03:54:02.7847647Z",
  "finishTime": "2026-09-29T03:54:07.7881353Z"
}.
[2026-09-29 03:54:07Z INFO StepsRunner] No need for updating job result with current step result 'Succeeded'.
[2026-09-29 03:54:07Z INFO StepsRunner] Current state: job state = ''
[2026-09-29 03:54:07Z INFO StepsRunner] Processing step: DisplayName='Push Docker Image'
[2026-09-29 03:54:07Z INFO StepsRunner] Evaluating: success()
[2026-09-29 03:54:07Z INFO StepsRunner] Result: true
[2026-09-29 03:54:07Z INFO StepsRunner] Starting the step.
[2026-09-29 03:54:07Z INFO HostContext] Well known directory 'Bin': 'C:\Devops_training\DevOpsCICDProject\actions-runner\bin'
[2026-09-29 03:54:07Z INFO HostContext] Well known directory 'Root': 'C:\Devops_training\DevOpsCICDProject\actions-runner'
[2026-09-29 03:54:07Z INFO HostContext] Well known directory 'Work': 'C:\Devops_training\DevOpsCICDProject\actions-runner\_work'
[2026-09-29 03:54:07Z INFO StepsRunner] Which2: 'chcp'
[2026-09-29 03:54:07Z INFO StepsRunner] Location: 'C:\windows\system32\chcp.COM'
[2026-09-29 03:54:07Z INFO ProcessInvokerWrapper] Starting process:
[2026-09-29 03:54:07Z INFO ProcessInvokerWrapper]   File name: 'C:\windows\system32\chcp.COM'
[2026-09-29 03:54:07Z INFO ProcessInvokerWrapper]   Arguments: '65001'
[2026-09-29 03:54:07Z INFO ProcessInvokerWrapper]   Working directory: 'C:\Devops_training\DevOpsCICDProject\actions-runner\_work'
[2026-09-29 03:54:07Z INFO ProcessInvokerWrapper]   Require exit code zero: 'False'
[2026-09-29 03:54:07Z INFO ProcessInvokerWrapper]   Encoding web name:  ; code page: ''
[2026-09-29 03:54:07Z INFO ProcessInvokerWrapper]   Force kill process on cancellation: 'False'
[2026-09-29 03:54:07Z INFO ProcessInvokerWrapper]   Redirected STDIN: 'False'
[2026-09-29 03:54:07Z INFO ProcessInvokerWrapper]   Persist current code page: 'True'
[2026-09-29 03:54:07Z INFO ProcessInvokerWrapper]   Keep redirected STDIN open: 'False'
[2026-09-29 03:54:07Z INFO ProcessInvokerWrapper]   High priority process: 'False'
[2026-09-29 03:54:07Z INFO ProcessInvokerWrapper] Process started with process id 16976, waiting for process exit.
[2026-09-29 03:54:07Z INFO ProcessInvokerWrapper] STDOUT/STDERR stream read finished.
[2026-09-29 03:54:07Z INFO ProcessInvokerWrapper] STDOUT/STDERR stream read finished.
[2026-09-29 03:54:07Z INFO ProcessInvokerWrapper] Finished process 16976 with exit code 0, and elapsed time 00:00:00.0185529.
[2026-09-29 03:54:07Z INFO StepsRunner] Successfully returned to code page 65001 (UTF8)
[2026-09-29 03:54:07Z INFO HostContext] Well known directory 'Bin': 'C:\Devops_training\DevOpsCICDProject\actions-runner\bin'
[2026-09-29 03:54:07Z INFO HostContext] Well known directory 'Root': 'C:\Devops_training\DevOpsCICDProject\actions-runner'
[2026-09-29 03:54:07Z INFO HostContext] Well known directory 'Work': 'C:\Devops_training\DevOpsCICDProject\actions-runner\_work'
[2026-09-29 03:54:07Z INFO HostContext] Well known directory 'Temp': 'C:\Devops_training\DevOpsCICDProject\actions-runner\_work\_temp'
[2026-09-29 03:54:07Z INFO ExecutionContext] Write event payload to C:\Devops_training\DevOpsCICDProject\actions-runner\_work\_temp\_github_workflow\event.json
[2026-09-29 03:54:07Z INFO HostContext] Well known directory 'Bin': 'C:\Devops_training\DevOpsCICDProject\actions-runner\bin'
[2026-09-29 03:54:07Z INFO HostContext] Well known directory 'Root': 'C:\Devops_training\DevOpsCICDProject\actions-runner'
[2026-09-29 03:54:07Z INFO HostContext] Well known directory 'Work': 'C:\Devops_training\DevOpsCICDProject\actions-runner\_work'
[2026-09-29 03:54:07Z INFO HostContext] Well known directory 'Temp': 'C:\Devops_training\DevOpsCICDProject\actions-runner\_work\_temp'
[2026-09-29 03:54:07Z INFO ExtensionManager] Getting extensions for interface: 'GitHub.Runner.Worker.IFileCommandExtension'
[2026-09-29 03:54:07Z INFO JobServerQueue] Try to upload 1 log files or attachments, success rate: 1/1.
[2026-09-29 03:54:07Z INFO ExtensionManager] Getting extensions for interface: 'GitHub.Runner.Worker.IActionCommandExtension'
[2026-09-29 03:54:07Z INFO ActionCommandManager] Register action command extension for command internal-set-repo-path
[2026-09-29 03:54:07Z INFO ActionCommandManager] Register action command extension for command set-env
[2026-09-29 03:54:07Z INFO ActionCommandManager] Register action command extension for command set-output
[2026-09-29 03:54:07Z INFO ActionCommandManager] Register action command extension for command save-state
[2026-09-29 03:54:07Z INFO ActionCommandManager] Register action command extension for command add-path
[2026-09-29 03:54:07Z INFO ActionCommandManager] Register action command extension for command add-mask
[2026-09-29 03:54:07Z INFO ActionCommandManager] Register action command extension for command add-matcher
[2026-09-29 03:54:07Z INFO ActionCommandManager] Register action command extension for command remove-matcher
[2026-09-29 03:54:07Z INFO ActionCommandManager] Register action command extension for command warning
[2026-09-29 03:54:07Z INFO ActionCommandManager] Register action command extension for command error
[2026-09-29 03:54:07Z INFO ActionCommandManager] Register action command extension for command notice
[2026-09-29 03:54:07Z INFO ActionCommandManager] Register action command extension for command debug
[2026-09-29 03:54:07Z INFO ActionCommandManager] Register action command extension for command group
[2026-09-29 03:54:07Z INFO ActionCommandManager] Register action command extension for command endgroup
[2026-09-29 03:54:07Z INFO ActionCommandManager] Register action command extension for command echo
[2026-09-29 03:54:07Z INFO ScriptHandler] Which2: 'pwsh'
[2026-09-29 03:54:07Z INFO ScriptHandler] pwsh: command not found. Make sure 'pwsh' is installed and its location included in the 'Path' environment variable.
[2026-09-29 03:54:07Z INFO ScriptHandler] Defaulting to powershell
[2026-09-29 03:54:07Z INFO ScriptHandler] Which2: 'powershell'
[2026-09-29 03:54:07Z INFO ScriptHandler] Location: 'C:\windows\System32\WindowsPowerShell\v1.0\powershell.EXE'
[2026-09-29 03:54:07Z INFO HostContext] Well known directory 'Bin': 'C:\Devops_training\DevOpsCICDProject\actions-runner\bin'
[2026-09-29 03:54:07Z INFO HostContext] Well known directory 'Root': 'C:\Devops_training\DevOpsCICDProject\actions-runner'
[2026-09-29 03:54:07Z INFO HostContext] Well known directory 'Work': 'C:\Devops_training\DevOpsCICDProject\actions-runner\_work'
[2026-09-29 03:54:07Z INFO HostContext] Well known directory 'Temp': 'C:\Devops_training\DevOpsCICDProject\actions-runner\_work\_temp'
[2026-09-29 03:54:07Z INFO ScriptHandler] Which2: 'pwsh'
[2026-09-29 03:54:07Z INFO ScriptHandler] pwsh: command not found. Make sure 'pwsh' is installed and its location included in the 'Path' environment variable.
[2026-09-29 03:54:07Z INFO ScriptHandler] Defaulting to powershell
[2026-09-29 03:54:07Z INFO ScriptHandler] Which2: 'powershell'
[2026-09-29 03:54:07Z INFO ScriptHandler] Location: 'C:\windows\System32\WindowsPowerShell\v1.0\powershell.EXE'
[2026-09-29 03:54:07Z INFO ProcessInvokerWrapper] Starting process:
[2026-09-29 03:54:07Z INFO ProcessInvokerWrapper]   File name: 'C:\windows\System32\WindowsPowerShell\v1.0\powershell.EXE'
[2026-09-29 03:54:07Z INFO ProcessInvokerWrapper]   Arguments: '-command ". 'C:\Devops_training\DevOpsCICDProject\actions-runner\_work\_temp\c3445565-66d8-4e60-a461-0e55b0a35a5e.ps1'"'
[2026-09-29 03:54:07Z INFO ProcessInvokerWrapper]   Working directory: 'C:\Devops_training\DevOpsCICDProject\actions-runner\_work\DevOpsCICDProject\DevOpsCICDProject'
[2026-09-29 03:54:07Z INFO ProcessInvokerWrapper]   Require exit code zero: 'False'
[2026-09-29 03:54:07Z INFO ProcessInvokerWrapper]   Encoding web name:  ; code page: ''
[2026-09-29 03:54:07Z INFO ProcessInvokerWrapper]   Force kill process on cancellation: 'False'
[2026-09-29 03:54:07Z INFO ProcessInvokerWrapper]   Redirected STDIN: 'False'
[2026-09-29 03:54:07Z INFO ProcessInvokerWrapper]   Persist current code page: 'True'
[2026-09-29 03:54:07Z INFO ProcessInvokerWrapper]   Keep redirected STDIN open: 'False'
[2026-09-29 03:54:07Z INFO ProcessInvokerWrapper]   High priority process: 'False'
[2026-09-29 03:54:07Z INFO ProcessInvokerWrapper] Process started with process id 27168, waiting for process exit.
[2026-09-29 03:54:08Z INFO JobServerQueue] Try to append 1 batches web console lines for record '23a2bf63-58cf-4c6f-993c-ef861dd67178', success rate: 1/1.
[2026-09-29 03:54:08Z INFO JobServerQueue] Got a step log file to send to results service.
[2026-09-29 03:54:08Z INFO JobServerQueue] Starting upload of step log file to results service ResultsLog, C:\Devops_training\DevOpsCICDProject\actions-runner\_diag\blocks\8af33a91-a100-4821-8aef-643cfc5dbf25_b712b291-98e0-45e5-abce-ed069d8f9981.1
[2026-09-29 03:54:09Z INFO JobServerQueue] Tried to upload 1 file(s) to results, success rate: 1/1.
[2026-09-29 03:54:09Z INFO JobServerQueue] Try to append 1 batches web console lines for record '23a2bf63-58cf-4c6f-993c-ef861dd67178', success rate: 1/1.
[2026-09-29 03:54:09Z INFO JobServerQueue] Try to append 1 batches web console lines for record '23a2bf63-58cf-4c6f-993c-ef861dd67178', success rate: 1/1.
[2026-09-29 03:54:09Z INFO JobServerQueue] Try to append 1 batches web console lines for record '23a2bf63-58cf-4c6f-993c-ef861dd67178', success rate: 1/1.
[2026-09-29 03:54:10Z INFO JobServerQueue] Try to append 1 batches web console lines for record '23a2bf63-58cf-4c6f-993c-ef861dd67178', success rate: 1/1.
[2026-09-29 03:54:10Z INFO JobServerQueue] Try to append 1 batches web console lines for record '23a2bf63-58cf-4c6f-993c-ef861dd67178', success rate: 1/1.
[2026-09-29 03:54:10Z INFO JobServerQueue] Try to append 1 batches web console lines for record '23a2bf63-58cf-4c6f-993c-ef861dd67178', success rate: 1/1.
[2026-09-29 03:54:10Z INFO JobServerQueue] Try to append 1 batches web console lines for record '23a2bf63-58cf-4c6f-993c-ef861dd67178', success rate: 1/1.
[2026-09-29 03:54:11Z INFO JobServerQueue] Try to append 1 batches web console lines for record '23a2bf63-58cf-4c6f-993c-ef861dd67178', success rate: 1/1.
[2026-09-29 03:54:11Z INFO JobServerQueue] Try to append 1 batches web console lines for record '23a2bf63-58cf-4c6f-993c-ef861dd67178', success rate: 1/1.
[2026-09-29 03:54:11Z INFO JobServerQueue] Try to append 1 batches web console lines for record '23a2bf63-58cf-4c6f-993c-ef861dd67178', success rate: 1/1.
[2026-09-29 03:54:12Z INFO JobServerQueue] Try to append 1 batches web console lines for record '23a2bf63-58cf-4c6f-993c-ef861dd67178', success rate: 1/1.
[2026-09-29 03:54:12Z INFO JobServerQueue] Try to append 1 batches web console lines for record '23a2bf63-58cf-4c6f-993c-ef861dd67178', success rate: 1/1.
[2026-09-29 03:54:14Z INFO HostContext] Well known directory 'Bin': 'C:\Devops_training\DevOpsCICDProject\actions-runner\bin'
[2026-09-29 03:54:14Z INFO HostContext] Well known directory 'Root': 'C:\Devops_training\DevOpsCICDProject\actions-runner'
[2026-09-29 03:54:14Z INFO HostContext] Well known directory 'Work': 'C:\Devops_training\DevOpsCICDProject\actions-runner\_work'
[2026-09-29 03:54:15Z INFO JobServerQueue] Try to append 1 batches web console lines for record '23a2bf63-58cf-4c6f-993c-ef861dd67178', success rate: 1/1.
[2026-09-29 03:54:16Z INFO ProcessInvokerWrapper] STDOUT/STDERR stream read finished.
[2026-09-29 03:54:16Z INFO ProcessInvokerWrapper] STDOUT/STDERR stream read finished.
[2026-09-29 03:54:16Z INFO ProcessInvokerWrapper] Finished process 27168 with exit code 0, and elapsed time 00:00:08.3057563.
[2026-09-29 03:54:16Z INFO CreateStepSummaryCommand] Step Summary file (C:\Devops_training\DevOpsCICDProject\actions-runner\_work\_temp\_runner_file_commands\step_summary_4b495eb6-b0b8-4bdb-9e8b-710c8d90067a) is empty; skipping attachment upload
[2026-09-29 03:54:16Z INFO StepsRunner] Step result: 
[2026-09-29 03:54:16Z INFO ExecutionContext] Publish step telemetry for current step {
  "action": "powershell",
  "type": "run",
  "stage": "Main",
  "stepId": "23a2bf63-58cf-4c6f-993c-ef861dd67178",
  "stepContextName": "__run_4",
  "result": "succeeded",
  "errorMessages": [],
  "executionTimeInSeconds": 9,
  "startTime": "2026-09-29T03:54:07.7902435Z",
  "finishTime": "2026-09-29T03:54:16.2567854Z"
}.
[2026-09-29 03:54:16Z INFO StepsRunner] No need for updating job result with current step result 'Succeeded'.
[2026-09-29 03:54:16Z INFO StepsRunner] Current state: job state = ''
[2026-09-29 03:54:16Z INFO StepsRunner] Processing step: DisplayName='Deploy to Kubernetes'
[2026-09-29 03:54:16Z INFO StepsRunner] Evaluating: success()
[2026-09-29 03:54:16Z INFO StepsRunner] Result: true
[2026-09-29 03:54:16Z INFO StepsRunner] Starting the step.
[2026-09-29 03:54:16Z INFO HostContext] Well known directory 'Bin': 'C:\Devops_training\DevOpsCICDProject\actions-runner\bin'
[2026-09-29 03:54:16Z INFO HostContext] Well known directory 'Root': 'C:\Devops_training\DevOpsCICDProject\actions-runner'
[2026-09-29 03:54:16Z INFO HostContext] Well known directory 'Work': 'C:\Devops_training\DevOpsCICDProject\actions-runner\_work'
[2026-09-29 03:54:16Z INFO StepsRunner] Which2: 'chcp'
[2026-09-29 03:54:16Z INFO StepsRunner] Location: 'C:\windows\system32\chcp.COM'
[2026-09-29 03:54:16Z INFO ProcessInvokerWrapper] Starting process:
[2026-09-29 03:54:16Z INFO ProcessInvokerWrapper]   File name: 'C:\windows\system32\chcp.COM'
[2026-09-29 03:54:16Z INFO ProcessInvokerWrapper]   Arguments: '65001'
[2026-09-29 03:54:16Z INFO ProcessInvokerWrapper]   Working directory: 'C:\Devops_training\DevOpsCICDProject\actions-runner\_work'
[2026-09-29 03:54:16Z INFO ProcessInvokerWrapper]   Require exit code zero: 'False'
[2026-09-29 03:54:16Z INFO ProcessInvokerWrapper]   Encoding web name:  ; code page: ''
[2026-09-29 03:54:16Z INFO ProcessInvokerWrapper]   Force kill process on cancellation: 'False'
[2026-09-29 03:54:16Z INFO ProcessInvokerWrapper]   Redirected STDIN: 'False'
[2026-09-29 03:54:16Z INFO ProcessInvokerWrapper]   Persist current code page: 'True'
[2026-09-29 03:54:16Z INFO ProcessInvokerWrapper]   Keep redirected STDIN open: 'False'
[2026-09-29 03:54:16Z INFO ProcessInvokerWrapper]   High priority process: 'False'
[2026-09-29 03:54:16Z INFO ProcessInvokerWrapper] Process started with process id 18076, waiting for process exit.
[2026-09-29 03:54:16Z INFO ProcessInvokerWrapper] STDOUT/STDERR stream read finished.
[2026-09-29 03:54:16Z INFO ProcessInvokerWrapper] STDOUT/STDERR stream read finished.
[2026-09-29 03:54:16Z INFO ProcessInvokerWrapper] Finished process 18076 with exit code 0, and elapsed time 00:00:00.0434098.
[2026-09-29 03:54:16Z INFO StepsRunner] Successfully returned to code page 65001 (UTF8)
[2026-09-29 03:54:16Z INFO HostContext] Well known directory 'Bin': 'C:\Devops_training\DevOpsCICDProject\actions-runner\bin'
[2026-09-29 03:54:16Z INFO HostContext] Well known directory 'Root': 'C:\Devops_training\DevOpsCICDProject\actions-runner'
[2026-09-29 03:54:16Z INFO HostContext] Well known directory 'Work': 'C:\Devops_training\DevOpsCICDProject\actions-runner\_work'
[2026-09-29 03:54:16Z INFO HostContext] Well known directory 'Temp': 'C:\Devops_training\DevOpsCICDProject\actions-runner\_work\_temp'
[2026-09-29 03:54:16Z INFO ExecutionContext] Write event payload to C:\Devops_training\DevOpsCICDProject\actions-runner\_work\_temp\_github_workflow\event.json
[2026-09-29 03:54:16Z INFO HostContext] Well known directory 'Bin': 'C:\Devops_training\DevOpsCICDProject\actions-runner\bin'
[2026-09-29 03:54:16Z INFO HostContext] Well known directory 'Root': 'C:\Devops_training\DevOpsCICDProject\actions-runner'
[2026-09-29 03:54:16Z INFO HostContext] Well known directory 'Work': 'C:\Devops_training\DevOpsCICDProject\actions-runner\_work'
[2026-09-29 03:54:16Z INFO HostContext] Well known directory 'Temp': 'C:\Devops_training\DevOpsCICDProject\actions-runner\_work\_temp'
[2026-09-29 03:54:16Z INFO ExtensionManager] Getting extensions for interface: 'GitHub.Runner.Worker.IFileCommandExtension'
[2026-09-29 03:54:16Z INFO ExtensionManager] Getting extensions for interface: 'GitHub.Runner.Worker.IActionCommandExtension'
[2026-09-29 03:54:16Z INFO ActionCommandManager] Register action command extension for command internal-set-repo-path
[2026-09-29 03:54:16Z INFO ActionCommandManager] Register action command extension for command set-env
[2026-09-29 03:54:16Z INFO ActionCommandManager] Register action command extension for command set-output
[2026-09-29 03:54:16Z INFO ActionCommandManager] Register action command extension for command save-state
[2026-09-29 03:54:16Z INFO ActionCommandManager] Register action command extension for command add-path
[2026-09-29 03:54:16Z INFO ActionCommandManager] Register action command extension for command add-mask
[2026-09-29 03:54:16Z INFO ActionCommandManager] Register action command extension for command add-matcher
[2026-09-29 03:54:16Z INFO ActionCommandManager] Register action command extension for command remove-matcher
[2026-09-29 03:54:16Z INFO ActionCommandManager] Register action command extension for command warning
[2026-09-29 03:54:16Z INFO ActionCommandManager] Register action command extension for command error
[2026-09-29 03:54:16Z INFO ActionCommandManager] Register action command extension for command notice
[2026-09-29 03:54:16Z INFO ActionCommandManager] Register action command extension for command debug
[2026-09-29 03:54:16Z INFO ActionCommandManager] Register action command extension for command group
[2026-09-29 03:54:16Z INFO ActionCommandManager] Register action command extension for command endgroup
[2026-09-29 03:54:16Z INFO ActionCommandManager] Register action command extension for command echo
[2026-09-29 03:54:16Z INFO ScriptHandler] Which2: 'pwsh'
[2026-09-29 03:54:16Z INFO ScriptHandler] pwsh: command not found. Make sure 'pwsh' is installed and its location included in the 'Path' environment variable.
[2026-09-29 03:54:16Z INFO ScriptHandler] Defaulting to powershell
[2026-09-29 03:54:16Z INFO ScriptHandler] Which2: 'powershell'
[2026-09-29 03:54:16Z INFO ScriptHandler] Location: 'C:\windows\System32\WindowsPowerShell\v1.0\powershell.EXE'
[2026-09-29 03:54:16Z INFO HostContext] Well known directory 'Bin': 'C:\Devops_training\DevOpsCICDProject\actions-runner\bin'
[2026-09-29 03:54:16Z INFO HostContext] Well known directory 'Root': 'C:\Devops_training\DevOpsCICDProject\actions-runner'
[2026-09-29 03:54:16Z INFO HostContext] Well known directory 'Work': 'C:\Devops_training\DevOpsCICDProject\actions-runner\_work'
[2026-09-29 03:54:16Z INFO HostContext] Well known directory 'Temp': 'C:\Devops_training\DevOpsCICDProject\actions-runner\_work\_temp'
[2026-09-29 03:54:16Z INFO ScriptHandler] Which2: 'pwsh'
[2026-09-29 03:54:16Z INFO ScriptHandler] pwsh: command not found. Make sure 'pwsh' is installed and its location included in the 'Path' environment variable.
[2026-09-29 03:54:16Z INFO ScriptHandler] Defaulting to powershell
[2026-09-29 03:54:16Z INFO ScriptHandler] Which2: 'powershell'
[2026-09-29 03:54:16Z INFO ScriptHandler] Location: 'C:\windows\System32\WindowsPowerShell\v1.0\powershell.EXE'
[2026-09-29 03:54:16Z INFO ProcessInvokerWrapper] Starting process:
[2026-09-29 03:54:16Z INFO ProcessInvokerWrapper]   File name: 'C:\windows\System32\WindowsPowerShell\v1.0\powershell.EXE'
[2026-09-29 03:54:16Z INFO ProcessInvokerWrapper]   Arguments: '-command ". 'C:\Devops_training\DevOpsCICDProject\actions-runner\_work\_temp\1db17353-b41a-4cb0-a31a-e2188c93e08d.ps1'"'
[2026-09-29 03:54:16Z INFO ProcessInvokerWrapper]   Working directory: 'C:\Devops_training\DevOpsCICDProject\actions-runner\_work\DevOpsCICDProject\DevOpsCICDProject'
[2026-09-29 03:54:16Z INFO ProcessInvokerWrapper]   Require exit code zero: 'False'
[2026-09-29 03:54:16Z INFO ProcessInvokerWrapper]   Encoding web name:  ; code page: ''
[2026-09-29 03:54:16Z INFO ProcessInvokerWrapper]   Force kill process on cancellation: 'False'
[2026-09-29 03:54:16Z INFO ProcessInvokerWrapper]   Redirected STDIN: 'False'
[2026-09-29 03:54:16Z INFO ProcessInvokerWrapper]   Persist current code page: 'True'
[2026-09-29 03:54:16Z INFO ProcessInvokerWrapper]   Keep redirected STDIN open: 'False'
[2026-09-29 03:54:16Z INFO ProcessInvokerWrapper]   High priority process: 'False'
[2026-09-29 03:54:16Z INFO ProcessInvokerWrapper] Process started with process id 8000, waiting for process exit.
[2026-09-29 03:54:16Z INFO JobServerQueue] Try to append 1 batches web console lines for record '10003b6a-83da-4310-bc2e-50648729edfc', success rate: 1/1.
[2026-09-29 03:54:16Z INFO JobServerQueue] Try to upload 1 log files or attachments, success rate: 1/1.
[2026-09-29 03:54:17Z INFO JobServerQueue] Got a step log file to send to results service.
[2026-09-29 03:54:17Z INFO JobServerQueue] Starting upload of step log file to results service ResultsLog, C:\Devops_training\DevOpsCICDProject\actions-runner\_diag\blocks\8af33a91-a100-4821-8aef-643cfc5dbf25_23a2bf63-58cf-4c6f-993c-ef861dd67178.1
[2026-09-29 03:54:17Z INFO JobServerQueue] Tried to upload 1 file(s) to results, success rate: 1/1.
[2026-09-29 03:54:17Z INFO ProcessInvokerWrapper] STDOUT/STDERR stream read finished.
[2026-09-29 03:54:17Z INFO ProcessInvokerWrapper] STDOUT/STDERR stream read finished.
[2026-09-29 03:54:17Z INFO ProcessInvokerWrapper] Finished process 8000 with exit code 1, and elapsed time 00:00:01.5898820.
[2026-09-29 03:54:17Z INFO CreateStepSummaryCommand] Step Summary file (C:\Devops_training\DevOpsCICDProject\actions-runner\_work\_temp\_runner_file_commands\step_summary_5b66cc13-cbd3-4f8c-a4b8-96ffeb1802e1) is empty; skipping attachment upload
[2026-09-29 03:54:17Z INFO StepsRunner] Step result: Failed
[2026-09-29 03:54:17Z INFO ExecutionContext] Publish step telemetry for current step {
  "action": "powershell",
  "type": "run",
  "stage": "Main",
  "stepId": "10003b6a-83da-4310-bc2e-50648729edfc",
  "stepContextName": "__run_5",
  "result": "failed",
  "errorMessages": [
    "Process completed with exit code 1."
  ],
  "executionTimeInSeconds": 2,
  "startTime": "2026-09-29T03:54:16.2604235Z",
  "finishTime": "2026-09-29T03:54:17.9913687Z"
}.
[2026-09-29 03:54:17Z INFO StepsRunner] Update job result with current step result 'Failed'.
[2026-09-29 03:54:17Z INFO StepsRunner] Current state: job state = 'Failed'
[2026-09-29 03:54:17Z INFO StepsRunner] Processing step: DisplayName='Wait for Deployment'
[2026-09-29 03:54:17Z INFO StepsRunner] Evaluating: success()
[2026-09-29 03:54:17Z INFO StepsRunner] Result: false
[2026-09-29 03:54:17Z INFO StepsRunner] Skipping step due to condition evaluation.
[2026-09-29 03:54:17Z INFO StepsRunner] No need for updating job result with current step result 'Skipped'.
[2026-09-29 03:54:17Z INFO StepsRunner] Current state: job state = 'Failed'
[2026-09-29 03:54:17Z INFO StepsRunner] Processing step: DisplayName='Verify Kubernetes Deployment'
[2026-09-29 03:54:18Z INFO StepsRunner] Evaluating: success()
[2026-09-29 03:54:18Z INFO StepsRunner] Result: false
[2026-09-29 03:54:18Z INFO StepsRunner] Skipping step due to condition evaluation.
[2026-09-29 03:54:18Z INFO StepsRunner] No need for updating job result with current step result 'Skipped'.
[2026-09-29 03:54:18Z INFO StepsRunner] Current state: job state = 'Failed'
[2026-09-29 03:54:18Z INFO StepsRunner] Processing step: DisplayName='Post Checkout Code'
[2026-09-29 03:54:18Z INFO StepsRunner] Evaluating: always()
[2026-09-29 03:54:18Z INFO StepsRunner] Result: true
[2026-09-29 03:54:18Z INFO StepsRunner] Starting the step.
[2026-09-29 03:54:18Z INFO HostContext] Well known directory 'Bin': 'C:\Devops_training\DevOpsCICDProject\actions-runner\bin'
[2026-09-29 03:54:18Z INFO HostContext] Well known directory 'Root': 'C:\Devops_training\DevOpsCICDProject\actions-runner'
[2026-09-29 03:54:18Z INFO HostContext] Well known directory 'Work': 'C:\Devops_training\DevOpsCICDProject\actions-runner\_work'
[2026-09-29 03:54:18Z INFO StepsRunner] Which2: 'chcp'
[2026-09-29 03:54:18Z INFO StepsRunner] Location: 'C:\windows\system32\chcp.COM'
[2026-09-29 03:54:18Z INFO ProcessInvokerWrapper] Starting process:
[2026-09-29 03:54:18Z INFO ProcessInvokerWrapper]   File name: 'C:\windows\system32\chcp.COM'
[2026-09-29 03:54:18Z INFO ProcessInvokerWrapper]   Arguments: '65001'
[2026-09-29 03:54:18Z INFO ProcessInvokerWrapper]   Working directory: 'C:\Devops_training\DevOpsCICDProject\actions-runner\_work'
[2026-09-29 03:54:18Z INFO ProcessInvokerWrapper]   Require exit code zero: 'False'
[2026-09-29 03:54:18Z INFO ProcessInvokerWrapper]   Encoding web name:  ; code page: ''
[2026-09-29 03:54:18Z INFO ProcessInvokerWrapper]   Force kill process on cancellation: 'False'
[2026-09-29 03:54:18Z INFO ProcessInvokerWrapper]   Redirected STDIN: 'False'
[2026-09-29 03:54:18Z INFO ProcessInvokerWrapper]   Persist current code page: 'True'
[2026-09-29 03:54:18Z INFO ProcessInvokerWrapper]   Keep redirected STDIN open: 'False'
[2026-09-29 03:54:18Z INFO ProcessInvokerWrapper]   High priority process: 'False'
[2026-09-29 03:54:18Z INFO ProcessInvokerWrapper] Process started with process id 27884, waiting for process exit.
[2026-09-29 03:54:18Z INFO ProcessInvokerWrapper] STDOUT/STDERR stream read finished.
[2026-09-29 03:54:18Z INFO ProcessInvokerWrapper] STDOUT/STDERR stream read finished.
[2026-09-29 03:54:18Z INFO ProcessInvokerWrapper] Finished process 27884 with exit code 0, and elapsed time 00:00:00.0197751.
[2026-09-29 03:54:18Z INFO StepsRunner] Successfully returned to code page 65001 (UTF8)
[2026-09-29 03:54:18Z INFO HostContext] Well known directory 'Bin': 'C:\Devops_training\DevOpsCICDProject\actions-runner\bin'
[2026-09-29 03:54:18Z INFO HostContext] Well known directory 'Root': 'C:\Devops_training\DevOpsCICDProject\actions-runner'
[2026-09-29 03:54:18Z INFO HostContext] Well known directory 'Work': 'C:\Devops_training\DevOpsCICDProject\actions-runner\_work'
[2026-09-29 03:54:18Z INFO HostContext] Well known directory 'Actions': 'C:\Devops_training\DevOpsCICDProject\actions-runner\_work\_actions'
[2026-09-29 03:54:18Z INFO ActionManager] Load action that reference repository from 'C:\Devops_training\DevOpsCICDProject\actions-runner\_work\_actions\actions\checkout\v4'
[2026-09-29 03:54:18Z INFO HostContext] Well known directory 'Bin': 'C:\Devops_training\DevOpsCICDProject\actions-runner\bin'
[2026-09-29 03:54:18Z INFO HostContext] Well known directory 'Root': 'C:\Devops_training\DevOpsCICDProject\actions-runner'
[2026-09-29 03:54:18Z INFO HostContext] Well known directory 'Work': 'C:\Devops_training\DevOpsCICDProject\actions-runner\_work'
[2026-09-29 03:54:18Z INFO HostContext] Well known directory 'Actions': 'C:\Devops_training\DevOpsCICDProject\actions-runner\_work\_actions'
[2026-09-29 03:54:18Z INFO ActionManifestManagerLegacy] Loaded action.yml file: {
  "name": "Checkout",
  "description": "Checkout a Git repository at a particular version",
  "inputs": {
    "type": 2,
    "map": [
      {
        "key": {
          "type": 0,
          "file": 2,
          "line": 4,
          "col": 3,
          "lit": "repository"
        },
        "value": {
          "type": 3,
          "file": 2,
          "line": 6,
          "col": 14,
          "expr": "github.repository"
        }
      },
      {
        "key": {
          "type": 0,
          "file": 2,
          "line": 7,
          "col": 3,
          "lit": "ref"
        },
        "value": ""
      },
      {
        "key": {
          "type": 0,
          "file": 2,
          "line": 12,
          "col": 3,
          "lit": "token"
        },
        "value": {
          "type": 3,
          "file": 2,
          "line": 24,
          "col": 14,
          "expr": "github.token"
        }
      },
      {
        "key": {
          "type": 0,
          "file": 2,
          "line": 25,
          "col": 3,
          "lit": "ssh-key"
        },
        "value": ""
      },
      {
        "key": {
          "type": 0,
          "file": 2,
          "line": 37,
          "col": 3,
          "lit": "ssh-known-hosts"
        },
        "value": ""
      },
      {
        "key": {
          "type": 0,
          "file": 2,
          "line": 42,
          "col": 3,
          "lit": "ssh-strict"
        },
        "value": {
          "type": 0,
          "file": 2,
          "line": 47,
          "col": 14,
          "lit": "true"
        }
      },
      {
        "key": {
          "type": 0,
          "file": 2,
          "line": 48,
          "col": 3,
          "lit": "ssh-user"
        },
        "value": {
          "type": 0,
          "file": 2,
          "line": 51,
          "col": 14,
          "lit": "git"
        }
      },
      {
        "key": {
          "type": 0,
          "file": 2,
          "line": 52,
          "col": 3,
          "lit": "persist-credentials"
        },
        "value": {
          "type": 0,
          "file": 2,
          "line": 54,
          "col": 14,
          "lit": "true"
        }
      },
      {
        "key": {
          "type": 0,
          "file": 2,
          "line": 55,
          "col": 3,
          "lit": "path"
        },
        "value": ""
      },
      {
        "key": {
          "type": 0,
          "file": 2,
          "line": 57,
          "col": 3,
          "lit": "clean"
        },
        "value": {
          "type": 0,
          "file": 2,
          "line": 59,
          "col": 14,
          "lit": "true"
        }
      },
      {
        "key": {
          "type": 0,
          "file": 2,
          "line": 60,
          "col": 3,
          "lit": "filter"
        },
        "value": {
          "type": 0,
          "file": 2,
          "line": 64,
          "col": 14,
          "lit": ""
        }
      },
      {
        "key": {
          "type": 0,
          "file": 2,
          "line": 65,
          "col": 3,
          "lit": "sparse-checkout"
        },
        "value": {
          "type": 0,
          "file": 2,
          "line": 69,
          "col": 14,
          "lit": ""
        }
      },
      {
        "key": {
          "type": 0,
          "file": 2,
          "line": 70,
          "col": 3,
          "lit": "sparse-checkout-cone-mode"
        },
        "value": {
          "type": 0,
          "file": 2,
          "line": 73,
          "col": 14,
          "lit": "true"
        }
      },
      {
        "key": {
          "type": 0,
          "file": 2,
          "line": 74,
          "col": 3,
          "lit": "fetch-depth"
        },
        "value": {
          "type": 0,
          "file": 2,
          "line": 76,
          "col": 14,
          "lit": "1"
        }
      },
      {
        "key": {
          "type": 0,
          "file": 2,
          "line": 77,
          "col": 3,
          "lit": "fetch-tags"
        },
        "value": {
          "type": 0,
          "file": 2,
          "line": 79,
          "col": 14,
          "lit": "false"
        }
      },
      {
        "key": {
          "type": 0,
          "file": 2,
          "line": 80,
          "col": 3,
          "lit": "show-progress"
        },
        "value": {
          "type": 0,
          "file": 2,
          "line": 82,
          "col": 14,
          "lit": "true"
        }
      },
      {
        "key": {
          "type": 0,
          "file": 2,
          "line": 83,
          "col": 3,
          "lit": "lfs"
        },
        "value": {
          "type": 0,
          "file": 2,
          "line": 85,
          "col": 14,
          "lit": "false"
        }
      },
      {
        "key": {
          "type": 0,
          "file": 2,
          "line": 86,
          "col": 3,
          "lit": "submodules"
        },
        "value": {
          "type": 0,
          "file": 2,
          "line": 94,
          "col": 14,
          "lit": "false"
        }
      },
      {
        "key": {
          "type": 0,
          "file": 2,
          "line": 95,
          "col": 3,
          "lit": "set-safe-directory"
        },
        "value": {
          "type": 0,
          "file": 2,
          "line": 97,
          "col": 14,
          "lit": "true"
        }
      },
      {
        "key": {
          "type": 0,
          "file": 2,
          "line": 98,
          "col": 3,
          "lit": "github-server-url"
        },
        "value": ""
      },
      {
        "key": {
          "type": 0,
          "file": 2,
          "line": 101,
          "col": 3,
          "lit": "allow-unsafe-pr-checkout"
        },
        "value": {
          "type": 0,
          "file": 2,
          "line": 109,
          "col": 14,
          "lit": "false"
        }
      }
    ]
  },
  "execution": {
    "executionType": "nodeJS",
    "hasPre": false,
    "hasPost": true,
    "script": "dist/index.js",
    "pre": null,
    "post": "dist/index.js",
    "nodeVersion": "node20",
    "cleanupCondition": "always()",
    "initCondition": "always()"
  },
  "deprecated": null
}
[2026-09-29 03:54:18Z INFO ActionManager] Action pre node.js file: N/A.
[2026-09-29 03:54:18Z INFO ActionManager] Action node.js file: dist/index.js.
[2026-09-29 03:54:18Z INFO ActionManager] Action post node.js file: dist/index.js.
[2026-09-29 03:54:18Z INFO HostContext] Well known directory 'Bin': 'C:\Devops_training\DevOpsCICDProject\actions-runner\bin'
[2026-09-29 03:54:18Z INFO HostContext] Well known directory 'Root': 'C:\Devops_training\DevOpsCICDProject\actions-runner'
[2026-09-29 03:54:18Z INFO HostContext] Well known directory 'Work': 'C:\Devops_training\DevOpsCICDProject\actions-runner\_work'
[2026-09-29 03:54:18Z INFO HostContext] Well known directory 'Temp': 'C:\Devops_training\DevOpsCICDProject\actions-runner\_work\_temp'
[2026-09-29 03:54:18Z INFO ExecutionContext] Write event payload to C:\Devops_training\DevOpsCICDProject\actions-runner\_work\_temp\_github_workflow\event.json
[2026-09-29 03:54:18Z INFO HostContext] Well known directory 'Bin': 'C:\Devops_training\DevOpsCICDProject\actions-runner\bin'
[2026-09-29 03:54:18Z INFO HostContext] Well known directory 'Root': 'C:\Devops_training\DevOpsCICDProject\actions-runner'
[2026-09-29 03:54:18Z INFO HostContext] Well known directory 'Work': 'C:\Devops_training\DevOpsCICDProject\actions-runner\_work'
[2026-09-29 03:54:18Z INFO JobServerQueue] Try to append 1 batches web console lines for record '10003b6a-83da-4310-bc2e-50648729edfc', success rate: 1/1.
[2026-09-29 03:54:18Z INFO HostContext] Well known directory 'Temp': 'C:\Devops_training\DevOpsCICDProject\actions-runner\_work\_temp'
[2026-09-29 03:54:18Z INFO ExtensionManager] Getting extensions for interface: 'GitHub.Runner.Worker.IFileCommandExtension'
[2026-09-29 03:54:18Z INFO ActionManifestManagerLegacy] Input 'repository': default value evaluate result: {
  "type": 0,
  "file": 2,
  "line": 6,
  "col": 14,
  "lit": "Prabhatkumarkhemariya/DevOpsCICDProject"
}
[2026-09-29 03:54:18Z INFO ActionManifestManagerLegacy] Input 'ref': default value evaluate result: ""
[2026-09-29 03:54:18Z INFO ActionManifestManagerLegacy] Input 'token': default value evaluate result: {
  "type": 0,
  "file": 2,
  "line": 24,
  "col": 14,
  "lit": "***"
}
[2026-09-29 03:54:18Z INFO ActionManifestManagerLegacy] Input 'ssh-key': default value evaluate result: ""
[2026-09-29 03:54:18Z INFO ActionManifestManagerLegacy] Input 'ssh-known-hosts': default value evaluate result: ""
[2026-09-29 03:54:18Z INFO ActionManifestManagerLegacy] Input 'ssh-strict': default value evaluate result: {
  "type": 0,
  "file": 2,
  "line": 47,
  "col": 14,
  "lit": "true"
}
[2026-09-29 03:54:18Z INFO ActionManifestManagerLegacy] Input 'ssh-user': default value evaluate result: {
  "type": 0,
  "file": 2,
  "line": 51,
  "col": 14,
  "lit": "git"
}
[2026-09-29 03:54:18Z INFO ActionManifestManagerLegacy] Input 'persist-credentials': default value evaluate result: {
  "type": 0,
  "file": 2,
  "line": 54,
  "col": 14,
  "lit": "true"
}
[2026-09-29 03:54:18Z INFO ActionManifestManagerLegacy] Input 'path': default value evaluate result: ""
[2026-09-29 03:54:18Z INFO ActionManifestManagerLegacy] Input 'clean': default value evaluate result: {
  "type": 0,
  "file": 2,
  "line": 59,
  "col": 14,
  "lit": "true"
}
[2026-09-29 03:54:18Z INFO ActionManifestManagerLegacy] Input 'filter': default value evaluate result: {
  "type": 0,
  "file": 2,
  "line": 64,
  "col": 14,
  "lit": ""
}
[2026-09-29 03:54:18Z INFO ActionManifestManagerLegacy] Input 'sparse-checkout': default value evaluate result: {
  "type": 0,
  "file": 2,
  "line": 69,
  "col": 14,
  "lit": ""
}
[2026-09-29 03:54:18Z INFO ActionManifestManagerLegacy] Input 'sparse-checkout-cone-mode': default value evaluate result: {
  "type": 0,
  "file": 2,
  "line": 73,
  "col": 14,
  "lit": "true"
}
[2026-09-29 03:54:18Z INFO ActionManifestManagerLegacy] Input 'fetch-depth': default value evaluate result: {
  "type": 0,
  "file": 2,
  "line": 76,
  "col": 14,
  "lit": "1"
}
[2026-09-29 03:54:18Z INFO ActionManifestManagerLegacy] Input 'fetch-tags': default value evaluate result: {
  "type": 0,
  "file": 2,
  "line": 79,
  "col": 14,
  "lit": "false"
}
[2026-09-29 03:54:18Z INFO ActionManifestManagerLegacy] Input 'show-progress': default value evaluate result: {
  "type": 0,
  "file": 2,
  "line": 82,
  "col": 14,
  "lit": "true"
}
[2026-09-29 03:54:18Z INFO ActionManifestManagerLegacy] Input 'lfs': default value evaluate result: {
  "type": 0,
  "file": 2,
  "line": 85,
  "col": 14,
  "lit": "false"
}
[2026-09-29 03:54:18Z INFO ActionManifestManagerLegacy] Input 'submodules': default value evaluate result: {
  "type": 0,
  "file": 2,
  "line": 94,
  "col": 14,
  "lit": "false"
}
[2026-09-29 03:54:18Z INFO ActionManifestManagerLegacy] Input 'set-safe-directory': default value evaluate result: {
  "type": 0,
  "file": 2,
  "line": 97,
  "col": 14,
  "lit": "true"
}
[2026-09-29 03:54:18Z INFO ActionManifestManagerLegacy] Input 'github-server-url': default value evaluate result: ""
[2026-09-29 03:54:18Z INFO ActionManifestManagerLegacy] Input 'allow-unsafe-pr-checkout': default value evaluate result: {
  "type": 0,
  "file": 2,
  "line": 109,
  "col": 14,
  "lit": "false"
}
[2026-09-29 03:54:18Z INFO ExtensionManager] Getting extensions for interface: 'GitHub.Runner.Worker.IActionCommandExtension'
[2026-09-29 03:54:18Z INFO ActionCommandManager] Register action command extension for command internal-set-repo-path
[2026-09-29 03:54:18Z INFO ActionCommandManager] Register action command extension for command set-env
[2026-09-29 03:54:18Z INFO ActionCommandManager] Register action command extension for command set-output
[2026-09-29 03:54:18Z INFO ActionCommandManager] Register action command extension for command save-state
[2026-09-29 03:54:18Z INFO ActionCommandManager] Register action command extension for command add-path
[2026-09-29 03:54:18Z INFO ActionCommandManager] Register action command extension for command add-mask
[2026-09-29 03:54:18Z INFO ActionCommandManager] Register action command extension for command add-matcher
[2026-09-29 03:54:18Z INFO ActionCommandManager] Register action command extension for command remove-matcher
[2026-09-29 03:54:18Z INFO ActionCommandManager] Register action command extension for command warning
[2026-09-29 03:54:18Z INFO ActionCommandManager] Register action command extension for command error
[2026-09-29 03:54:18Z INFO ActionCommandManager] Register action command extension for command notice
[2026-09-29 03:54:18Z INFO ActionCommandManager] Register action command extension for command debug
[2026-09-29 03:54:18Z INFO ActionCommandManager] Register action command extension for command group
[2026-09-29 03:54:18Z INFO ActionCommandManager] Register action command extension for command endgroup
[2026-09-29 03:54:18Z INFO ActionCommandManager] Register action command extension for command echo
[2026-09-29 03:54:18Z INFO HostContext] Well known directory 'Bin': 'C:\Devops_training\DevOpsCICDProject\actions-runner\bin'
[2026-09-29 03:54:18Z INFO HostContext] Well known directory 'Root': 'C:\Devops_training\DevOpsCICDProject\actions-runner'
[2026-09-29 03:54:18Z INFO HostContext] Well known directory 'Externals': 'C:\Devops_training\DevOpsCICDProject\actions-runner\externals'
[2026-09-29 03:54:18Z INFO ProcessInvokerWrapper] Starting process:
[2026-09-29 03:54:18Z INFO ProcessInvokerWrapper]   File name: 'C:\Devops_training\DevOpsCICDProject\actions-runner\externals\node24\bin\node.exe'
[2026-09-29 03:54:18Z INFO ProcessInvokerWrapper]   Arguments: '"C:\Devops_training\DevOpsCICDProject\actions-runner\_work\_actions\actions\checkout\v4\dist/index.js"'
[2026-09-29 03:54:18Z INFO ProcessInvokerWrapper]   Working directory: 'C:\Devops_training\DevOpsCICDProject\actions-runner\_work\DevOpsCICDProject\DevOpsCICDProject'
[2026-09-29 03:54:18Z INFO ProcessInvokerWrapper]   Require exit code zero: 'False'
[2026-09-29 03:54:18Z INFO ProcessInvokerWrapper]   Encoding web name: utf-8 ; code page: '65001'
[2026-09-29 03:54:18Z INFO ProcessInvokerWrapper]   Force kill process on cancellation: 'False'
[2026-09-29 03:54:18Z INFO ProcessInvokerWrapper]   Redirected STDIN: 'False'
[2026-09-29 03:54:18Z INFO ProcessInvokerWrapper]   Persist current code page: 'True'
[2026-09-29 03:54:18Z INFO ProcessInvokerWrapper]   Keep redirected STDIN open: 'False'
[2026-09-29 03:54:18Z INFO ProcessInvokerWrapper]   High priority process: 'False'
[2026-09-29 03:54:18Z INFO ProcessInvokerWrapper] Process started with process id 29128, waiting for process exit.
[2026-09-29 03:54:18Z INFO JobServerQueue] Try to append 1 batches web console lines for record '43ffccfd-20c2-48fc-994d-c58d5ebfabac', success rate: 1/1.
[2026-09-29 03:54:18Z INFO AddMaskCommandExtension] Add new secret mask with length of 32
[2026-09-29 03:54:18Z INFO JobServerQueue] Try to append 1 batches web console lines for record '43ffccfd-20c2-48fc-994d-c58d5ebfabac', success rate: 1/1.
[2026-09-29 03:54:18Z INFO JobServerQueue] Try to append 1 batches web console lines for record '43ffccfd-20c2-48fc-994d-c58d5ebfabac', success rate: 1/1.
[2026-09-29 03:54:18Z INFO JobServerQueue] Try to upload 1 log files or attachments, success rate: 1/1.
[2026-09-29 03:54:18Z INFO JobServerQueue] Got a step log file to send to results service.
[2026-09-29 03:54:18Z INFO JobServerQueue] Starting upload of step log file to results service ResultsLog, C:\Devops_training\DevOpsCICDProject\actions-runner\_diag\blocks\8af33a91-a100-4821-8aef-643cfc5dbf25_10003b6a-83da-4310-bc2e-50648729edfc.1
[2026-09-29 03:54:19Z INFO JobServerQueue] Tried to upload 1 file(s) to results, success rate: 1/1.
[2026-09-29 03:54:20Z INFO JobServerQueue] Try to append 1 batches web console lines for record '43ffccfd-20c2-48fc-994d-c58d5ebfabac', success rate: 1/1.
[2026-09-29 03:54:22Z INFO JobServerQueue] Try to append 1 batches web console lines for record '43ffccfd-20c2-48fc-994d-c58d5ebfabac', success rate: 1/1.
[2026-09-29 03:54:23Z INFO ProcessInvokerWrapper] STDOUT/STDERR stream read finished.
[2026-09-29 03:54:23Z INFO ProcessInvokerWrapper] STDOUT/STDERR stream read finished.
[2026-09-29 03:54:23Z INFO ProcessInvokerWrapper] Finished process 29128 with exit code 0, and elapsed time 00:00:05.2968532.
[2026-09-29 03:54:23Z INFO CreateStepSummaryCommand] Step Summary file (C:\Devops_training\DevOpsCICDProject\actions-runner\_work\_temp\_runner_file_commands\step_summary_daed8a82-e2a3-4776-a364-812388796d62) is empty; skipping attachment upload
[2026-09-29 03:54:23Z INFO StepsRunner] Step result: 
[2026-09-29 03:54:23Z INFO ExecutionContext] Publish step telemetry for current step {
  "action": "actions/checkout",
  "ref": "v4",
  "type": "node24",
  "stage": "Post",
  "stepId": "43ffccfd-20c2-48fc-994d-c58d5ebfabac",
  "result": "succeeded",
  "errorMessages": [],
  "executionTimeInSeconds": 6,
  "startTime": "2026-09-29T03:54:18.0069603Z",
  "finishTime": "2026-09-29T03:54:23.4403779Z"
}.
[2026-09-29 03:54:23Z INFO StepsRunner] No need for updating job result with current step result 'Succeeded'.
[2026-09-29 03:54:23Z INFO StepsRunner] Current state: job state = 'Failed'
[2026-09-29 03:54:23Z INFO JobRunner] Finalize job.
[2026-09-29 03:54:23Z INFO HostContext] Well known directory 'Bin': 'C:\Devops_training\DevOpsCICDProject\actions-runner\bin'
[2026-09-29 03:54:23Z INFO HostContext] Well known directory 'Root': 'C:\Devops_training\DevOpsCICDProject\actions-runner'
[2026-09-29 03:54:23Z INFO HostContext] Well known directory 'Diag': 'C:\Devops_training\DevOpsCICDProject\actions-runner\_diag'
[2026-09-29 03:54:23Z INFO HostContext] Well known directory 'Bin': 'C:\Devops_training\DevOpsCICDProject\actions-runner\bin'
[2026-09-29 03:54:23Z INFO HostContext] Well known directory 'Root': 'C:\Devops_training\DevOpsCICDProject\actions-runner'
[2026-09-29 03:54:23Z INFO HostContext] Well known directory 'Diag': 'C:\Devops_training\DevOpsCICDProject\actions-runner\_diag'
[2026-09-29 03:54:23Z INFO JobExtension] Initialize Env context
[2026-09-29 03:54:23Z INFO JobExtension] Initialize steps context
[2026-09-29 03:54:23Z INFO JobExtension] Total accessible running process: 347.
[2026-09-29 03:54:23Z INFO JobExtension] Inspecting process environment variables. PID: 31368 (SearchProtocolHost)
[2026-09-29 03:54:23Z WARN JobExtension] Ignore exception during read process environment variables: Access is denied.
[2026-09-29 03:54:23Z INFO JobExtension] Wait for all connectivity checks to finish.
[2026-09-29 03:54:23Z INFO JobExtension] Connectivity check result: {
  "endpointUrl": "https://broker.actions.githubusercontent.com/health",
  "endpointIPs": null,
  "startTime": "2026-09-29T03:53:44.9607289Z",
  "statusCode": "http_OK",
  "requestId": "7894:83F22:54F8B4:58CDF6:6ABB3649",
  "httpRequestDurationInMs": 829,
  "dnsResolutionDurationInMs": 0,
  "dnsError": null
}
[2026-09-29 03:54:23Z INFO JobExtension] Connectivity check result: {
  "endpointUrl": "https://token.actions.githubusercontent.com/ready",
  "endpointIPs": null,
  "startTime": "2026-09-29T03:53:44.9623001Z",
  "statusCode": "http_NoContent",
  "requestId": "46ED:28E3F0:6C003F:87B12D:6ABB3649",
  "httpRequestDurationInMs": 870,
  "dnsResolutionDurationInMs": 0,
  "dnsError": null
}
[2026-09-29 03:54:23Z INFO JobExtension] Connectivity check result: {
  "endpointUrl": "https://run.actions.githubusercontent.com/health",
  "endpointIPs": null,
  "startTime": "2026-09-29T03:53:44.9627939Z",
  "statusCode": "http_OK",
  "requestId": "6720:32321C:539EDB:5773BF:6ABB3649",
  "httpRequestDurationInMs": 721,
  "dnsResolutionDurationInMs": 0,
  "dnsError": null
}
[2026-09-29 03:54:23Z INFO ExecutionContext] Publish step telemetry for current step {
  "action": "complete_job",
  "type": "runner",
  "stage": "Post",
  "stepId": "3d3f6917-fc6f-4ab2-9dc4-134ea42a0ad9",
  "result": "succeeded",
  "errorMessages": [
    "Node.js 20 is deprecated. The following actions target Node.js 20 but are being forced to run on Node.js 24: actions/checkout@v4. For more information see: https://github.blog/changelog/2025-09-19-deprecation-of-node-20-on-github-actions-runners/"
  ],
  "executionTimeInSeconds": 1,
  "startTime": "2026-09-29T03:54:23.4656778Z",
  "finishTime": "2026-09-29T03:54:23.5599908Z"
}.
[2026-09-29 03:54:23Z INFO JobRunner] Job result after all job steps finish: Failed
[2026-09-29 03:54:23Z INFO JobRunner] Completing the job execution context.
[2026-09-29 03:54:23Z INFO JobRunner] Shutting down the job server queue.
[2026-09-29 03:54:23Z INFO JobServerQueue] Fire signal to shutdown all queues.
[2026-09-29 03:54:23Z INFO JobServerQueue] All queue process task stopped.
[2026-09-29 03:54:23Z INFO JobServerQueue] Try to append 1 batches web console lines for record '3d3f6917-fc6f-4ab2-9dc4-134ea42a0ad9', success rate: 1/1.
[2026-09-29 03:54:23Z INFO JobServerQueue] Web console line queue drained.
[2026-09-29 03:54:23Z INFO JobServerQueue] Uploading 3 files in one shot.
[2026-09-29 03:54:23Z INFO JobServerQueue] Try to upload 3 log files or attachments, success rate: 3/3.
[2026-09-29 03:54:23Z INFO JobServerQueue] File upload queue drained.
[2026-09-29 03:54:23Z INFO JobServerQueue] Starting results-based upload queue...
[2026-09-29 03:54:23Z INFO JobServerQueue] Uploading 3 file(s) in one shot through results service.
[2026-09-29 03:54:23Z INFO JobServerQueue] Got a step log file to send to results service.
[2026-09-29 03:54:23Z INFO JobServerQueue] Starting upload of step log file to results service ResultsLog, C:\Devops_training\DevOpsCICDProject\actions-runner\_diag\blocks\8af33a91-a100-4821-8aef-643cfc5dbf25_43ffccfd-20c2-48fc-994d-c58d5ebfabac.1
[2026-09-29 03:54:24Z INFO JobServerQueue] Got a step log file to send to results service.
[2026-09-29 03:54:24Z INFO JobServerQueue] Starting upload of step log file to results service ResultsLog, C:\Devops_training\DevOpsCICDProject\actions-runner\_diag\blocks\8af33a91-a100-4821-8aef-643cfc5dbf25_3d3f6917-fc6f-4ab2-9dc4-134ea42a0ad9.1
[2026-09-29 03:54:26Z INFO JobServerQueue] Got a job log file to send to results service.
[2026-09-29 03:54:26Z INFO JobServerQueue] Starting upload of job log file to results service ResultsLog, C:\Devops_training\DevOpsCICDProject\actions-runner\_diag\blocks\8af33a91-a100-4821-8aef-643cfc5dbf25_e9249a67-f5b9-5f11-abaa-729fa1218a99.1
[2026-09-29 03:54:27Z INFO JobServerQueue] Tried to upload 3 file(s) to results, success rate: 3/3.
[2026-09-29 03:54:27Z INFO JobServerQueue] Results upload queue drained.
[2026-09-29 03:54:27Z INFO JobServerQueue] Timeline update queue drained.
[2026-09-29 03:54:27Z INFO JobServerQueue] Disposing job server ...
[2026-09-29 03:54:27Z INFO JobServerQueue] Disposing results server ...
[2026-09-29 03:54:27Z INFO JobServerQueue] All queue process tasks have been stopped, and all queues are drained.
[2026-09-29 03:54:27Z INFO TempDirectoryManager] Cleaning runner temp folder: C:\Devops_training\DevOpsCICDProject\actions-runner\_work\_temp
[2026-09-29 03:54:27Z INFO HostContext] Well known directory 'Bin': 'C:\Devops_training\DevOpsCICDProject\actions-runner\bin'
[2026-09-29 03:54:27Z INFO HostContext] Well known directory 'Root': 'C:\Devops_training\DevOpsCICDProject\actions-runner'
[2026-09-29 03:54:27Z INFO HostContext] Well known directory 'Diag': 'C:\Devops_training\DevOpsCICDProject\actions-runner\_diag'
[2026-09-29 03:54:27Z INFO HostContext] Well known config file 'Telemetry': 'C:\Devops_training\DevOpsCICDProject\actions-runner\_diag\.telemetry'
[2026-09-29 03:54:27Z INFO JobRunner] Raising job completed against run service
[2026-09-29 03:54:28Z INFO Worker] Job completed.
