[2026-09-29 03:01:55Z INFO HostContext] No proxy settings were found based on environmental variables (http_proxy/https_proxy/HTTP_PROXY/HTTPS_PROXY)
[2026-09-29 03:01:55Z INFO HostContext] Well known directory 'Bin': 'C:\Devops_training\DevOpsCICDProject\actions-runner\bin'
[2026-09-29 03:01:55Z INFO HostContext] Well known directory 'Root': 'C:\Devops_training\DevOpsCICDProject\actions-runner'
[2026-09-29 03:01:55Z INFO HostContext] Well known config file 'Credentials': 'C:\Devops_training\DevOpsCICDProject\actions-runner\.credentials'
[2026-09-29 03:01:55Z INFO HostContext] Well known directory 'Bin': 'C:\Devops_training\DevOpsCICDProject\actions-runner\bin'
[2026-09-29 03:01:55Z INFO HostContext] Well known directory 'Root': 'C:\Devops_training\DevOpsCICDProject\actions-runner'
[2026-09-29 03:01:55Z INFO HostContext] Well known config file 'Runner': 'C:\Devops_training\DevOpsCICDProject\actions-runner\.runner'
[2026-09-29 03:01:55Z INFO Worker] Version: 2.337.0
[2026-09-29 03:01:55Z INFO Worker] Commit: 397b032cbf865e9c3ddfab89d533ec19325e1273
[2026-09-29 03:01:55Z INFO Worker] Culture: en-IN
[2026-09-29 03:01:55Z INFO Worker] UI Culture: en-US
[2026-09-29 03:01:55Z INFO Worker] Waiting to receive the job message from the channel.
[2026-09-29 03:01:55Z INFO ProcessChannel] Receiving message of length 25502, with hash 'fd35db9e4514efd82442cc15af2586072a857850daeb892fdfe06d7b19dc93b9'
[2026-09-29 03:01:55Z INFO Worker] Message received.
[2026-09-29 03:01:55Z INFO Worker] Job message:
 {
  "fileTable": [
    ".github/workflows/pipeline.yaml"
  ],
  "mask": [
    {
      "type": "regex",
      "value": "***"
    },
    {
      "type": "regex",
      "value": "***"
    },
    {
      "type": "regex",
      "value": "***"
    },
    {
      "type": "regex",
      "value": "***"
    },
    {
      "type": "regex",
      "value": "***"
    },
    {
      "type": "regex",
      "value": "***"
    },
    {
      "type": "regex",
      "value": "***"
    },
    {
      "type": "regex",
      "value": "***"
    },
    {
      "type": "regex",
      "value": "***"
    },
    {
      "type": "regex",
      "value": "***"
    },
    {
      "type": "regex",
      "value": "***"
    },
    {
      "type": "regex",
      "value": "***"
    },
    {
      "type": "regex",
      "value": "***"
    },
    {
      "type": "regex",
      "value": "***"
    },
    {
      "type": "regex",
      "value": "***"
    },
    {
      "type": "regex",
      "value": "***"
    },
    {
      "type": "regex",
      "value": "***"
    },
    {
      "type": "regex",
      "value": "***"
    },
    {
      "type": "regex",
      "value": "***"
    },
    {
      "type": "regex",
      "value": "***"
    },
    {
      "type": "regex",
      "value": "***"
    },
    {
      "type": "regex",
      "value": "***"
    },
    {
      "type": "regex",
      "value": "***"
    },
    {
      "type": "regex",
      "value": "***"
    }
  ],
  "steps": [
    {
      "type": "action",
      "reference": {
        "type": "repository",
        "name": "actions/checkout",
        "ref": "v4",
        "repositoryType": "GitHub"
      },
      "displayNameToken": {
        "type": 0,
        "file": 1,
        "line": 14,
        "col": 15,
        "lit": "Checkout Code"
      },
      "contextName": "__actions_checkout",
      "condition": "success()",
      "id": "54715c97-f6b3-4577-8c88-29d711fc6671",
      "name": "__actions_checkout"
    },
    {
      "type": "action",
      "reference": {
        "type": "script"
      },
      "displayNameToken": {
        "type": 0,
        "file": 1,
        "line": 18,
        "col": 15,
        "lit": "Docker Login"
      },
      "contextName": "__run",
      "inputs": {
        "type": 2,
        "map": [
          {
            "key": "script",
            "value": {
              "type": 0,
              "file": 1,
              "line": 19,
              "col": 14,
              "lit": "docker login -u \"praabhatkumar1991\" -p \"dckr_pat_6hL-lfY6ShrtoHbO8gCSj1GmeSg\""
            }
          }
        ]
      },
      "condition": "success()",
      "id": "79a49e5d-20e0-4275-9caa-86f7a3ef413a",
      "name": "__run"
    },
    {
      "type": "action",
      "reference": {
        "type": "script"
      },
      "displayNameToken": {
        "type": 0,
        "file": 1,
        "line": 22,
        "col": 15,
        "lit": "Build Docker Image"
      },
      "contextName": "__run_2",
      "inputs": {
        "type": 2,
        "map": [
          {
            "key": "script",
            "value": {
              "type": 3,
              "file": 1,
              "line": 23,
              "col": 14,
              "expr": "format('docker build -t praabhatkumar1991/devops-app:{0} .\n', github.run_number)"
            }
          }
        ]
      },
      "condition": "success()",
      "id": "7bcc32a5-784a-43ec-8a66-9a7a7d59f1cc",
      "name": "__run_2"
    },
    {
      "type": "action",
      "reference": {
        "type": "script"
      },
      "displayNameToken": {
        "type": 0,
        "file": 1,
        "line": 27,
        "col": 15,
        "lit": "Push Docker Image"
      },
      "contextName": "__run_3",
      "inputs": {
        "type": 2,
        "map": [
          {
            "key": "script",
            "value": {
              "type": 3,
              "file": 1,
              "line": 28,
              "col": 14,
              "expr": "format('docker push praabhatkumar1991/devops-app:{0}\n', github.run_number)"
            }
          }
        ]
      },
      "condition": "success()",
      "id": "fb4b28dd-4d8a-4930-904c-9123d65e84b1",
      "name": "__run_3"
    },
    {
      "type": "action",
      "reference": {
        "type": "script"
      },
      "displayNameToken": {
        "type": 0,
        "file": 1,
        "line": 32,
        "col": 15,
        "lit": "Deploy to Kubernetes"
      },
      "contextName": "__run_4",
      "inputs": {
        "type": 2,
        "map": [
          {
            "key": "script",
            "value": {
              "type": 3,
              "file": 1,
              "line": 33,
              "col": 14,
              "expr": "format('kubectl set image deployment/devops-app devops-app=praabhatkumar1991/devops-app:{0}\n', github.run_number)"
            }
          }
        ]
      },
      "condition": "success()",
      "id": "dc4d0300-2e01-4ce1-bc4f-79dd4be6741b",
      "name": "__run_4"
    },
    {
      "type": "action",
      "reference": {
        "type": "script"
      },
      "displayNameToken": {
        "type": 0,
        "file": 1,
        "line": 37,
        "col": 15,
        "lit": "Wait for Deployment"
      },
      "contextName": "__run_5",
      "inputs": {
        "type": 2,
        "map": [
          {
            "key": "script",
            "value": {
              "type": 0,
              "file": 1,
              "line": 38,
              "col": 14,
              "lit": "kubectl rollout status deployment/devops-app --timeout=120s\n"
            }
          }
        ]
      },
      "condition": "success()",
      "id": "bc680f23-1c7e-48ad-86c3-37036a071beb",
      "name": "__run_5"
    },
    {
      "type": "action",
      "reference": {
        "type": "script"
      },
      "displayNameToken": {
        "type": 0,
        "file": 1,
        "line": 42,
        "col": 15,
        "lit": "Verify Kubernetes Deployment"
      },
      "contextName": "__run_6",
      "inputs": {
        "type": 2,
        "map": [
          {
            "key": "script",
            "value": {
              "type": 0,
              "file": 1,
              "line": 43,
              "col": 14,
              "lit": "echo \"===== Deployment =====\"\nkubectl get deployment devops-app\n\necho \"===== Pods =====\"\nkubectl get pods -o wide\n\necho \"===== Services =====\"\nkubectl get svc\n"
            }
          }
        ]
      },
      "condition": "success()",
      "id": "00ec9e17-41e3-42be-9ccb-78796582579f",
      "name": "__run_6"
    }
  ],
  "variables": {
    "Actions.EnableHttpRedirects": {
      "value": "true"
    },
    "DistributedTask.AddWarningToNode12Action": {
      "value": "true"
    },
    "DistributedTask.AddWarningToNode16Action": {
      "value": "true"
    },
    "DistributedTask.AllowRunnerContainerHooks": {
      "value": "true"
    },
    "DistributedTask.DeprecateStepOutputCommands": {
      "value": "true"
    },
    "DistributedTask.DetailUntarFailure": {
      "value": "true"
    },
    "DistributedTask.EnableCompositeActions": {
      "value": "true"
    },
    "DistributedTask.EnableJobServerQueueTelemetry": {
      "value": "true"
    },
    "DistributedTask.EnhancedAnnotations": {
      "value": "true"
    },
    "DistributedTask.ForceGithubJavascriptActionsToNode16": {
      "value": "true"
    },
    "DistributedTask.ForceGithubJavascriptActionsToNode20": {
      "value": "true"
    },
    "DistributedTask.LogTemplateErrorsAsDebugMessages": {
      "value": "true"
    },
    "DistributedTask.MarkJobAsFailedOnWorkerCrash": {
      "value": "true"
    },
    "DistributedTask.NewActionMetadata": {
      "value": "true"
    },
    "DistributedTask.UploadStepSummary": {
      "value": "true"
    },
    "DistributedTask.UseActionArchiveCache": {
      "value": "true"
    },
    "DistributedTask.UseWhich2": {
      "value": "true"
    },
    "RunService.FixEmbeddedIssues": {
      "value": "true"
    },
    "actions.runner.requirenode24": {
      "value": "true"
    },
    "actions.runner.usenode24bydefault": {
      "value": "true"
    },
    "actions.runner.warnonnode20": {
      "value": "true"
    },
    "actions_add_check_run_id_to_job_context": {
      "value": "true"
    },
    "actions_batch_action_resolution": {
      "value": "false"
    },
    "actions_cache_mode": {
      "value": "write"
    },
    "actions_container_action_runner_temp": {
      "value": "true"
    },
    "actions_display_helpful_actions_download_errors": {
      "value": "true"
    },
    "actions_runner_allow_artifacts_file": {
      "value": "false"
    },
    "actions_runner_compare_workflow_parser": {
      "value": "false"
    },
    "actions_runner_deprecate_linux_arm32": {
      "value": "true"
    },
    "actions_runner_emit_composite_markers": {
      "value": "true"
    },
    "actions_runner_kill_linux_arm32": {
      "value": "false"
    },
    "actions_runner_node20_removal_date": {
      "value": "September 23rd, 2026"
    },
    "actions_runner_node24_default_date": {
      "value": "June 16th, 2026"
    },
    "actions_self_repository": {
      "value": "true"
    },
    "actions_service_container_command": {
      "value": "true"
    },
    "actions_set_orchestration_id_env_for_actions": {
      "value": "true"
    },
    "actions_skip_retry_complete_job_upon_known_errors": {
      "value": "true"
    },
    "actions_snapshot_preflight_hosted_runner_check": {
      "value": "false"
    },
    "actions_snapshot_preflight_image_gen_pool_check": {
      "value": "false"
    },
    "actions_use_bearer_token_for_codeload": {
      "value": "false"
    },
    "actions_uses_cache_service_v2": {
      "value": "true"
    },
    "github_token": {
      "value": "***",
      "isSecret": true
    },
    "system.from_run_service": {
      "value": "true"
    },
    "system.github.job": {
      "value": "deploy"
    },
    "system.github.launch_endpoint": {
      "value": "https://launch.actions.githubusercontent.com"
    },
    "system.github.results_endpoint": {
      "value": "https://results-receiver.actions.githubusercontent.com/"
    },
    "system.github.results_upload_with_sdk": {
      "value": "true"
    },
    "system.github.token": {
      "value": "***",
      "isSecret": true
    },
    "system.github.token.permissions": {
      "value": "{\"Contents\":\"read\",\"Metadata\":\"read\",\"Packages\":\"read\"}"
    },
    "system.orchestrationId": {
      "value": "18992a38-1bf9-4361-a4b9-910b2c944550.deploy.__default"
    },
    "system.phaseDisplayName": {
      "value": "deploy"
    },
    "system.runner.lowdiskspacethreshold": {
      "value": "100"
    },
    "system.runnerEnvironment": {
      "value": "self-hosted"
    },
    "system.runnerGroupName": {
      "value": "Default"
    }
  },
  "messageType": "RunnerJobRequest",
  "plan": {
    "scopeIdentifier": "00000000-0000-0000-0000-000000000000",
    "planType": "actions",
    "version": 0,
    "planId": "18992a38-1bf9-4361-a4b9-910b2c944550",
    "planGroup": null,
    "artifactUri": null,
    "artifactLocation": null,
    "definition": null,
    "owner": null
  },
  "timeline": {
    "id": "18992a38-1bf9-4361-a4b9-910b2c944550",
    "changeId": 0,
    "location": null
  },
  "jobId": "b67fd62e-8871-50fa-8a7f-f0c40b88a454",
  "jobDisplayName": "deploy",
  "jobName": "__default",
  "requestId": 0,
  "lockedUntil": "0001-01-01T00:00:00",
  "resources": {
    "endpoints": [
      {
        "data": {
          "ServerId": "",
          "ServerName": "",
          "CacheServerUrl": "https://artifactcache.actions.githubusercontent.com/mm6oqhgtxdmufdvalzOEbY43YRoioivgsXTjX2UQBxioQQHEGA/",
          "FeedStreamUrl": "wss://results-receiver.actions.githubusercontent.com/_ws/ingest.sock",
          "ResultsServiceUrl": "https://results-receiver.actions.githubusercontent.com/",
          "PipelinesServiceUrl": "https://pipelinesghubeus5.actions.githubusercontent.com/mm6oqhgtxdmufdvalzOEbY43YRoioivgsXTjX2UQBxioQQHEGA/",
          "GenerateIdTokenUrl": "",
          "ConnectivityChecks": "[\"https://broker.actions.githubusercontent.com/health\",\"https://token.actions.githubusercontent.com/ready\",\"https://run.actions.githubusercontent.com/health\"]",
          "ConnectivityAndDNSChecks": ""
        },
        "name": "SystemVssConnection",
        "url": "https://run-actions-3-azure-eastus.actions.githubusercontent.com/59/",
        "authorization": {
          "parameters": {
            "AccessToken": "***"
          },
          "scheme": "OAuth"
        },
        "isShared": false,
        "isReady": true
      }
    ]
  },
  "contextData": {
    "github": {
      "t": 2,
      "d": [
        {
          "k": "ref",
          "v": "refs/heads/main"
        },
        {
          "k": "sha",
          "v": "8544b26e7af5dd25a729b4b50cd06e32683c2af7"
        },
        {
          "k": "repository",
          "v": "Prabhatkumarkhemariya/DevOpsCICDProject"
        },
        {
          "k": "repository_owner",
          "v": "Prabhatkumarkhemariya"
        },
        {
          "k": "repository_owner_id",
          "v": "182388013"
        },
        {
          "k": "repositoryUrl",
          "v": "git://github.com/Prabhatkumarkhemariya/DevOpsCICDProject.git"
        },
        {
          "k": "run_id",
          "v": "36515314238"
        },
        {
          "k": "run_number",
          "v": "24"
        },
        {
          "k": "retention_days",
          "v": "90"
        },
        {
          "k": "run_attempt",
          "v": "1"
        },
        {
          "k": "artifact_cache_size_limit",
          "v": "10"
        },
        {
          "k": "repository_visibility",
          "v": "public"
        },
        {
          "k": "actor_id",
          "v": "182388013"
        },
        {
          "k": "actor",
          "v": "Prabhatkumarkhemariya"
        },
        {
          "k": "workflow",
          "v": "Local CI-CD Pipeline"
        },
        {
          "k": "head_ref",
          "v": ""
        },
        {
          "k": "base_ref",
          "v": ""
        },
        {
          "k": "event_name",
          "v": "push"
        },
        {
          "k": "server_url",
          "v": "https://github.com"
        },
        {
          "k": "api_url",
          "v": "https://api.github.com"
        },
        {
          "k": "graphql_url",
          "v": "https://api.github.com/graphql"
        },
        {
          "k": "ref_name",
          "v": "main"
        },
        {
          "k": "ref_protected",
          "v": false
        },
        {
          "k": "ref_type",
          "v": "branch"
        },
        {
          "k": "secret_source",
          "v": "Actions"
        },
        {
          "k": "event",
          "v": {
            "t": 2,
            "d": [
              {
                "k": "after",
                "v": "8544b26e7af5dd25a729b4b50cd06e32683c2af7"
              },
              {
                "k": "base_ref",
                "v": null
              },
              {
                "k": "before",
                "v": "bd84daf86edb993f6ab160cafede82b742b80fe7"
              },
              {
                "k": "commits",
                "v": {
                  "t": 1,
                  "a": [
                    {
                      "t": 2,
                      "d": [
                        {
                          "k": "author",
                          "v": {
                            "t": 2,
                            "d": [
                              {
                                "k": "email",
                                "v": "erprabhat04@gmail.com"
                              },
                              {
                                "k": "name",
                                "v": "Prabhatkumarkhemariya"
                              },
                              {
                                "k": "username",
                                "v": "Prabhatkumarkhemariya"
                              }
                            ]
                          }
                        },
                        {
                          "k": "committer",
                          "v": {
                            "t": 2,
                            "d": [
                              {
                                "k": "email",
                                "v": "noreply@github.com"
                              },
                              {
                                "k": "name",
                                "v": "GitHub"
                              },
                              {
                                "k": "username",
                                "v": "web-flow"
                              }
                            ]
                          }
                        },
                        {
                          "k": "distinct",
                          "v": true
                        },
                        {
                          "k": "id",
                          "v": "8544b26e7af5dd25a729b4b50cd06e32683c2af7"
                        },
                        {
                          "k": "message",
                          "v": "Delete .github/workflows/pipeline2.yaml"
                        },
                        {
                          "k": "timestamp",
                          "v": "2026-09-29T08:31:47+05:30"
                        },
                        {
                          "k": "tree_id",
                          "v": "b135b566a1d01528d66063ab8409cdfb82b17076"
                        },
                        {
                          "k": "url",
                          "v": "https://github.com/Prabhatkumarkhemariya/DevOpsCICDProject/commit/8544b26e7af5dd25a729b4b50cd06e32683c2af7"
                        }
                      ]
                    }
                  ]
                }
              },
              {
                "k": "compare",
                "v": "https://github.com/Prabhatkumarkhemariya/DevOpsCICDProject/compare/bd84daf86edb...8544b26e7af5"
              },
              {
                "k": "created",
                "v": false
              },
              {
                "k": "deleted",
                "v": false
              },
              {
                "k": "forced",
                "v": false
              },
              {
                "k": "head_commit",
                "v": {
                  "t": 2,
                  "d": [
                    {
                      "k": "author",
                      "v": {
                        "t": 2,
                        "d": [
                          {
                            "k": "email",
                            "v": "erprabhat04@gmail.com"
                          },
                          {
                            "k": "name",
                            "v": "Prabhatkumarkhemariya"
                          },
                          {
                            "k": "username",
                            "v": "Prabhatkumarkhemariya"
                          }
                        ]
                      }
                    },
                    {
                      "k": "committer",
                      "v": {
                        "t": 2,
                        "d": [
                          {
                            "k": "email",
                            "v": "noreply@github.com"
                          },
                          {
                            "k": "name",
                            "v": "GitHub"
                          },
                          {
                            "k": "username",
                            "v": "web-flow"
                          }
                        ]
                      }
                    },
                    {
                      "k": "distinct",
                      "v": true
                    },
                    {
                      "k": "id",
                      "v": "8544b26e7af5dd25a729b4b50cd06e32683c2af7"
                    },
                    {
                      "k": "message",
                      "v": "Delete .github/workflows/pipeline2.yaml"
                    },
                    {
                      "k": "timestamp",
                      "v": "2026-09-29T08:31:47+05:30"
                    },
                    {
                      "k": "tree_id",
                      "v": "b135b566a1d01528d66063ab8409cdfb82b17076"
                    },
                    {
                      "k": "url",
                      "v": "https://github.com/Prabhatkumarkhemariya/DevOpsCICDProject/commit/8544b26e7af5dd25a729b4b50cd06e32683c2af7"
                    }
                  ]
                }
              },
              {
                "k": "pusher",
                "v": {
                  "t": 2,
                  "d": [
                    {
                      "k": "email",
                      "v": "erprabhat04@gmail.com"
                    },
                    {
                      "k": "name",
                      "v": "Prabhatkumarkhemariya"
                    }
                  ]
                }
              },
              {
                "k": "ref",
                "v": "refs/heads/main"
              },
              {
                "k": "repository",
                "v": {
                  "t": 2,
                  "d": [
                    {
                      "k": "allow_forking",
                      "v": true
                    },
                    {
                      "k": "archive_url",
                      "v": "https://api.github.com/repos/Prabhatkumarkhemariya/DevOpsCICDProject/{archive_format}{/ref}"
                    },
                    {
                      "k": "archived",
                      "v": false
                    },
                    {
                      "k": "assignees_url",
                      "v": "https://api.github.com/repos/Prabhatkumarkhemariya/DevOpsCICDProject/assignees{/user}"
                    },
                    {
                      "k": "blobs_url",
                      "v": "https://api.github.com/repos/Prabhatkumarkhemariya/DevOpsCICDProject/git/blobs{/sha}"
                    },
                    {
                      "k": "branches_url",
                      "v": "https://api.github.com/repos/Prabhatkumarkhemariya/DevOpsCICDProject/branches{/branch}"
                    },
                    {
                      "k": "clone_url",
                      "v": "https://github.com/Prabhatkumarkhemariya/DevOpsCICDProject.git"
                    },
                    {
                      "k": "collaborators_url",
                      "v": "https://api.github.com/repos/Prabhatkumarkhemariya/DevOpsCICDProject/collaborators{/collaborator}"
                    },
                    {
                      "k": "comments_url",
                      "v": "https://api.github.com/repos/Prabhatkumarkhemariya/DevOpsCICDProject/comments{/number}"
                    },
                    {
                      "k": "commits_url",
                      "v": "https://api.github.com/repos/Prabhatkumarkhemariya/DevOpsCICDProject/commits{/sha}"
                    },
                    {
                      "k": "compare_url",
                      "v": "https://api.github.com/repos/Prabhatkumarkhemariya/DevOpsCICDProject/compare/{base}...{head}"
                    },
                    {
                      "k": "contents_url",
                      "v": "https://api.github.com/repos/Prabhatkumarkhemariya/DevOpsCICDProject/contents/{+path}"
                    },
                    {
                      "k": "contributors_url",
                      "v": "https://api.github.com/repos/Prabhatkumarkhemariya/DevOpsCICDProject/contributors"
                    },
                    {
                      "k": "created_at",
                      "v": 1790478339.0
                    },
                    {
                      "k": "default_branch",
                      "v": "main"
                    },
                    {
                      "k": "deployments_url",
                      "v": "https://api.github.com/repos/Prabhatkumarkhemariya/DevOpsCICDProject/deployments"
                    },
                    {
                      "k": "description",
                      "v": "DevOpsCICDProject for practice the CICD pipeline completely"
                    },
                    {
                      "k": "disabled",
                      "v": false
                    },
                    {
                      "k": "downloads_url",
                      "v": "https://api.github.com/repos/Prabhatkumarkhemariya/DevOpsCICDProject/downloads"
                    },
                    {
                      "k": "events_url",
                      "v": "https://api.github.com/repos/Prabhatkumarkhemariya/DevOpsCICDProject/events"
                    },
                    {
                      "k": "fork",
                      "v": false
                    },
                    {
                      "k": "forks",
                      "v": 0.0
                    },
                    {
                      "k": "forks_count",
                      "v": 0.0
                    },
                    {
                      "k": "forks_url",
                      "v": "https://api.github.com/repos/Prabhatkumarkhemariya/DevOpsCICDProject/forks"
                    },
                    {
                      "k": "full_name",
                      "v": "Prabhatkumarkhemariya/DevOpsCICDProject"
                    },
                    {
                      "k": "git_commits_url",
                      "v": "https://api.github.com/repos/Prabhatkumarkhemariya/DevOpsCICDProject/git/commits{/sha}"
                    },
                    {
                      "k": "git_refs_url",
                      "v": "https://api.github.com/repos/Prabhatkumarkhemariya/DevOpsCICDProject/git/refs{/sha}"
                    },
                    {
                      "k": "git_tags_url",
                      "v": "https://api.github.com/repos/Prabhatkumarkhemariya/DevOpsCICDProject/git/tags{/sha}"
                    },
                    {
                      "k": "git_url",
                      "v": "git://github.com/Prabhatkumarkhemariya/DevOpsCICDProject.git"
                    },
                    {
                      "k": "has_discussions",
                      "v": false
                    },
                    {
                      "k": "has_downloads",
                      "v": true
                    },
                    {
                      "k": "has_issues",
                      "v": true
                    },
                    {
                      "k": "has_pages",
                      "v": false
                    },
                    {
                      "k": "has_projects",
                      "v": true
                    },
                    {
                      "k": "has_pull_requests",
                      "v": true
                    },
                    {
                      "k": "has_wiki",
                      "v": true
                    },
                    {
                      "k": "homepage",
                      "v": null
                    },
                    {
                      "k": "hooks_url",
                      "v": "https://api.github.com/repos/Prabhatkumarkhemariya/DevOpsCICDProject/hooks"
                    },
                    {
                      "k": "html_url",
                      "v": "https://github.com/Prabhatkumarkhemariya/DevOpsCICDProject"
                    },
                    {
                      "k": "id",
                      "v": 1390018597.0
                    },
                    {
                      "k": "is_template",
                      "v": false
                    },
                    {
                      "k": "issue_comment_url",
                      "v": "https://api.github.com/repos/Prabhatkumarkhemariya/DevOpsCICDProject/issues/comments{/number}"
                    },
                    {
                      "k": "issue_events_url",
                      "v": "https://api.github.com/repos/Prabhatkumarkhemariya/DevOpsCICDProject/issues/events{/number}"
                    },
                    {
                      "k": "issues_url",
                      "v": "https://api.github.com/repos/Prabhatkumarkhemariya/DevOpsCICDProject/issues{/number}"
                    },
                    {
                      "k": "keys_url",
                      "v": "https://api.github.com/repos/Prabhatkumarkhemariya/DevOpsCICDProject/keys{/key_id}"
                    },
                    {
                      "k": "labels_url",
                      "v": "https://api.github.com/repos/Prabhatkumarkhemariya/DevOpsCICDProject/labels{/name}"
                    },
                    {
                      "k": "language",
                      "v": "Python"
                    },
                    {
                      "k": "languages_url",
                      "v": "https://api.github.com/repos/Prabhatkumarkhemariya/DevOpsCICDProject/languages"
                    },
                    {
                      "k": "license",
                      "v": null
                    },
                    {
                      "k": "master_branch",
                      "v": "main"
                    },
                    {
                      "k": "merges_url",
                      "v": "https://api.github.com/repos/Prabhatkumarkhemariya/DevOpsCICDProject/merges"
                    },
                    {
                      "k": "milestones_url",
                      "v": "https://api.github.com/repos/Prabhatkumarkhemariya/DevOpsCICDProject/milestones{/number}"
                    },
                    {
                      "k": "mirror_url",
                      "v": null
                    },
                    {
                      "k": "name",
                      "v": "DevOpsCICDProject"
                    },
                    {
                      "k": "node_id",
                      "v": "R_kgDOUtoAJQ"
                    },
                    {
                      "k": "notifications_url",
                      "v": "https://api.github.com/repos/Prabhatkumarkhemariya/DevOpsCICDProject/notifications{?since,all,participating}"
                    },
                    {
                      "k": "open_issues",
                      "v": 0.0
                    },
                    {
                      "k": "open_issues_count",
                      "v": 0.0
                    },
                    {
                      "k": "owner",
                      "v": {
                        "t": 2,
                        "d": [
                          {
                            "k": "avatar_url",
                            "v": "https://avatars.githubusercontent.com/u/182388013?v=4"
                          },
                          {
                            "k": "email",
                            "v": "erprabhat04@gmail.com"
                          },
                          {
                            "k": "events_url",
                            "v": "https://api.github.com/users/Prabhatkumarkhemariya/events{/privacy}"
                          },
                          {
                            "k": "followers_url",
                            "v": "https://api.github.com/users/Prabhatkumarkhemariya/followers"
                          },
                          {
                            "k": "following_url",
                            "v": "https://api.github.com/users/Prabhatkumarkhemariya/following{/other_user}"
                          },
                          {
                            "k": "gists_url",
                            "v": "https://api.github.com/users/Prabhatkumarkhemariya/gists{/gist_id}"
                          },
                          {
                            "k": "gravatar_id",
                            "v": ""
                          },
                          {
                            "k": "html_url",
                            "v": "https://github.com/Prabhatkumarkhemariya"
                          },
                          {
                            "k": "id",
                            "v": 182388013.0
                          },
                          {
                            "k": "login",
                            "v": "Prabhatkumarkhemariya"
                          },
                          {
                            "k": "name",
                            "v": "Prabhatkumarkhemariya"
                          },
                          {
                            "k": "node_id",
                            "v": "U_kgDOCt8FLQ"
                          },
                          {
                            "k": "organizations_url",
                            "v": "https://api.github.com/users/Prabhatkumarkhemariya/orgs"
                          },
                          {
                            "k": "received_events_url",
                            "v": "https://api.github.com/users/Prabhatkumarkhemariya/received_events"
                          },
                          {
                            "k": "repos_url",
                            "v": "https://api.github.com/users/Prabhatkumarkhemariya/repos"
                          },
                          {
                            "k": "site_admin",
                            "v": false
                          },
                          {
                            "k": "starred_url",
                            "v": "https://api.github.com/users/Prabhatkumarkhemariya/starred{/owner}{/repo}"
                          },
                          {
                            "k": "subscriptions_url",
                            "v": "https://api.github.com/users/Prabhatkumarkhemariya/subscriptions"
                          },
                          {
                            "k": "type",
                            "v": "User"
                          },
                          {
                            "k": "url",
                            "v": "https://api.github.com/users/Prabhatkumarkhemariya"
                          },
                          {
                            "k": "user_view_type",
                            "v": "public"
                          }
                        ]
                      }
                    },
                    {
                      "k": "private",
                      "v": false
                    },
                    {
                      "k": "pull_request_creation_policy",
                      "v": "all"
                    },
                    {
                      "k": "pulls_url",
                      "v": "https://api.github.com/repos/Prabhatkumarkhemariya/DevOpsCICDProject/pulls{/number}"
                    },
                    {
                      "k": "pushed_at",
                      "v": 1790650908.0
                    },
                    {
                      "k": "releases_url",
                      "v": "https://api.github.com/repos/Prabhatkumarkhemariya/DevOpsCICDProject/releases{/id}"
                    },
                    {
                      "k": "size",
                      "v": 28.0
                    },
                    {
                      "k": "ssh_url",
                      "v": "git@github.com:Prabhatkumarkhemariya/DevOpsCICDProject.git"
                    },
                    {
                      "k": "stargazers",
                      "v": 0.0
                    },
                    {
                      "k": "stargazers_count",
                      "v": 0.0
                    },
                    {
                      "k": "stargazers_url",
                      "v": "https://api.github.com/repos/Prabhatkumarkhemariya/DevOpsCICDProject/stargazers"
                    },
                    {
                      "k": "statuses_url",
                      "v": "https://api.github.com/repos/Prabhatkumarkhemariya/DevOpsCICDProject/statuses/{sha}"
                    },
                    {
                      "k": "subscribers_url",
                      "v": "https://api.github.com/repos/Prabhatkumarkhemariya/DevOpsCICDProject/subscribers"
                    },
                    {
                      "k": "subscription_url",
                      "v": "https://api.github.com/repos/Prabhatkumarkhemariya/DevOpsCICDProject/subscription"
                    },
                    {
                      "k": "svn_url",
                      "v": "https://github.com/Prabhatkumarkhemariya/DevOpsCICDProject"
                    },
                    {
                      "k": "tags_url",
                      "v": "https://api.github.com/repos/Prabhatkumarkhemariya/DevOpsCICDProject/tags"
                    },
                    {
                      "k": "teams_url",
                      "v": "https://api.github.com/repos/Prabhatkumarkhemariya/DevOpsCICDProject/teams"
                    },
                    {
                      "k": "topics",
                      "v": {
                        "t": 1
                      }
                    },
                    {
                      "k": "trees_url",
                      "v": "https://api.github.com/repos/Prabhatkumarkhemariya/DevOpsCICDProject/git/trees{/sha}"
                    },
                    {
                      "k": "updated_at",
                      "v": "2026-09-28T16:12:24Z"
                    },
                    {
                      "k": "url",
                      "v": "https://api.github.com/repos/Prabhatkumarkhemariya/DevOpsCICDProject"
                    },
                    {
                      "k": "visibility",
                      "v": "public"
                    },
                    {
                      "k": "watchers",
                      "v": 0.0
                    },
                    {
                      "k": "watchers_count",
                      "v": 0.0
                    },
                    {
                      "k": "web_commit_signoff_required",
                      "v": false
                    }
                  ]
                }
              },
              {
                "k": "sender",
                "v": {
                  "t": 2,
                  "d": [
                    {
                      "k": "avatar_url",
                      "v": "https://avatars.githubusercontent.com/u/182388013?v=4"
                    },
                    {
                      "k": "events_url",
                      "v": "https://api.github.com/users/Prabhatkumarkhemariya/events{/privacy}"
                    },
                    {
                      "k": "followers_url",
                      "v": "https://api.github.com/users/Prabhatkumarkhemariya/followers"
                    },
                    {
                      "k": "following_url",
                      "v": "https://api.github.com/users/Prabhatkumarkhemariya/following{/other_user}"
                    },
                    {
                      "k": "gists_url",
                      "v": "https://api.github.com/users/Prabhatkumarkhemariya/gists{/gist_id}"
                    },
                    {
                      "k": "gravatar_id",
                      "v": ""
                    },
                    {
                      "k": "html_url",
                      "v": "https://github.com/Prabhatkumarkhemariya"
                    },
                    {
                      "k": "id",
                      "v": 182388013.0
                    },
                    {
                      "k": "login",
                      "v": "Prabhatkumarkhemariya"
                    },
                    {
                      "k": "node_id",
                      "v": "U_kgDOCt8FLQ"
                    },
                    {
                      "k": "organizations_url",
                      "v": "https://api.github.com/users/Prabhatkumarkhemariya/orgs"
                    },
                    {
                      "k": "received_events_url",
                      "v": "https://api.github.com/users/Prabhatkumarkhemariya/received_events"
                    },
                    {
                      "k": "repos_url",
                      "v": "https://api.github.com/users/Prabhatkumarkhemariya/repos"
                    },
                    {
                      "k": "site_admin",
                      "v": false
                    },
                    {
                      "k": "starred_url",
                      "v": "https://api.github.com/users/Prabhatkumarkhemariya/starred{/owner}{/repo}"
                    },
                    {
                      "k": "subscriptions_url",
                      "v": "https://api.github.com/users/Prabhatkumarkhemariya/subscriptions"
                    },
                    {
                      "k": "type",
                      "v": "User"
                    },
                    {
                      "k": "url",
                      "v": "https://api.github.com/users/Prabhatkumarkhemariya"
                    },
                    {
                      "k": "user_view_type",
                      "v": "public"
                    }
                  ]
                }
              }
            ]
          }
        },
        {
          "k": "workflow_ref",
          "v": "Prabhatkumarkhemariya/DevOpsCICDProject/.github/workflows/pipeline.yaml@refs/heads/main"
        },
        {
          "k": "workflow_sha",
          "v": "8544b26e7af5dd25a729b4b50cd06e32683c2af7"
        },
        {
          "k": "repository_id",
          "v": "1390018597"
        },
        {
          "k": "triggering_actor",
          "v": "Prabhatkumarkhemariya"
        }
      ]
    },
    "inputs": {
      "t": 2
    },
    "job": {
      "t": 2,
      "d": [
        {
          "k": "check_run_id",
          "v": 109236170443.0
        },
        {
          "k": "workflow_ref",
          "v": "Prabhatkumarkhemariya/DevOpsCICDProject/.github/workflows/pipeline.yaml@refs/heads/main"
        },
        {
          "k": "workflow_sha",
          "v": "8544b26e7af5dd25a729b4b50cd06e32683c2af7"
        },
        {
          "k": "workflow_repository",
          "v": "Prabhatkumarkhemariya/DevOpsCICDProject"
        },
        {
          "k": "workflow_file_path",
          "v": ".github/workflows/pipeline.yaml"
        }
      ]
    },
    "matrix": null,
    "needs": {
      "t": 2
    },
    "strategy": {
      "t": 2,
      "d": [
        {
          "k": "fail-fast",
          "v": true
        },
        {
          "k": "job-index",
          "v": 0.0
        },
        {
          "k": "job-total",
          "v": 1.0
        },
        {
          "k": "max-parallel",
          "v": 1.0
        }
      ]
    },
    "vars": {
      "t": 2
    }
  },
  "billingOwnerId": "U_kgDOCt8FLQ"
}
[2026-09-29 03:01:55Z INFO JobRunner] Job ID b67fd62e-8871-50fa-8a7f-f0c40b88a454
[2026-09-29 03:01:55Z INFO ConfigurationStore] currentAssemblyLocation: C:\Devops_training\DevOpsCICDProject\actions-runner\bin\Runner.Worker.dll
[2026-09-29 03:01:55Z INFO HostContext] Well known directory 'Bin': 'C:\Devops_training\DevOpsCICDProject\actions-runner\bin'
[2026-09-29 03:01:55Z INFO ConfigurationStore] binPath: C:\Devops_training\DevOpsCICDProject\actions-runner\bin
[2026-09-29 03:01:55Z INFO HostContext] Well known directory 'Bin': 'C:\Devops_training\DevOpsCICDProject\actions-runner\bin'
[2026-09-29 03:01:55Z INFO HostContext] Well known directory 'Root': 'C:\Devops_training\DevOpsCICDProject\actions-runner'
[2026-09-29 03:01:55Z INFO ConfigurationStore] RootFolder: C:\Devops_training\DevOpsCICDProject\actions-runner
[2026-09-29 03:01:55Z INFO HostContext] Well known directory 'Bin': 'C:\Devops_training\DevOpsCICDProject\actions-runner\bin'
[2026-09-29 03:01:55Z INFO HostContext] Well known directory 'Root': 'C:\Devops_training\DevOpsCICDProject\actions-runner'
[2026-09-29 03:01:55Z INFO HostContext] Well known config file 'Runner': 'C:\Devops_training\DevOpsCICDProject\actions-runner\.runner'
[2026-09-29 03:01:55Z INFO ConfigurationStore] ConfigFilePath: C:\Devops_training\DevOpsCICDProject\actions-runner\.runner
[2026-09-29 03:01:55Z INFO HostContext] Well known directory 'Bin': 'C:\Devops_training\DevOpsCICDProject\actions-runner\bin'
[2026-09-29 03:01:55Z INFO HostContext] Well known directory 'Root': 'C:\Devops_training\DevOpsCICDProject\actions-runner'
[2026-09-29 03:01:55Z INFO HostContext] Well known config file 'MigratedRunner': 'C:\Devops_training\DevOpsCICDProject\actions-runner\.runner_migrated'
[2026-09-29 03:01:55Z INFO ConfigurationStore] MigratedConfigFilePath: C:\Devops_training\DevOpsCICDProject\actions-runner\.runner_migrated
[2026-09-29 03:01:55Z INFO HostContext] Well known directory 'Bin': 'C:\Devops_training\DevOpsCICDProject\actions-runner\bin'
[2026-09-29 03:01:55Z INFO HostContext] Well known directory 'Root': 'C:\Devops_training\DevOpsCICDProject\actions-runner'
[2026-09-29 03:01:55Z INFO HostContext] Well known config file 'Credentials': 'C:\Devops_training\DevOpsCICDProject\actions-runner\.credentials'
[2026-09-29 03:01:55Z INFO ConfigurationStore] CredFilePath: C:\Devops_training\DevOpsCICDProject\actions-runner\.credentials
[2026-09-29 03:01:55Z INFO HostContext] Well known directory 'Bin': 'C:\Devops_training\DevOpsCICDProject\actions-runner\bin'
[2026-09-29 03:01:55Z INFO HostContext] Well known directory 'Root': 'C:\Devops_training\DevOpsCICDProject\actions-runner'
[2026-09-29 03:01:55Z INFO HostContext] Well known config file 'MigratedCredentials': 'C:\Devops_training\DevOpsCICDProject\actions-runner\.credentials_migrated'
[2026-09-29 03:01:55Z INFO ConfigurationStore] MigratedCredFilePath: C:\Devops_training\DevOpsCICDProject\actions-runner\.credentials_migrated
[2026-09-29 03:01:55Z INFO HostContext] Well known directory 'Bin': 'C:\Devops_training\DevOpsCICDProject\actions-runner\bin'
[2026-09-29 03:01:55Z INFO HostContext] Well known directory 'Root': 'C:\Devops_training\DevOpsCICDProject\actions-runner'
[2026-09-29 03:01:55Z INFO HostContext] Well known config file 'Service': 'C:\Devops_training\DevOpsCICDProject\actions-runner\.service'
[2026-09-29 03:01:55Z INFO ConfigurationStore] ServiceConfigFilePath: C:\Devops_training\DevOpsCICDProject\actions-runner\.service
[2026-09-29 03:01:55Z INFO ConfigurationStore] Read setting file: 418 chars
[2026-09-29 03:01:55Z INFO JobRunner] Initializing launch client
[2026-09-29 03:01:55Z INFO JobServerQueue] Initializing results client
[2026-09-29 03:01:55Z INFO ResultServer] Creating websocket client ...wss://results-receiver.actions.githubusercontent.com/_ws/ingest.sock
[2026-09-29 03:01:55Z INFO ResultServer] Attempting to start websocket client with delay 00:00:00.
[2026-09-29 03:01:55Z INFO JobServerQueue] Start process web console line queue.
[2026-09-29 03:01:55Z INFO JobServerQueue] Start process file upload queue.
[2026-09-29 03:01:55Z INFO JobServerQueue] Start results file upload queue.
[2026-09-29 03:01:55Z INFO JobServerQueue] Starting results-based upload queue...
[2026-09-29 03:01:55Z INFO JobServerQueue] Start process timeline update queue.
[2026-09-29 03:01:55Z INFO ExecutionContext] Initializing Job context
[2026-09-29 03:01:55Z INFO ExecutionContext] Initialize GitHub context
[2026-09-29 03:01:55Z INFO ExecutionContext] Initialize Env context
[2026-09-29 03:01:55Z INFO HostContext] Well known directory 'Bin': 'C:\Devops_training\DevOpsCICDProject\actions-runner\bin'
[2026-09-29 03:01:55Z INFO HostContext] Well known directory 'Root': 'C:\Devops_training\DevOpsCICDProject\actions-runner'
[2026-09-29 03:01:55Z INFO HostContext] Well known directory 'Diag': 'C:\Devops_training\DevOpsCICDProject\actions-runner\_diag'
[2026-09-29 03:01:55Z INFO HostContext] Well known directory 'Bin': 'C:\Devops_training\DevOpsCICDProject\actions-runner\bin'
[2026-09-29 03:01:55Z INFO HostContext] Well known directory 'Root': 'C:\Devops_training\DevOpsCICDProject\actions-runner'
[2026-09-29 03:01:55Z INFO HostContext] Well known directory 'Diag': 'C:\Devops_training\DevOpsCICDProject\actions-runner\_diag'
[2026-09-29 03:01:55Z INFO JobRunner] Starting the job execution context.
[2026-09-29 03:01:55Z INFO HostContext] Well known directory 'Bin': 'C:\Devops_training\DevOpsCICDProject\actions-runner\bin'
[2026-09-29 03:01:55Z INFO HostContext] Well known directory 'Root': 'C:\Devops_training\DevOpsCICDProject\actions-runner'
[2026-09-29 03:01:55Z INFO HostContext] Well known directory 'Work': 'C:\Devops_training\DevOpsCICDProject\actions-runner\_work'
[2026-09-29 03:01:55Z INFO JobRunner] Validating directory permissions for: 'C:\Devops_training\DevOpsCICDProject\actions-runner\_work'
[2026-09-29 03:01:55Z INFO HostContext] Well known directory 'Bin': 'C:\Devops_training\DevOpsCICDProject\actions-runner\bin'
[2026-09-29 03:01:55Z INFO HostContext] Well known directory 'Root': 'C:\Devops_training\DevOpsCICDProject\actions-runner'
[2026-09-29 03:01:55Z INFO HostContext] Well known directory 'Work': 'C:\Devops_training\DevOpsCICDProject\actions-runner\_work'
[2026-09-29 03:01:55Z INFO HostContext] Well known directory 'Tools': 'C:\Devops_training\DevOpsCICDProject\actions-runner\_work\_tool'
[2026-09-29 03:01:55Z INFO HostContext] Well known directory 'Bin': 'C:\Devops_training\DevOpsCICDProject\actions-runner\bin'
[2026-09-29 03:01:55Z INFO HostContext] Well known directory 'Root': 'C:\Devops_training\DevOpsCICDProject\actions-runner'
[2026-09-29 03:01:55Z INFO HostContext] Well known directory 'Work': 'C:\Devops_training\DevOpsCICDProject\actions-runner\_work'
[2026-09-29 03:01:55Z INFO HostContext] Well known directory 'Temp': 'C:\Devops_training\DevOpsCICDProject\actions-runner\_work\_temp'
[2026-09-29 03:01:55Z INFO JobRunner] Getting job extension.
[2026-09-29 03:01:55Z INFO JobRunner] Initialize job. Getting all job steps.
[2026-09-29 03:01:55Z INFO HostContext] Well known directory 'Bin': 'C:\Devops_training\DevOpsCICDProject\actions-runner\bin'
[2026-09-29 03:01:55Z INFO HostContext] Well known directory 'Root': 'C:\Devops_training\DevOpsCICDProject\actions-runner'
[2026-09-29 03:01:55Z INFO HostContext] Well known directory 'Diag': 'C:\Devops_training\DevOpsCICDProject\actions-runner\_diag'
[2026-09-29 03:01:55Z INFO HostContext] Well known directory 'Bin': 'C:\Devops_training\DevOpsCICDProject\actions-runner\bin'
[2026-09-29 03:01:55Z INFO HostContext] Well known directory 'Root': 'C:\Devops_training\DevOpsCICDProject\actions-runner'
[2026-09-29 03:01:55Z INFO HostContext] Well known directory 'Diag': 'C:\Devops_training\DevOpsCICDProject\actions-runner\_diag'
[2026-09-29 03:01:55Z INFO HostContext] Well known directory 'Bin': 'C:\Devops_training\DevOpsCICDProject\actions-runner\bin'
[2026-09-29 03:01:55Z INFO HostContext] Well known directory 'Root': 'C:\Devops_training\DevOpsCICDProject\actions-runner'
[2026-09-29 03:01:55Z INFO HostContext] Well known config file 'Credentials': 'C:\Devops_training\DevOpsCICDProject\actions-runner\.credentials'
[2026-09-29 03:01:55Z INFO HostContext] Well known directory 'Bin': 'C:\Devops_training\DevOpsCICDProject\actions-runner\bin'
[2026-09-29 03:01:55Z INFO HostContext] Well known directory 'Root': 'C:\Devops_training\DevOpsCICDProject\actions-runner'
[2026-09-29 03:01:55Z INFO HostContext] Well known config file 'SetupInfo': 'C:\Devops_training\DevOpsCICDProject\actions-runner\.setup_info'
[2026-09-29 03:01:55Z INFO HostContext] Well known directory 'Bin': 'C:\Devops_training\DevOpsCICDProject\actions-runner\bin'
[2026-09-29 03:01:55Z INFO HostContext] Well known directory 'Root': 'C:\Devops_training\DevOpsCICDProject\actions-runner'
[2026-09-29 03:01:55Z INFO HostContext] Well known directory 'Work': 'C:\Devops_training\DevOpsCICDProject\actions-runner\_work'
[2026-09-29 03:01:55Z INFO PipelineDirectoryManager] Loading tracking config if exists: C:\Devops_training\DevOpsCICDProject\actions-runner\_work\_PipelineMapping\Prabhatkumarkhemariya/DevOpsCICDProject\PipelineFolder.json
[2026-09-29 03:01:55Z INFO PipelineDirectoryManager] Updating job run properties.
[2026-09-29 03:01:55Z INFO HostContext] Well known directory 'Bin': 'C:\Devops_training\DevOpsCICDProject\actions-runner\bin'
[2026-09-29 03:01:55Z INFO HostContext] Well known directory 'Root': 'C:\Devops_training\DevOpsCICDProject\actions-runner'
[2026-09-29 03:01:55Z INFO HostContext] Well known directory 'Work': 'C:\Devops_training\DevOpsCICDProject\actions-runner\_work'
[2026-09-29 03:01:55Z INFO HostContext] Well known directory 'Bin': 'C:\Devops_training\DevOpsCICDProject\actions-runner\bin'
[2026-09-29 03:01:55Z INFO HostContext] Well known directory 'Root': 'C:\Devops_training\DevOpsCICDProject\actions-runner'
[2026-09-29 03:01:55Z INFO HostContext] Well known directory 'Work': 'C:\Devops_training\DevOpsCICDProject\actions-runner\_work'
[2026-09-29 03:01:55Z INFO HostContext] Well known directory 'Bin': 'C:\Devops_training\DevOpsCICDProject\actions-runner\bin'
[2026-09-29 03:01:55Z INFO HostContext] Well known directory 'Root': 'C:\Devops_training\DevOpsCICDProject\actions-runner'
[2026-09-29 03:01:55Z INFO HostContext] Well known directory 'Work': 'C:\Devops_training\DevOpsCICDProject\actions-runner\_work'
[2026-09-29 03:01:55Z INFO JobExtension] Downloading actions
[2026-09-29 03:01:55Z INFO HostContext] Well known directory 'Bin': 'C:\Devops_training\DevOpsCICDProject\actions-runner\bin'
[2026-09-29 03:01:55Z INFO HostContext] Well known directory 'Root': 'C:\Devops_training\DevOpsCICDProject\actions-runner'
[2026-09-29 03:01:55Z INFO HostContext] Well known directory 'Work': 'C:\Devops_training\DevOpsCICDProject\actions-runner\_work'
[2026-09-29 03:01:55Z INFO HostContext] Well known directory 'Actions': 'C:\Devops_training\DevOpsCICDProject\actions-runner\_work\_actions'
[2026-09-29 03:01:55Z INFO Worker] Listening for cancel message from the channel.
[2026-09-29 03:01:55Z INFO Worker] Waiting for the job to complete or for a cancel message from the channel.
[2026-09-29 03:01:56Z INFO ResultServer] Successfully started websocket client.
[2026-09-29 03:01:56Z INFO JobServerQueue] Try to append 1 batches web console lines for record 'f40db1bd-defe-49fa-a6d4-9db4d8322900', success rate: 1/1.
[2026-09-29 03:01:56Z INFO HostContext] Well known directory 'Bin': 'C:\Devops_training\DevOpsCICDProject\actions-runner\bin'
[2026-09-29 03:01:56Z INFO HostContext] Well known directory 'Root': 'C:\Devops_training\DevOpsCICDProject\actions-runner'
[2026-09-29 03:01:56Z INFO HostContext] Well known directory 'Work': 'C:\Devops_training\DevOpsCICDProject\actions-runner\_work'
[2026-09-29 03:01:56Z INFO HostContext] Well known directory 'Actions': 'C:\Devops_training\DevOpsCICDProject\actions-runner\_work\_actions'
[2026-09-29 03:01:56Z INFO HostContext] Well known directory 'Bin': 'C:\Devops_training\DevOpsCICDProject\actions-runner\bin'
[2026-09-29 03:01:56Z INFO HostContext] Well known directory 'Root': 'C:\Devops_training\DevOpsCICDProject\actions-runner'
[2026-09-29 03:01:56Z INFO HostContext] Well known directory 'Work': 'C:\Devops_training\DevOpsCICDProject\actions-runner\_work'
[2026-09-29 03:01:56Z INFO HostContext] Well known directory 'Actions': 'C:\Devops_training\DevOpsCICDProject\actions-runner\_work\_actions'
[2026-09-29 03:01:56Z INFO ActionManager] Save archive 'https://codeload.github.com/actions/checkout/zip/11d5960a326750d5838078e36cf38b85af677262' into C:\Devops_training\DevOpsCICDProject\actions-runner\_work\_actions\_temp_1733ef49-a5a6-48b0-b0f4-5c9088f13d70\dfba3aab-80cf-4ffd-b9f9-5e17de7c5c45.zip.
[2026-09-29 03:01:56Z INFO ActionManager] Using Basic token for action archive download.
[2026-09-29 03:01:56Z INFO JobServerQueue] Try to append 1 batches web console lines for record 'f40db1bd-defe-49fa-a6d4-9db4d8322900', success rate: 1/1.
[2026-09-29 03:01:57Z INFO JobServerQueue] Job timeline record has been updated for the first time.
[2026-09-29 03:01:57Z INFO ActionManager] Request URL: https://codeload.github.com/actions/checkout/zip/11d5960a326750d5838078e36cf38b85af677262 X-GitHub-Request-Id: 1426:EF986:67E2:849BA:6ABB2A25 Http Status: OK
[2026-09-29 03:01:58Z INFO ActionManager] Finished getting action repository.
[2026-09-29 03:01:58Z INFO HostContext] Well known directory 'Bin': 'C:\Devops_training\DevOpsCICDProject\actions-runner\bin'
[2026-09-29 03:01:58Z INFO HostContext] Well known directory 'Root': 'C:\Devops_training\DevOpsCICDProject\actions-runner'
[2026-09-29 03:01:58Z INFO HostContext] Well known directory 'Work': 'C:\Devops_training\DevOpsCICDProject\actions-runner\_work'
[2026-09-29 03:01:58Z INFO HostContext] Well known directory 'Actions': 'C:\Devops_training\DevOpsCICDProject\actions-runner\_work\_actions'
[2026-09-29 03:01:58Z INFO ActionManifestManagerLegacy] Load schema file with definitions: [
  "null",
  "boolean",
  "number",
  "string",
  "sequence",
  "mapping",
  "any",
  "action-root",
  "inputs",
  "input",
  "outputs",
  "output-definition",
  "runs",
  "container-runs",
  "container-runs-args",
  "container-runs-env",
  "node-runs",
  "plugin-runs",
  "composite-runs",
  "composite-steps",
  "composite-step",
  "run-step",
  "uses-step",
  "container-runs-context",
  "output-value",
  "input-default-context",
  "non-empty-string",
  "string-steps-context",
  "boolean-steps-context",
  "step-env",
  "step-if",
  "step-with"
]
[2026-09-29 03:01:58Z INFO ActionManifestManager] Load schema file with definitions: [
  "null",
  "boolean",
  "number",
  "string",
  "sequence",
  "mapping",
  "any",
  "action-root",
  "inputs",
  "input",
  "outputs",
  "output-definition",
  "runs",
  "container-runs",
  "container-runs-args",
  "container-runs-env",
  "node-runs",
  "plugin-runs",
  "composite-runs",
  "composite-steps",
  "composite-step",
  "run-step",
  "uses-step",
  "container-runs-context",
  "output-value",
  "input-default-context",
  "non-empty-string",
  "string-steps-context",
  "boolean-steps-context",
  "step-env",
  "step-if",
  "step-with"
]
[2026-09-29 03:01:58Z INFO HostContext] Well known directory 'Bin': 'C:\Devops_training\DevOpsCICDProject\actions-runner\bin'
[2026-09-29 03:01:58Z INFO HostContext] Well known directory 'Root': 'C:\Devops_training\DevOpsCICDProject\actions-runner'
[2026-09-29 03:01:58Z INFO HostContext] Well known directory 'Work': 'C:\Devops_training\DevOpsCICDProject\actions-runner\_work'
[2026-09-29 03:01:58Z INFO HostContext] Well known directory 'Actions': 'C:\Devops_training\DevOpsCICDProject\actions-runner\_work\_actions'
[2026-09-29 03:01:58Z INFO ActionManifestManagerLegacy] Loaded action.yml file: {
  "name": "Checkout",
  "description": "Checkout a Git repository at a particular version",
  "inputs": {
    "type": 2,
    "map": [
      {
        "key": {
          "type": 0,
          "file": 2,
          "line": 4,
          "col": 3,
          "lit": "repository"
        },
        "value": {
          "type": 3,
          "file": 2,
          "line": 6,
          "col": 14,
          "expr": "github.repository"
        }
      },
      {
        "key": {
          "type": 0,
          "file": 2,
          "line": 7,
          "col": 3,
          "lit": "ref"
        },
        "value": ""
      },
      {
        "key": {
          "type": 0,
          "file": 2,
          "line": 12,
          "col": 3,
          "lit": "token"
        },
        "value": {
          "type": 3,
          "file": 2,
          "line": 24,
          "col": 14,
          "expr": "github.token"
        }
      },
      {
        "key": {
          "type": 0,
          "file": 2,
          "line": 25,
          "col": 3,
          "lit": "ssh-key"
        },
        "value": ""
      },
      {
        "key": {
          "type": 0,
          "file": 2,
          "line": 37,
          "col": 3,
          "lit": "ssh-known-hosts"
        },
        "value": ""
      },
      {
        "key": {
          "type": 0,
          "file": 2,
          "line": 42,
          "col": 3,
          "lit": "ssh-strict"
        },
        "value": {
          "type": 0,
          "file": 2,
          "line": 47,
          "col": 14,
          "lit": "true"
        }
      },
      {
        "key": {
          "type": 0,
          "file": 2,
          "line": 48,
          "col": 3,
          "lit": "ssh-user"
        },
        "value": {
          "type": 0,
          "file": 2,
          "line": 51,
          "col": 14,
          "lit": "git"
        }
      },
      {
        "key": {
          "type": 0,
          "file": 2,
          "line": 52,
          "col": 3,
          "lit": "persist-credentials"
        },
        "value": {
          "type": 0,
          "file": 2,
          "line": 54,
          "col": 14,
          "lit": "true"
        }
      },
      {
        "key": {
          "type": 0,
          "file": 2,
          "line": 55,
          "col": 3,
          "lit": "path"
        },
        "value": ""
      },
      {
        "key": {
          "type": 0,
          "file": 2,
          "line": 57,
          "col": 3,
          "lit": "clean"
        },
        "value": {
          "type": 0,
          "file": 2,
          "line": 59,
          "col": 14,
          "lit": "true"
        }
      },
      {
        "key": {
          "type": 0,
          "file": 2,
          "line": 60,
          "col": 3,
          "lit": "filter"
        },
        "value": {
          "type": 0,
          "file": 2,
          "line": 64,
          "col": 14,
          "lit": ""
        }
      },
      {
        "key": {
          "type": 0,
          "file": 2,
          "line": 65,
          "col": 3,
          "lit": "sparse-checkout"
        },
        "value": {
          "type": 0,
          "file": 2,
          "line": 69,
          "col": 14,
          "lit": ""
        }
      },
      {
        "key": {
          "type": 0,
          "file": 2,
          "line": 70,
          "col": 3,
          "lit": "sparse-checkout-cone-mode"
        },
        "value": {
          "type": 0,
          "file": 2,
          "line": 73,
          "col": 14,
          "lit": "true"
        }
      },
      {
        "key": {
          "type": 0,
          "file": 2,
          "line": 74,
          "col": 3,
          "lit": "fetch-depth"
        },
        "value": {
          "type": 0,
          "file": 2,
          "line": 76,
          "col": 14,
          "lit": "1"
        }
      },
      {
        "key": {
          "type": 0,
          "file": 2,
          "line": 77,
          "col": 3,
          "lit": "fetch-tags"
        },
        "value": {
          "type": 0,
          "file": 2,
          "line": 79,
          "col": 14,
          "lit": "false"
        }
      },
      {
        "key": {
          "type": 0,
          "file": 2,
          "line": 80,
          "col": 3,
          "lit": "show-progress"
        },
        "value": {
          "type": 0,
          "file": 2,
          "line": 82,
          "col": 14,
          "lit": "true"
        }
      },
      {
        "key": {
          "type": 0,
          "file": 2,
          "line": 83,
          "col": 3,
          "lit": "lfs"
        },
        "value": {
          "type": 0,
          "file": 2,
          "line": 85,
          "col": 14,
          "lit": "false"
        }
      },
      {
        "key": {
          "type": 0,
          "file": 2,
          "line": 86,
          "col": 3,
          "lit": "submodules"
        },
        "value": {
          "type": 0,
          "file": 2,
          "line": 94,
          "col": 14,
          "lit": "false"
        }
      },
      {
        "key": {
          "type": 0,
          "file": 2,
          "line": 95,
          "col": 3,
          "lit": "set-safe-directory"
        },
        "value": {
          "type": 0,
          "file": 2,
          "line": 97,
          "col": 14,
          "lit": "true"
        }
      },
      {
        "key": {
          "type": 0,
          "file": 2,
          "line": 98,
          "col": 3,
          "lit": "github-server-url"
        },
        "value": ""
      },
      {
        "key": {
          "type": 0,
          "file": 2,
          "line": 101,
          "col": 3,
          "lit": "allow-unsafe-pr-checkout"
        },
        "value": {
          "type": 0,
          "file": 2,
          "line": 109,
          "col": 14,
          "lit": "false"
        }
      }
    ]
  },
  "execution": {
    "executionType": "nodeJS",
    "hasPre": false,
    "hasPost": true,
    "script": "dist/index.js",
    "pre": null,
    "post": "dist/index.js",
    "nodeVersion": "node20",
    "cleanupCondition": "always()",
    "initCondition": "always()"
  },
  "deprecated": null
}
[2026-09-29 03:01:58Z INFO ActionManager] Action node.js file: dist/index.js, no more preparation.
[2026-09-29 03:01:58Z INFO HostContext] Well known directory 'Bin': 'C:\Devops_training\DevOpsCICDProject\actions-runner\bin'
[2026-09-29 03:01:58Z INFO HostContext] Well known directory 'Root': 'C:\Devops_training\DevOpsCICDProject\actions-runner'
[2026-09-29 03:01:58Z INFO HostContext] Well known directory 'Work': 'C:\Devops_training\DevOpsCICDProject\actions-runner\_work'
[2026-09-29 03:01:58Z INFO HostContext] Well known directory 'Actions': 'C:\Devops_training\DevOpsCICDProject\actions-runner\_work\_actions'
[2026-09-29 03:01:58Z INFO ActionManager] Load action that reference repository from 'C:\Devops_training\DevOpsCICDProject\actions-runner\_work\_actions\actions\checkout\v4'
[2026-09-29 03:01:58Z INFO HostContext] Well known directory 'Bin': 'C:\Devops_training\DevOpsCICDProject\actions-runner\bin'
[2026-09-29 03:01:58Z INFO HostContext] Well known directory 'Root': 'C:\Devops_training\DevOpsCICDProject\actions-runner'
[2026-09-29 03:01:58Z INFO HostContext] Well known directory 'Work': 'C:\Devops_training\DevOpsCICDProject\actions-runner\_work'
[2026-09-29 03:01:58Z INFO HostContext] Well known directory 'Actions': 'C:\Devops_training\DevOpsCICDProject\actions-runner\_work\_actions'
[2026-09-29 03:01:58Z INFO ActionManifestManagerLegacy] Loaded action.yml file: {
  "name": "Checkout",
  "description": "Checkout a Git repository at a particular version",
  "inputs": {
    "type": 2,
    "map": [
      {
        "key": {
          "type": 0,
          "file": 2,
          "line": 4,
          "col": 3,
          "lit": "repository"
        },
        "value": {
          "type": 3,
          "file": 2,
          "line": 6,
          "col": 14,
          "expr": "github.repository"
        }
      },
      {
        "key": {
          "type": 0,
          "file": 2,
          "line": 7,
          "col": 3,
          "lit": "ref"
        },
        "value": ""
      },
      {
        "key": {
          "type": 0,
          "file": 2,
          "line": 12,
          "col": 3,
          "lit": "token"
        },
        "value": {
          "type": 3,
          "file": 2,
          "line": 24,
          "col": 14,
          "expr": "github.token"
        }
      },
      {
        "key": {
          "type": 0,
          "file": 2,
          "line": 25,
          "col": 3,
          "lit": "ssh-key"
        },
        "value": ""
      },
      {
        "key": {
          "type": 0,
          "file": 2,
          "line": 37,
          "col": 3,
          "lit": "ssh-known-hosts"
        },
        "value": ""
      },
      {
        "key": {
          "type": 0,
          "file": 2,
          "line": 42,
          "col": 3,
          "lit": "ssh-strict"
        },
        "value": {
          "type": 0,
          "file": 2,
          "line": 47,
          "col": 14,
          "lit": "true"
        }
      },
      {
        "key": {
          "type": 0,
          "file": 2,
          "line": 48,
          "col": 3,
          "lit": "ssh-user"
        },
        "value": {
          "type": 0,
          "file": 2,
          "line": 51,
          "col": 14,
          "lit": "git"
        }
      },
      {
        "key": {
          "type": 0,
          "file": 2,
          "line": 52,
          "col": 3,
          "lit": "persist-credentials"
        },
        "value": {
          "type": 0,
          "file": 2,
          "line": 54,
          "col": 14,
          "lit": "true"
        }
      },
      {
        "key": {
          "type": 0,
          "file": 2,
          "line": 55,
          "col": 3,
          "lit": "path"
        },
        "value": ""
      },
      {
        "key": {
          "type": 0,
          "file": 2,
          "line": 57,
          "col": 3,
          "lit": "clean"
        },
        "value": {
          "type": 0,
          "file": 2,
          "line": 59,
          "col": 14,
          "lit": "true"
        }
      },
      {
        "key": {
          "type": 0,
          "file": 2,
          "line": 60,
          "col": 3,
          "lit": "filter"
        },
        "value": {
          "type": 0,
          "file": 2,
          "line": 64,
          "col": 14,
          "lit": ""
        }
      },
      {
        "key": {
          "type": 0,
          "file": 2,
          "line": 65,
          "col": 3,
          "lit": "sparse-checkout"
        },
        "value": {
          "type": 0,
          "file": 2,
          "line": 69,
          "col": 14,
          "lit": ""
        }
      },
      {
        "key": {
          "type": 0,
          "file": 2,
          "line": 70,
          "col": 3,
          "lit": "sparse-checkout-cone-mode"
        },
        "value": {
          "type": 0,
          "file": 2,
          "line": 73,
          "col": 14,
          "lit": "true"
        }
      },
      {
        "key": {
          "type": 0,
          "file": 2,
          "line": 74,
          "col": 3,
          "lit": "fetch-depth"
        },
        "value": {
          "type": 0,
          "file": 2,
          "line": 76,
          "col": 14,
          "lit": "1"
        }
      },
      {
        "key": {
          "type": 0,
          "file": 2,
          "line": 77,
          "col": 3,
          "lit": "fetch-tags"
        },
        "value": {
          "type": 0,
          "file": 2,
          "line": 79,
          "col": 14,
          "lit": "false"
        }
      },
      {
        "key": {
          "type": 0,
          "file": 2,
          "line": 80,
          "col": 3,
          "lit": "show-progress"
        },
        "value": {
          "type": 0,
          "file": 2,
          "line": 82,
          "col": 14,
          "lit": "true"
        }
      },
      {
        "key": {
          "type": 0,
          "file": 2,
          "line": 83,
          "col": 3,
          "lit": "lfs"
        },
        "value": {
          "type": 0,
          "file": 2,
          "line": 85,
          "col": 14,
          "lit": "false"
        }
      },
      {
        "key": {
          "type": 0,
          "file": 2,
          "line": 86,
          "col": 3,
          "lit": "submodules"
        },
        "value": {
          "type": 0,
          "file": 2,
          "line": 94,
          "col": 14,
          "lit": "false"
        }
      },
      {
        "key": {
          "type": 0,
          "file": 2,
          "line": 95,
          "col": 3,
          "lit": "set-safe-directory"
        },
        "value": {
          "type": 0,
          "file": 2,
          "line": 97,
          "col": 14,
          "lit": "true"
        }
      },
      {
        "key": {
          "type": 0,
          "file": 2,
          "line": 98,
          "col": 3,
          "lit": "github-server-url"
        },
        "value": ""
      },
      {
        "key": {
          "type": 0,
          "file": 2,
          "line": 101,
          "col": 3,
          "lit": "allow-unsafe-pr-checkout"
        },
        "value": {
          "type": 0,
          "file": 2,
          "line": 109,
          "col": 14,
          "lit": "false"
        }
      }
    ]
  },
  "execution": {
    "executionType": "nodeJS",
    "hasPre": false,
    "hasPost": true,
    "script": "dist/index.js",
    "pre": null,
    "post": "dist/index.js",
    "nodeVersion": "node20",
    "cleanupCondition": "always()",
    "initCondition": "always()"
  },
  "deprecated": null
}
[2026-09-29 03:01:58Z INFO ActionManager] Action pre node.js file: N/A.
[2026-09-29 03:01:58Z INFO ActionManager] Action node.js file: dist/index.js.
[2026-09-29 03:01:58Z INFO ActionManager] Action post node.js file: dist/index.js.
[2026-09-29 03:01:58Z INFO JobExtension] Adding .
[2026-09-29 03:01:58Z INFO JobExtension] Adding .
[2026-09-29 03:01:58Z INFO JobExtension] Adding .
[2026-09-29 03:01:58Z INFO JobExtension] Adding .
[2026-09-29 03:01:58Z INFO JobExtension] Adding .
[2026-09-29 03:01:58Z INFO JobExtension] Adding .
[2026-09-29 03:01:58Z INFO JobExtension] Adding .
[2026-09-29 03:01:58Z INFO HostContext] Well known directory 'Bin': 'C:\Devops_training\DevOpsCICDProject\actions-runner\bin'
[2026-09-29 03:01:58Z INFO HostContext] Well known directory 'Root': 'C:\Devops_training\DevOpsCICDProject\actions-runner'
[2026-09-29 03:01:58Z INFO HostContext] Well known directory 'Diag': 'C:\Devops_training\DevOpsCICDProject\actions-runner\_diag'
[2026-09-29 03:01:58Z INFO HostContext] Well known directory 'Bin': 'C:\Devops_training\DevOpsCICDProject\actions-runner\bin'
[2026-09-29 03:01:58Z INFO HostContext] Well known directory 'Root': 'C:\Devops_training\DevOpsCICDProject\actions-runner'
[2026-09-29 03:01:58Z INFO HostContext] Well known directory 'Diag': 'C:\Devops_training\DevOpsCICDProject\actions-runner\_diag'
[2026-09-29 03:01:58Z INFO HostContext] Well known directory 'Bin': 'C:\Devops_training\DevOpsCICDProject\actions-runner\bin'
[2026-09-29 03:01:58Z INFO HostContext] Well known directory 'Root': 'C:\Devops_training\DevOpsCICDProject\actions-runner'
[2026-09-29 03:01:58Z INFO HostContext] Well known directory 'Diag': 'C:\Devops_training\DevOpsCICDProject\actions-runner\_diag'
[2026-09-29 03:01:58Z INFO HostContext] Well known directory 'Bin': 'C:\Devops_training\DevOpsCICDProject\actions-runner\bin'
[2026-09-29 03:01:58Z INFO HostContext] Well known directory 'Root': 'C:\Devops_training\DevOpsCICDProject\actions-runner'
[2026-09-29 03:01:58Z INFO HostContext] Well known directory 'Diag': 'C:\Devops_training\DevOpsCICDProject\actions-runner\_diag'
[2026-09-29 03:01:58Z INFO HostContext] Well known directory 'Bin': 'C:\Devops_training\DevOpsCICDProject\actions-runner\bin'
[2026-09-29 03:01:58Z INFO HostContext] Well known directory 'Root': 'C:\Devops_training\DevOpsCICDProject\actions-runner'
[2026-09-29 03:01:58Z INFO HostContext] Well known directory 'Diag': 'C:\Devops_training\DevOpsCICDProject\actions-runner\_diag'
[2026-09-29 03:01:58Z INFO HostContext] Well known directory 'Bin': 'C:\Devops_training\DevOpsCICDProject\actions-runner\bin'
[2026-09-29 03:01:58Z INFO HostContext] Well known directory 'Root': 'C:\Devops_training\DevOpsCICDProject\actions-runner'
[2026-09-29 03:01:58Z INFO HostContext] Well known directory 'Diag': 'C:\Devops_training\DevOpsCICDProject\actions-runner\_diag'
[2026-09-29 03:01:58Z INFO HostContext] Well known directory 'Bin': 'C:\Devops_training\DevOpsCICDProject\actions-runner\bin'
[2026-09-29 03:01:58Z INFO HostContext] Well known directory 'Root': 'C:\Devops_training\DevOpsCICDProject\actions-runner'
[2026-09-29 03:01:58Z INFO HostContext] Well known directory 'Diag': 'C:\Devops_training\DevOpsCICDProject\actions-runner\_diag'
[2026-09-29 03:01:58Z INFO HostContext] Well known directory 'Bin': 'C:\Devops_training\DevOpsCICDProject\actions-runner\bin'
[2026-09-29 03:01:58Z INFO HostContext] Well known directory 'Root': 'C:\Devops_training\DevOpsCICDProject\actions-runner'
[2026-09-29 03:01:58Z INFO HostContext] Well known directory 'Diag': 'C:\Devops_training\DevOpsCICDProject\actions-runner\_diag'
[2026-09-29 03:01:58Z INFO HostContext] Well known directory 'Bin': 'C:\Devops_training\DevOpsCICDProject\actions-runner\bin'
[2026-09-29 03:01:58Z INFO HostContext] Well known directory 'Root': 'C:\Devops_training\DevOpsCICDProject\actions-runner'
[2026-09-29 03:01:58Z INFO JobServerQueue] Try to append 1 batches web console lines for record 'f40db1bd-defe-49fa-a6d4-9db4d8322900', success rate: 1/1.
[2026-09-29 03:01:58Z INFO HostContext] Well known directory 'Diag': 'C:\Devops_training\DevOpsCICDProject\actions-runner\_diag'
[2026-09-29 03:01:58Z INFO HostContext] Well known directory 'Bin': 'C:\Devops_training\DevOpsCICDProject\actions-runner\bin'
[2026-09-29 03:01:58Z INFO HostContext] Well known directory 'Root': 'C:\Devops_training\DevOpsCICDProject\actions-runner'
[2026-09-29 03:01:58Z INFO HostContext] Well known directory 'Diag': 'C:\Devops_training\DevOpsCICDProject\actions-runner\_diag'
[2026-09-29 03:01:58Z INFO HostContext] Well known directory 'Bin': 'C:\Devops_training\DevOpsCICDProject\actions-runner\bin'
[2026-09-29 03:01:58Z INFO HostContext] Well known directory 'Root': 'C:\Devops_training\DevOpsCICDProject\actions-runner'
[2026-09-29 03:01:58Z INFO HostContext] Well known directory 'Diag': 'C:\Devops_training\DevOpsCICDProject\actions-runner\_diag'
[2026-09-29 03:01:58Z INFO HostContext] Well known directory 'Bin': 'C:\Devops_training\DevOpsCICDProject\actions-runner\bin'
[2026-09-29 03:01:58Z INFO HostContext] Well known directory 'Root': 'C:\Devops_training\DevOpsCICDProject\actions-runner'
[2026-09-29 03:01:58Z INFO HostContext] Well known directory 'Diag': 'C:\Devops_training\DevOpsCICDProject\actions-runner\_diag'
[2026-09-29 03:01:58Z INFO HostContext] Well known directory 'Bin': 'C:\Devops_training\DevOpsCICDProject\actions-runner\bin'
[2026-09-29 03:01:58Z INFO HostContext] Well known directory 'Root': 'C:\Devops_training\DevOpsCICDProject\actions-runner'
[2026-09-29 03:01:58Z INFO HostContext] Well known directory 'Diag': 'C:\Devops_training\DevOpsCICDProject\actions-runner\_diag'
[2026-09-29 03:01:58Z INFO HostContext] Well known directory 'Bin': 'C:\Devops_training\DevOpsCICDProject\actions-runner\bin'
[2026-09-29 03:01:58Z INFO HostContext] Well known directory 'Root': 'C:\Devops_training\DevOpsCICDProject\actions-runner'
[2026-09-29 03:01:58Z INFO HostContext] Well known directory 'Diag': 'C:\Devops_training\DevOpsCICDProject\actions-runner\_diag'
[2026-09-29 03:01:58Z INFO JobExtension] Total accessible running process: 346.
[2026-09-29 03:01:58Z INFO HostContext] Well known directory 'Bin': 'C:\Devops_training\DevOpsCICDProject\actions-runner\bin'
[2026-09-29 03:01:58Z INFO HostContext] Well known directory 'Root': 'C:\Devops_training\DevOpsCICDProject\actions-runner'
[2026-09-29 03:01:58Z INFO HostContext] Well known directory 'Work': 'C:\Devops_training\DevOpsCICDProject\actions-runner\_work'
[2026-09-29 03:01:58Z INFO JobExtension] Start checking server connectivity.
[2026-09-29 03:01:58Z INFO JobExtension] Check server connectivity for https://broker.actions.githubusercontent.com/health.
[2026-09-29 03:01:58Z INFO JobExtension] Check server connectivity for https://token.actions.githubusercontent.com/ready.
[2026-09-29 03:01:58Z INFO JobExtension] Check server connectivity for https://run.actions.githubusercontent.com/health.
[2026-09-29 03:01:58Z INFO JobExtension] Start checking service connectivity in background.
[2026-09-29 03:01:58Z INFO ExecutionContext] Publish step telemetry for current step {
  "action": "setup_job",
  "type": "runner",
  "stage": "Pre",
  "stepId": "f40db1bd-defe-49fa-a6d4-9db4d8322900",
  "result": "succeeded",
  "errorMessages": [],
  "executionTimeInSeconds": 4,
  "startTime": "2026-09-29T03:01:55.8023297Z",
  "finishTime": "2026-09-29T03:01:58.8292742Z"
}.
[2026-09-29 03:01:58Z INFO JobRunner] Total job steps: 7.
[2026-09-29 03:01:58Z INFO JobRunner] Run all job steps.
[2026-09-29 03:01:58Z INFO DapDebugger] DapDebugger initialized
[2026-09-29 03:01:58Z INFO StepsRunner] Processing step: DisplayName='Checkout Code'
[2026-09-29 03:01:58Z INFO StepsRunner] Evaluating: success()
[2026-09-29 03:01:58Z INFO StepsRunner] Result: true
[2026-09-29 03:01:58Z INFO StepsRunner] Starting the step.
[2026-09-29 03:01:58Z INFO HostContext] Well known directory 'Bin': 'C:\Devops_training\DevOpsCICDProject\actions-runner\bin'
[2026-09-29 03:01:58Z INFO HostContext] Well known directory 'Root': 'C:\Devops_training\DevOpsCICDProject\actions-runner'
[2026-09-29 03:01:58Z INFO HostContext] Well known directory 'Work': 'C:\Devops_training\DevOpsCICDProject\actions-runner\_work'
[2026-09-29 03:01:58Z INFO StepsRunner] Which2: 'chcp'
[2026-09-29 03:01:58Z INFO StepsRunner] Location: 'C:\windows\system32\chcp.COM'
[2026-09-29 03:01:58Z INFO ProcessInvokerWrapper] Starting process:
[2026-09-29 03:01:58Z INFO ProcessInvokerWrapper]   File name: 'C:\windows\system32\chcp.COM'
[2026-09-29 03:01:58Z INFO ProcessInvokerWrapper]   Arguments: '65001'
[2026-09-29 03:01:58Z INFO ProcessInvokerWrapper]   Working directory: 'C:\Devops_training\DevOpsCICDProject\actions-runner\_work'
[2026-09-29 03:01:58Z INFO ProcessInvokerWrapper]   Require exit code zero: 'False'
[2026-09-29 03:01:58Z INFO ProcessInvokerWrapper]   Encoding web name:  ; code page: ''
[2026-09-29 03:01:58Z INFO ProcessInvokerWrapper]   Force kill process on cancellation: 'False'
[2026-09-29 03:01:58Z INFO ProcessInvokerWrapper]   Redirected STDIN: 'False'
[2026-09-29 03:01:58Z INFO ProcessInvokerWrapper]   Persist current code page: 'True'
[2026-09-29 03:01:58Z INFO ProcessInvokerWrapper]   Keep redirected STDIN open: 'False'
[2026-09-29 03:01:58Z INFO ProcessInvokerWrapper]   High priority process: 'False'
[2026-09-29 03:01:59Z INFO ProcessInvokerWrapper] Process started with process id 16292, waiting for process exit.
[2026-09-29 03:01:59Z INFO ProcessInvokerWrapper] STDOUT/STDERR stream read finished.
[2026-09-29 03:01:59Z INFO ProcessInvokerWrapper] STDOUT/STDERR stream read finished.
[2026-09-29 03:01:59Z INFO ProcessInvokerWrapper] Finished process 16292 with exit code 0, and elapsed time 00:00:00.0546872.
[2026-09-29 03:01:59Z INFO StepsRunner] Successfully returned to code page 65001 (UTF8)
[2026-09-29 03:01:59Z INFO HostContext] Well known directory 'Bin': 'C:\Devops_training\DevOpsCICDProject\actions-runner\bin'
[2026-09-29 03:01:59Z INFO HostContext] Well known directory 'Root': 'C:\Devops_training\DevOpsCICDProject\actions-runner'
[2026-09-29 03:01:59Z INFO HostContext] Well known directory 'Work': 'C:\Devops_training\DevOpsCICDProject\actions-runner\_work'
[2026-09-29 03:01:59Z INFO HostContext] Well known directory 'Actions': 'C:\Devops_training\DevOpsCICDProject\actions-runner\_work\_actions'
[2026-09-29 03:01:59Z INFO ActionManager] Load action that reference repository from 'C:\Devops_training\DevOpsCICDProject\actions-runner\_work\_actions\actions\checkout\v4'
[2026-09-29 03:01:59Z INFO HostContext] Well known directory 'Bin': 'C:\Devops_training\DevOpsCICDProject\actions-runner\bin'
[2026-09-29 03:01:59Z INFO HostContext] Well known directory 'Root': 'C:\Devops_training\DevOpsCICDProject\actions-runner'
[2026-09-29 03:01:59Z INFO HostContext] Well known directory 'Work': 'C:\Devops_training\DevOpsCICDProject\actions-runner\_work'
[2026-09-29 03:01:59Z INFO HostContext] Well known directory 'Actions': 'C:\Devops_training\DevOpsCICDProject\actions-runner\_work\_actions'
[2026-09-29 03:01:59Z INFO ActionManifestManagerLegacy] Loaded action.yml file: {
  "name": "Checkout",
  "description": "Checkout a Git repository at a particular version",
  "inputs": {
    "type": 2,
    "map": [
      {
        "key": {
          "type": 0,
          "file": 2,
          "line": 4,
          "col": 3,
          "lit": "repository"
        },
        "value": {
          "type": 3,
          "file": 2,
          "line": 6,
          "col": 14,
          "expr": "github.repository"
        }
      },
      {
        "key": {
          "type": 0,
          "file": 2,
          "line": 7,
          "col": 3,
          "lit": "ref"
        },
        "value": ""
      },
      {
        "key": {
          "type": 0,
          "file": 2,
          "line": 12,
          "col": 3,
          "lit": "token"
        },
        "value": {
          "type": 3,
          "file": 2,
          "line": 24,
          "col": 14,
          "expr": "github.token"
        }
      },
      {
        "key": {
          "type": 0,
          "file": 2,
          "line": 25,
          "col": 3,
          "lit": "ssh-key"
        },
        "value": ""
      },
      {
        "key": {
          "type": 0,
          "file": 2,
          "line": 37,
          "col": 3,
          "lit": "ssh-known-hosts"
        },
        "value": ""
      },
      {
        "key": {
          "type": 0,
          "file": 2,
          "line": 42,
          "col": 3,
          "lit": "ssh-strict"
        },
        "value": {
          "type": 0,
          "file": 2,
          "line": 47,
          "col": 14,
          "lit": "true"
        }
      },
      {
        "key": {
          "type": 0,
          "file": 2,
          "line": 48,
          "col": 3,
          "lit": "ssh-user"
        },
        "value": {
          "type": 0,
          "file": 2,
          "line": 51,
          "col": 14,
          "lit": "git"
        }
      },
      {
        "key": {
          "type": 0,
          "file": 2,
          "line": 52,
          "col": 3,
          "lit": "persist-credentials"
        },
        "value": {
          "type": 0,
          "file": 2,
          "line": 54,
          "col": 14,
          "lit": "true"
        }
      },
      {
        "key": {
          "type": 0,
          "file": 2,
          "line": 55,
          "col": 3,
          "lit": "path"
        },
        "value": ""
      },
      {
        "key": {
          "type": 0,
          "file": 2,
          "line": 57,
          "col": 3,
          "lit": "clean"
        },
        "value": {
          "type": 0,
          "file": 2,
          "line": 59,
          "col": 14,
          "lit": "true"
        }
      },
      {
        "key": {
          "type": 0,
          "file": 2,
          "line": 60,
          "col": 3,
          "lit": "filter"
        },
        "value": {
          "type": 0,
          "file": 2,
          "line": 64,
          "col": 14,
          "lit": ""
        }
      },
      {
        "key": {
          "type": 0,
          "file": 2,
          "line": 65,
          "col": 3,
          "lit": "sparse-checkout"
        },
        "value": {
          "type": 0,
          "file": 2,
          "line": 69,
          "col": 14,
          "lit": ""
        }
      },
      {
        "key": {
          "type": 0,
          "file": 2,
          "line": 70,
          "col": 3,
          "lit": "sparse-checkout-cone-mode"
        },
        "value": {
          "type": 0,
          "file": 2,
          "line": 73,
          "col": 14,
          "lit": "true"
        }
      },
      {
        "key": {
          "type": 0,
          "file": 2,
          "line": 74,
          "col": 3,
          "lit": "fetch-depth"
        },
        "value": {
          "type": 0,
          "file": 2,
          "line": 76,
          "col": 14,
          "lit": "1"
        }
      },
      {
        "key": {
          "type": 0,
          "file": 2,
          "line": 77,
          "col": 3,
          "lit": "fetch-tags"
        },
        "value": {
          "type": 0,
          "file": 2,
          "line": 79,
          "col": 14,
          "lit": "false"
        }
      },
      {
        "key": {
          "type": 0,
          "file": 2,
          "line": 80,
          "col": 3,
          "lit": "show-progress"
        },
        "value": {
          "type": 0,
          "file": 2,
          "line": 82,
          "col": 14,
          "lit": "true"
        }
      },
      {
        "key": {
          "type": 0,
          "file": 2,
          "line": 83,
          "col": 3,
          "lit": "lfs"
        },
        "value": {
          "type": 0,
          "file": 2,
          "line": 85,
          "col": 14,
          "lit": "false"
        }
      },
      {
        "key": {
          "type": 0,
          "file": 2,
          "line": 86,
          "col": 3,
          "lit": "submodules"
        },
        "value": {
          "type": 0,
          "file": 2,
          "line": 94,
          "col": 14,
          "lit": "false"
        }
      },
      {
        "key": {
          "type": 0,
          "file": 2,
          "line": 95,
          "col": 3,
          "lit": "set-safe-directory"
        },
        "value": {
          "type": 0,
          "file": 2,
          "line": 97,
          "col": 14,
          "lit": "true"
        }
      },
      {
        "key": {
          "type": 0,
          "file": 2,
          "line": 98,
          "col": 3,
          "lit": "github-server-url"
        },
        "value": ""
      },
      {
        "key": {
          "type": 0,
          "file": 2,
          "line": 101,
          "col": 3,
          "lit": "allow-unsafe-pr-checkout"
        },
        "value": {
          "type": 0,
          "file": 2,
          "line": 109,
          "col": 14,
          "lit": "false"
        }
      }
    ]
  },
  "execution": {
    "executionType": "nodeJS",
    "hasPre": false,
    "hasPost": true,
    "script": "dist/index.js",
    "pre": null,
    "post": "dist/index.js",
    "nodeVersion": "node20",
    "cleanupCondition": "always()",
    "initCondition": "always()"
  },
  "deprecated": null
}
[2026-09-29 03:01:59Z INFO ActionManager] Action pre node.js file: N/A.
[2026-09-29 03:01:59Z INFO ActionManager] Action node.js file: dist/index.js.
[2026-09-29 03:01:59Z INFO ActionManager] Action post node.js file: dist/index.js.
[2026-09-29 03:01:59Z INFO ExecutionContext] Reserve record order 9 to 16 for post job actions.
[2026-09-29 03:01:59Z INFO HostContext] Well known directory 'Bin': 'C:\Devops_training\DevOpsCICDProject\actions-runner\bin'
[2026-09-29 03:01:59Z INFO HostContext] Well known directory 'Root': 'C:\Devops_training\DevOpsCICDProject\actions-runner'
[2026-09-29 03:01:59Z INFO HostContext] Well known directory 'Diag': 'C:\Devops_training\DevOpsCICDProject\actions-runner\_diag'
[2026-09-29 03:01:59Z INFO HostContext] Well known directory 'Bin': 'C:\Devops_training\DevOpsCICDProject\actions-runner\bin'
[2026-09-29 03:01:59Z INFO HostContext] Well known directory 'Root': 'C:\Devops_training\DevOpsCICDProject\actions-runner'
[2026-09-29 03:01:59Z INFO HostContext] Well known directory 'Diag': 'C:\Devops_training\DevOpsCICDProject\actions-runner\_diag'
[2026-09-29 03:01:59Z INFO HostContext] Well known directory 'Bin': 'C:\Devops_training\DevOpsCICDProject\actions-runner\bin'
[2026-09-29 03:01:59Z INFO HostContext] Well known directory 'Root': 'C:\Devops_training\DevOpsCICDProject\actions-runner'
[2026-09-29 03:01:59Z INFO HostContext] Well known directory 'Work': 'C:\Devops_training\DevOpsCICDProject\actions-runner\_work'
[2026-09-29 03:01:59Z INFO HostContext] Well known directory 'Temp': 'C:\Devops_training\DevOpsCICDProject\actions-runner\_work\_temp'
[2026-09-29 03:01:59Z INFO ExecutionContext] Write event payload to C:\Devops_training\DevOpsCICDProject\actions-runner\_work\_temp\_github_workflow\event.json
[2026-09-29 03:01:59Z INFO HostContext] Well known directory 'Bin': 'C:\Devops_training\DevOpsCICDProject\actions-runner\bin'
[2026-09-29 03:01:59Z INFO HostContext] Well known directory 'Root': 'C:\Devops_training\DevOpsCICDProject\actions-runner'
[2026-09-29 03:01:59Z INFO HostContext] Well known directory 'Work': 'C:\Devops_training\DevOpsCICDProject\actions-runner\_work'
[2026-09-29 03:01:59Z INFO HostContext] Well known directory 'Temp': 'C:\Devops_training\DevOpsCICDProject\actions-runner\_work\_temp'
[2026-09-29 03:01:59Z INFO ExtensionManager] Getting extensions for interface: 'GitHub.Runner.Worker.IFileCommandExtension'
[2026-09-29 03:01:59Z INFO ExtensionManager] Creating instance: GitHub.Runner.Worker.AddPathFileCommand, Runner.Worker
[2026-09-29 03:01:59Z INFO ExtensionManager] Creating instance: GitHub.Runner.Worker.SetEnvFileCommand, Runner.Worker
[2026-09-29 03:01:59Z INFO ExtensionManager] Creating instance: GitHub.Runner.Worker.CreateStepSummaryCommand, Runner.Worker
[2026-09-29 03:01:59Z INFO ExtensionManager] Creating instance: GitHub.Runner.Worker.SaveStateFileCommand, Runner.Worker
[2026-09-29 03:01:59Z INFO ExtensionManager] Creating instance: GitHub.Runner.Worker.SetOutputFileCommand, Runner.Worker
[2026-09-29 03:01:59Z INFO ExtensionManager] Creating instance: GitHub.Runner.Worker.CreateArtifactsFileCommand, Runner.Worker
[2026-09-29 03:01:59Z INFO ExtensionManager] Creating instance: GitHub.Runner.Worker.ArtifactsListFileCommand, Runner.Worker
[2026-09-29 03:01:59Z INFO ActionManifestManagerLegacy] Input 'repository': default value evaluate result: {
  "type": 0,
  "file": 2,
  "line": 6,
  "col": 14,
  "lit": "Prabhatkumarkhemariya/DevOpsCICDProject"
}
[2026-09-29 03:01:59Z INFO ActionManifestManagerLegacy] Input 'ref': default value evaluate result: ""
[2026-09-29 03:01:59Z INFO ActionManifestManagerLegacy] Input 'token': default value evaluate result: {
  "type": 0,
  "file": 2,
  "line": 24,
  "col": 14,
  "lit": "***"
}
[2026-09-29 03:01:59Z INFO ActionManifestManagerLegacy] Input 'ssh-key': default value evaluate result: ""
[2026-09-29 03:01:59Z INFO ActionManifestManagerLegacy] Input 'ssh-known-hosts': default value evaluate result: ""
[2026-09-29 03:01:59Z INFO ActionManifestManagerLegacy] Input 'ssh-strict': default value evaluate result: {
  "type": 0,
  "file": 2,
  "line": 47,
  "col": 14,
  "lit": "true"
}
[2026-09-29 03:01:59Z INFO ActionManifestManagerLegacy] Input 'ssh-user': default value evaluate result: {
  "type": 0,
  "file": 2,
  "line": 51,
  "col": 14,
  "lit": "git"
}
[2026-09-29 03:01:59Z INFO ActionManifestManagerLegacy] Input 'persist-credentials': default value evaluate result: {
  "type": 0,
  "file": 2,
  "line": 54,
  "col": 14,
  "lit": "true"
}
[2026-09-29 03:01:59Z INFO ActionManifestManagerLegacy] Input 'path': default value evaluate result: ""
[2026-09-29 03:01:59Z INFO ActionManifestManagerLegacy] Input 'clean': default value evaluate result: {
  "type": 0,
  "file": 2,
  "line": 59,
  "col": 14,
  "lit": "true"
}
[2026-09-29 03:01:59Z INFO ActionManifestManagerLegacy] Input 'filter': default value evaluate result: {
  "type": 0,
  "file": 2,
  "line": 64,
  "col": 14,
  "lit": ""
}
[2026-09-29 03:01:59Z INFO ActionManifestManagerLegacy] Input 'sparse-checkout': default value evaluate result: {
  "type": 0,
  "file": 2,
  "line": 69,
  "col": 14,
  "lit": ""
}
[2026-09-29 03:01:59Z INFO ActionManifestManagerLegacy] Input 'sparse-checkout-cone-mode': default value evaluate result: {
  "type": 0,
  "file": 2,
  "line": 73,
  "col": 14,
  "lit": "true"
}
[2026-09-29 03:01:59Z INFO ActionManifestManagerLegacy] Input 'fetch-depth': default value evaluate result: {
  "type": 0,
  "file": 2,
  "line": 76,
  "col": 14,
  "lit": "1"
}
[2026-09-29 03:01:59Z INFO ActionManifestManagerLegacy] Input 'fetch-tags': default value evaluate result: {
  "type": 0,
  "file": 2,
  "line": 79,
  "col": 14,
  "lit": "false"
}
[2026-09-29 03:01:59Z INFO ActionManifestManagerLegacy] Input 'show-progress': default value evaluate result: {
  "type": 0,
  "file": 2,
  "line": 82,
  "col": 14,
  "lit": "true"
}
[2026-09-29 03:01:59Z INFO ActionManifestManagerLegacy] Input 'lfs': default value evaluate result: {
  "type": 0,
  "file": 2,
  "line": 85,
  "col": 14,
  "lit": "false"
}
[2026-09-29 03:01:59Z INFO ActionManifestManagerLegacy] Input 'submodules': default value evaluate result: {
  "type": 0,
  "file": 2,
  "line": 94,
  "col": 14,
  "lit": "false"
}
[2026-09-29 03:01:59Z INFO ActionManifestManagerLegacy] Input 'set-safe-directory': default value evaluate result: {
  "type": 0,
  "file": 2,
  "line": 97,
  "col": 14,
  "lit": "true"
}
[2026-09-29 03:01:59Z INFO ActionManifestManagerLegacy] Input 'github-server-url': default value evaluate result: ""
[2026-09-29 03:01:59Z INFO ActionManifestManagerLegacy] Input 'allow-unsafe-pr-checkout': default value evaluate result: {
  "type": 0,
  "file": 2,
  "line": 109,
  "col": 14,
  "lit": "false"
}
[2026-09-29 03:01:59Z INFO ExtensionManager] Getting extensions for interface: 'GitHub.Runner.Worker.IActionCommandExtension'
[2026-09-29 03:01:59Z INFO ExtensionManager] Creating instance: GitHub.Runner.Worker.InternalPluginSetRepoPathCommandExtension, Runner.Worker
[2026-09-29 03:01:59Z INFO ExtensionManager] Creating instance: GitHub.Runner.Worker.SetEnvCommandExtension, Runner.Worker
[2026-09-29 03:01:59Z INFO ExtensionManager] Creating instance: GitHub.Runner.Worker.SetOutputCommandExtension, Runner.Worker
[2026-09-29 03:01:59Z INFO ExtensionManager] Creating instance: GitHub.Runner.Worker.SaveStateCommandExtension, Runner.Worker
[2026-09-29 03:01:59Z INFO ExtensionManager] Creating instance: GitHub.Runner.Worker.AddPathCommandExtension, Runner.Worker
[2026-09-29 03:01:59Z INFO ExtensionManager] Creating instance: GitHub.Runner.Worker.AddMaskCommandExtension, Runner.Worker
[2026-09-29 03:01:59Z INFO ExtensionManager] Creating instance: GitHub.Runner.Worker.AddMatcherCommandExtension, Runner.Worker
[2026-09-29 03:01:59Z INFO ExtensionManager] Creating instance: GitHub.Runner.Worker.RemoveMatcherCommandExtension, Runner.Worker
[2026-09-29 03:01:59Z INFO ExtensionManager] Creating instance: GitHub.Runner.Worker.WarningCommandExtension, Runner.Worker
[2026-09-29 03:01:59Z INFO ExtensionManager] Creating instance: GitHub.Runner.Worker.ErrorCommandExtension, Runner.Worker
[2026-09-29 03:01:59Z INFO ExtensionManager] Creating instance: GitHub.Runner.Worker.NoticeCommandExtension, Runner.Worker
[2026-09-29 03:01:59Z INFO ExtensionManager] Creating instance: GitHub.Runner.Worker.DebugCommandExtension, Runner.Worker
[2026-09-29 03:01:59Z INFO ExtensionManager] Creating instance: GitHub.Runner.Worker.GroupCommandExtension, Runner.Worker
[2026-09-29 03:01:59Z INFO ExtensionManager] Creating instance: GitHub.Runner.Worker.EndGroupCommandExtension, Runner.Worker
[2026-09-29 03:01:59Z INFO ExtensionManager] Creating instance: GitHub.Runner.Worker.EchoCommandExtension, Runner.Worker
[2026-09-29 03:01:59Z INFO ActionCommandManager] Register action command extension for command internal-set-repo-path
[2026-09-29 03:01:59Z INFO ActionCommandManager] Register action command extension for command set-env
[2026-09-29 03:01:59Z INFO ActionCommandManager] Register action command extension for command set-output
[2026-09-29 03:01:59Z INFO ActionCommandManager] Register action command extension for command save-state
[2026-09-29 03:01:59Z INFO ActionCommandManager] Register action command extension for command add-path
[2026-09-29 03:01:59Z INFO ActionCommandManager] Register action command extension for command add-mask
[2026-09-29 03:01:59Z INFO ActionCommandManager] Register action command extension for command add-matcher
[2026-09-29 03:01:59Z INFO ActionCommandManager] Register action command extension for command remove-matcher
[2026-09-29 03:01:59Z INFO ActionCommandManager] Register action command extension for command warning
[2026-09-29 03:01:59Z INFO ActionCommandManager] Register action command extension for command error
[2026-09-29 03:01:59Z INFO ActionCommandManager] Register action command extension for command notice
[2026-09-29 03:01:59Z INFO ActionCommandManager] Register action command extension for command debug
[2026-09-29 03:01:59Z INFO ActionCommandManager] Register action command extension for command group
[2026-09-29 03:01:59Z INFO ActionCommandManager] Register action command extension for command endgroup
[2026-09-29 03:01:59Z INFO ActionCommandManager] Register action command extension for command echo
[2026-09-29 03:01:59Z INFO HostContext] Well known directory 'Bin': 'C:\Devops_training\DevOpsCICDProject\actions-runner\bin'
[2026-09-29 03:01:59Z INFO HostContext] Well known directory 'Root': 'C:\Devops_training\DevOpsCICDProject\actions-runner'
[2026-09-29 03:01:59Z INFO HostContext] Well known directory 'Externals': 'C:\Devops_training\DevOpsCICDProject\actions-runner\externals'
[2026-09-29 03:01:59Z INFO ProcessInvokerWrapper] Starting process:
[2026-09-29 03:01:59Z INFO ProcessInvokerWrapper]   File name: 'C:\Devops_training\DevOpsCICDProject\actions-runner\externals\node24\bin\node.exe'
[2026-09-29 03:01:59Z INFO ProcessInvokerWrapper]   Arguments: '"C:\Devops_training\DevOpsCICDProject\actions-runner\_work\_actions\actions\checkout\v4\dist/index.js"'
[2026-09-29 03:01:59Z INFO ProcessInvokerWrapper]   Working directory: 'C:\Devops_training\DevOpsCICDProject\actions-runner\_work\DevOpsCICDProject\DevOpsCICDProject'
[2026-09-29 03:01:59Z INFO ProcessInvokerWrapper]   Require exit code zero: 'False'
[2026-09-29 03:01:59Z INFO ProcessInvokerWrapper]   Encoding web name: utf-8 ; code page: '65001'
[2026-09-29 03:01:59Z INFO JobServerQueue] Try to append 1 batches web console lines for record '54715c97-f6b3-4577-8c88-29d711fc6671', success rate: 1/1.
[2026-09-29 03:01:59Z INFO ProcessInvokerWrapper]   Force kill process on cancellation: 'False'
[2026-09-29 03:01:59Z INFO ProcessInvokerWrapper]   Redirected STDIN: 'False'
[2026-09-29 03:01:59Z INFO ProcessInvokerWrapper]   Persist current code page: 'True'
[2026-09-29 03:01:59Z INFO ProcessInvokerWrapper]   Keep redirected STDIN open: 'False'
[2026-09-29 03:01:59Z INFO ProcessInvokerWrapper]   High priority process: 'False'
[2026-09-29 03:01:59Z INFO ProcessInvokerWrapper] Process started with process id 2996, waiting for process exit.
[2026-09-29 03:01:59Z INFO AddMaskCommandExtension] Add new secret mask with length of 524
[2026-09-29 03:01:59Z INFO JobServerQueue] Try to append 1 batches web console lines for record '54715c97-f6b3-4577-8c88-29d711fc6671', success rate: 1/1.
[2026-09-29 03:01:59Z INFO JobServerQueue] Try to append 1 batches web console lines for record '54715c97-f6b3-4577-8c88-29d711fc6671', success rate: 1/1.
[2026-09-29 03:01:59Z INFO JobServerQueue] Got a step log file to send to results service.
[2026-09-29 03:01:59Z INFO JobServerQueue] Starting upload of step log file to results service ResultsLog, C:\Devops_training\DevOpsCICDProject\actions-runner\_diag\blocks\18992a38-1bf9-4361-a4b9-910b2c944550_f40db1bd-defe-49fa-a6d4-9db4d8322900.1
[2026-09-29 03:01:59Z INFO JobServerQueue] Try to upload 1 log files or attachments, success rate: 1/1.
[2026-09-29 03:02:00Z INFO JobServerQueue] Try to append 1 batches web console lines for record '54715c97-f6b3-4577-8c88-29d711fc6671', success rate: 1/1.
[2026-09-29 03:02:01Z INFO JobServerQueue] Try to append 1 batches web console lines for record '54715c97-f6b3-4577-8c88-29d711fc6671', success rate: 1/1.
[2026-09-29 03:02:01Z INFO JobServerQueue] Tried to upload 1 file(s) to results, success rate: 1/1.
[2026-09-29 03:02:01Z INFO JobServerQueue] Try to append 1 batches web console lines for record '54715c97-f6b3-4577-8c88-29d711fc6671', success rate: 1/1.
[2026-09-29 03:02:03Z INFO JobServerQueue] Try to append 1 batches web console lines for record '54715c97-f6b3-4577-8c88-29d711fc6671', success rate: 1/1.
[2026-09-29 03:02:03Z INFO JobServerQueue] Try to append 1 batches web console lines for record '54715c97-f6b3-4577-8c88-29d711fc6671', success rate: 1/1.
[2026-09-29 03:02:04Z INFO JobServerQueue] Try to append 1 batches web console lines for record '54715c97-f6b3-4577-8c88-29d711fc6671', success rate: 1/1.
[2026-09-29 03:02:04Z INFO JobServerQueue] Try to append 1 batches web console lines for record '54715c97-f6b3-4577-8c88-29d711fc6671', success rate: 1/1.
[2026-09-29 03:02:06Z INFO JobServerQueue] Try to append 1 batches web console lines for record '54715c97-f6b3-4577-8c88-29d711fc6671', success rate: 1/1.
[2026-09-29 03:02:07Z INFO JobServerQueue] Try to append 1 batches web console lines for record '54715c97-f6b3-4577-8c88-29d711fc6671', success rate: 1/1.
[2026-09-29 03:02:07Z INFO JobServerQueue] Try to append 1 batches web console lines for record '54715c97-f6b3-4577-8c88-29d711fc6671', success rate: 1/1.
[2026-09-29 03:02:08Z INFO ProcessInvokerWrapper] STDOUT/STDERR stream read finished.
[2026-09-29 03:02:08Z INFO ProcessInvokerWrapper] STDOUT/STDERR stream read finished.
[2026-09-29 03:02:08Z INFO ProcessInvokerWrapper] Finished process 2996 with exit code 0, and elapsed time 00:00:08.7585977.
[2026-09-29 03:02:08Z INFO JobServerQueue] Try to append 1 batches web console lines for record '54715c97-f6b3-4577-8c88-29d711fc6671', success rate: 1/1.
[2026-09-29 03:02:08Z INFO CreateStepSummaryCommand] Step Summary file (C:\Devops_training\DevOpsCICDProject\actions-runner\_work\_temp\_runner_file_commands\step_summary_0db108a0-5e1e-4c34-83b0-6c837943dc42) is empty; skipping attachment upload
[2026-09-29 03:02:08Z INFO StepsRunner] Step result: 
[2026-09-29 03:02:08Z INFO ExecutionContext] Publish step telemetry for current step {
  "action": "actions/checkout",
  "ref": "v4",
  "type": "node24",
  "stage": "Main",
  "stepId": "54715c97-f6b3-4577-8c88-29d711fc6671",
  "stepContextName": "__actions_checkout",
  "hasPreStep": false,
  "hasPostStep": true,
  "result": "succeeded",
  "errorMessages": [],
  "executionTimeInSeconds": 10,
  "startTime": "2026-09-29T03:01:58.8940766Z",
  "finishTime": "2026-09-29T03:02:08.0556715Z"
}.
[2026-09-29 03:02:08Z INFO StepsRunner] No need for updating job result with current step result 'Succeeded'.
[2026-09-29 03:02:08Z INFO StepsRunner] Current state: job state = ''
[2026-09-29 03:02:08Z INFO StepsRunner] Processing step: DisplayName='Docker Login'
[2026-09-29 03:02:08Z INFO StepsRunner] Evaluating: success()
[2026-09-29 03:02:08Z INFO StepsRunner] Result: true
[2026-09-29 03:02:08Z INFO StepsRunner] Starting the step.
[2026-09-29 03:02:08Z INFO HostContext] Well known directory 'Bin': 'C:\Devops_training\DevOpsCICDProject\actions-runner\bin'
[2026-09-29 03:02:08Z INFO HostContext] Well known directory 'Root': 'C:\Devops_training\DevOpsCICDProject\actions-runner'
[2026-09-29 03:02:08Z INFO HostContext] Well known directory 'Work': 'C:\Devops_training\DevOpsCICDProject\actions-runner\_work'
[2026-09-29 03:02:08Z INFO StepsRunner] Which2: 'chcp'
[2026-09-29 03:02:08Z INFO StepsRunner] Location: 'C:\windows\system32\chcp.COM'
[2026-09-29 03:02:08Z INFO ProcessInvokerWrapper] Starting process:
[2026-09-29 03:02:08Z INFO ProcessInvokerWrapper]   File name: 'C:\windows\system32\chcp.COM'
[2026-09-29 03:02:08Z INFO ProcessInvokerWrapper]   Arguments: '65001'
[2026-09-29 03:02:08Z INFO ProcessInvokerWrapper]   Working directory: 'C:\Devops_training\DevOpsCICDProject\actions-runner\_work'
[2026-09-29 03:02:08Z INFO ProcessInvokerWrapper]   Require exit code zero: 'False'
[2026-09-29 03:02:08Z INFO ProcessInvokerWrapper]   Encoding web name:  ; code page: ''
[2026-09-29 03:02:08Z INFO ProcessInvokerWrapper]   Force kill process on cancellation: 'False'
[2026-09-29 03:02:08Z INFO ProcessInvokerWrapper]   Redirected STDIN: 'False'
[2026-09-29 03:02:08Z INFO ProcessInvokerWrapper]   Persist current code page: 'True'
[2026-09-29 03:02:08Z INFO ProcessInvokerWrapper]   Keep redirected STDIN open: 'False'
[2026-09-29 03:02:08Z INFO ProcessInvokerWrapper]   High priority process: 'False'
[2026-09-29 03:02:08Z INFO ProcessInvokerWrapper] Process started with process id 26276, waiting for process exit.
[2026-09-29 03:02:08Z INFO ProcessInvokerWrapper] STDOUT/STDERR stream read finished.
[2026-09-29 03:02:08Z INFO ProcessInvokerWrapper] STDOUT/STDERR stream read finished.
[2026-09-29 03:02:08Z INFO ProcessInvokerWrapper] Finished process 26276 with exit code 0, and elapsed time 00:00:00.0275403.
[2026-09-29 03:02:08Z INFO StepsRunner] Successfully returned to code page 65001 (UTF8)
[2026-09-29 03:02:08Z INFO HostContext] Well known directory 'Bin': 'C:\Devops_training\DevOpsCICDProject\actions-runner\bin'
[2026-09-29 03:02:08Z INFO HostContext] Well known directory 'Root': 'C:\Devops_training\DevOpsCICDProject\actions-runner'
[2026-09-29 03:02:08Z INFO HostContext] Well known directory 'Work': 'C:\Devops_training\DevOpsCICDProject\actions-runner\_work'
[2026-09-29 03:02:08Z INFO HostContext] Well known directory 'Temp': 'C:\Devops_training\DevOpsCICDProject\actions-runner\_work\_temp'
[2026-09-29 03:02:08Z INFO ExecutionContext] Write event payload to C:\Devops_training\DevOpsCICDProject\actions-runner\_work\_temp\_github_workflow\event.json
[2026-09-29 03:02:08Z INFO HostContext] Well known directory 'Bin': 'C:\Devops_training\DevOpsCICDProject\actions-runner\bin'
[2026-09-29 03:02:08Z INFO HostContext] Well known directory 'Root': 'C:\Devops_training\DevOpsCICDProject\actions-runner'
[2026-09-29 03:02:08Z INFO HostContext] Well known directory 'Work': 'C:\Devops_training\DevOpsCICDProject\actions-runner\_work'
[2026-09-29 03:02:08Z INFO HostContext] Well known directory 'Temp': 'C:\Devops_training\DevOpsCICDProject\actions-runner\_work\_temp'
[2026-09-29 03:02:08Z INFO ExtensionManager] Getting extensions for interface: 'GitHub.Runner.Worker.IFileCommandExtension'
[2026-09-29 03:02:08Z INFO ExtensionManager] Getting extensions for interface: 'GitHub.Runner.Worker.IActionCommandExtension'
[2026-09-29 03:02:08Z INFO ActionCommandManager] Register action command extension for command internal-set-repo-path
[2026-09-29 03:02:08Z INFO ActionCommandManager] Register action command extension for command set-env
[2026-09-29 03:02:08Z INFO ActionCommandManager] Register action command extension for command set-output
[2026-09-29 03:02:08Z INFO ActionCommandManager] Register action command extension for command save-state
[2026-09-29 03:02:08Z INFO ActionCommandManager] Register action command extension for command add-path
[2026-09-29 03:02:08Z INFO ActionCommandManager] Register action command extension for command add-mask
[2026-09-29 03:02:08Z INFO ActionCommandManager] Register action command extension for command add-matcher
[2026-09-29 03:02:08Z INFO ActionCommandManager] Register action command extension for command remove-matcher
[2026-09-29 03:02:08Z INFO ActionCommandManager] Register action command extension for command warning
[2026-09-29 03:02:08Z INFO ActionCommandManager] Register action command extension for command error
[2026-09-29 03:02:08Z INFO ActionCommandManager] Register action command extension for command notice
[2026-09-29 03:02:08Z INFO ActionCommandManager] Register action command extension for command debug
[2026-09-29 03:02:08Z INFO ActionCommandManager] Register action command extension for command group
[2026-09-29 03:02:08Z INFO ActionCommandManager] Register action command extension for command endgroup
[2026-09-29 03:02:08Z INFO ActionCommandManager] Register action command extension for command echo
[2026-09-29 03:02:08Z INFO ScriptHandler] Which2: 'pwsh'
[2026-09-29 03:02:08Z INFO ScriptHandler] pwsh: command not found. Make sure 'pwsh' is installed and its location included in the 'Path' environment variable.
[2026-09-29 03:02:08Z INFO ScriptHandler] Defaulting to powershell
[2026-09-29 03:02:08Z INFO ScriptHandler] Which2: 'powershell'
[2026-09-29 03:02:08Z INFO ScriptHandler] Location: 'C:\windows\System32\WindowsPowerShell\v1.0\powershell.EXE'
[2026-09-29 03:02:08Z INFO HostContext] Well known directory 'Bin': 'C:\Devops_training\DevOpsCICDProject\actions-runner\bin'
[2026-09-29 03:02:08Z INFO HostContext] Well known directory 'Root': 'C:\Devops_training\DevOpsCICDProject\actions-runner'
[2026-09-29 03:02:08Z INFO HostContext] Well known directory 'Work': 'C:\Devops_training\DevOpsCICDProject\actions-runner\_work'
[2026-09-29 03:02:08Z INFO HostContext] Well known directory 'Temp': 'C:\Devops_training\DevOpsCICDProject\actions-runner\_work\_temp'
[2026-09-29 03:02:08Z INFO ScriptHandler] Which2: 'pwsh'
[2026-09-29 03:02:08Z INFO ScriptHandler] pwsh: command not found. Make sure 'pwsh' is installed and its location included in the 'Path' environment variable.
[2026-09-29 03:02:08Z INFO ScriptHandler] Defaulting to powershell
[2026-09-29 03:02:08Z INFO ScriptHandler] Which2: 'powershell'
[2026-09-29 03:02:08Z INFO ScriptHandler] Location: 'C:\windows\System32\WindowsPowerShell\v1.0\powershell.EXE'
[2026-09-29 03:02:08Z INFO ProcessInvokerWrapper] Starting process:
[2026-09-29 03:02:08Z INFO ProcessInvokerWrapper]   File name: 'C:\windows\System32\WindowsPowerShell\v1.0\powershell.EXE'
[2026-09-29 03:02:08Z INFO ProcessInvokerWrapper]   Arguments: '-command ". 'C:\Devops_training\DevOpsCICDProject\actions-runner\_work\_temp\6e937f5c-32a2-4f3e-859e-2215caa03699.ps1'"'
[2026-09-29 03:02:08Z INFO ProcessInvokerWrapper]   Working directory: 'C:\Devops_training\DevOpsCICDProject\actions-runner\_work\DevOpsCICDProject\DevOpsCICDProject'
[2026-09-29 03:02:08Z INFO ProcessInvokerWrapper]   Require exit code zero: 'False'
[2026-09-29 03:02:08Z INFO ProcessInvokerWrapper]   Encoding web name:  ; code page: ''
[2026-09-29 03:02:08Z INFO ProcessInvokerWrapper]   Force kill process on cancellation: 'False'
[2026-09-29 03:02:08Z INFO ProcessInvokerWrapper]   Redirected STDIN: 'False'
[2026-09-29 03:02:08Z INFO ProcessInvokerWrapper]   Persist current code page: 'True'
[2026-09-29 03:02:08Z INFO ProcessInvokerWrapper]   Keep redirected STDIN open: 'False'
[2026-09-29 03:02:08Z INFO ProcessInvokerWrapper]   High priority process: 'False'
[2026-09-29 03:02:08Z INFO ProcessInvokerWrapper] Process started with process id 18052, waiting for process exit.
[2026-09-29 03:02:08Z INFO JobServerQueue] Try to append 1 batches web console lines for record '79a49e5d-20e0-4275-9caa-86f7a3ef413a', success rate: 1/1.
[2026-09-29 03:02:08Z INFO JobServerQueue] Got a step log file to send to results service.
[2026-09-29 03:02:08Z INFO JobServerQueue] Starting upload of step log file to results service ResultsLog, C:\Devops_training\DevOpsCICDProject\actions-runner\_diag\blocks\18992a38-1bf9-4361-a4b9-910b2c944550_54715c97-f6b3-4577-8c88-29d711fc6671.1
[2026-09-29 03:02:08Z INFO HostContext] Well known directory 'Bin': 'C:\Devops_training\DevOpsCICDProject\actions-runner\bin'
[2026-09-29 03:02:08Z INFO HostContext] Well known directory 'Root': 'C:\Devops_training\DevOpsCICDProject\actions-runner'
[2026-09-29 03:02:08Z INFO HostContext] Well known directory 'Work': 'C:\Devops_training\DevOpsCICDProject\actions-runner\_work'
[2026-09-29 03:02:08Z INFO JobServerQueue] Try to upload 1 log files or attachments, success rate: 1/1.
[2026-09-29 03:02:09Z INFO JobServerQueue] Tried to upload 1 file(s) to results, success rate: 1/1.
[2026-09-29 03:02:09Z INFO JobServerQueue] Try to append 1 batches web console lines for record '79a49e5d-20e0-4275-9caa-86f7a3ef413a', success rate: 1/1.
[2026-09-29 03:02:13Z INFO JobServerQueue] Try to append 1 batches web console lines for record '79a49e5d-20e0-4275-9caa-86f7a3ef413a', success rate: 1/1.
[2026-09-29 03:02:14Z INFO ProcessInvokerWrapper] STDOUT/STDERR stream read finished.
[2026-09-29 03:02:14Z INFO ProcessInvokerWrapper] STDOUT/STDERR stream read finished.
[2026-09-29 03:02:14Z INFO ProcessInvokerWrapper] Finished process 18052 with exit code 0, and elapsed time 00:00:06.0930086.
[2026-09-29 03:02:14Z INFO CreateStepSummaryCommand] Step Summary file (C:\Devops_training\DevOpsCICDProject\actions-runner\_work\_temp\_runner_file_commands\step_summary_9bf4dc62-e350-4435-b012-cab15670967e) is empty; skipping attachment upload
[2026-09-29 03:02:14Z INFO StepsRunner] Step result: 
[2026-09-29 03:02:14Z INFO ExecutionContext] Publish step telemetry for current step {
  "action": "powershell",
  "type": "run",
  "stage": "Main",
  "stepId": "79a49e5d-20e0-4275-9caa-86f7a3ef413a",
  "stepContextName": "__run",
  "result": "succeeded",
  "errorMessages": [],
  "executionTimeInSeconds": 7,
  "startTime": "2026-09-29T03:02:08.0604268Z",
  "finishTime": "2026-09-29T03:02:14.340209Z"
}.
[2026-09-29 03:02:14Z INFO StepsRunner] No need for updating job result with current step result 'Succeeded'.
[2026-09-29 03:02:14Z INFO StepsRunner] Current state: job state = ''
[2026-09-29 03:02:14Z INFO StepsRunner] Processing step: DisplayName='Build Docker Image'
[2026-09-29 03:02:14Z INFO StepsRunner] Evaluating: success()
[2026-09-29 03:02:14Z INFO StepsRunner] Result: true
[2026-09-29 03:02:14Z INFO StepsRunner] Starting the step.
[2026-09-29 03:02:14Z INFO HostContext] Well known directory 'Bin': 'C:\Devops_training\DevOpsCICDProject\actions-runner\bin'
[2026-09-29 03:02:14Z INFO HostContext] Well known directory 'Root': 'C:\Devops_training\DevOpsCICDProject\actions-runner'
[2026-09-29 03:02:14Z INFO HostContext] Well known directory 'Work': 'C:\Devops_training\DevOpsCICDProject\actions-runner\_work'
[2026-09-29 03:02:14Z INFO StepsRunner] Which2: 'chcp'
[2026-09-29 03:02:14Z INFO StepsRunner] Location: 'C:\windows\system32\chcp.COM'
[2026-09-29 03:02:14Z INFO ProcessInvokerWrapper] Starting process:
[2026-09-29 03:02:14Z INFO ProcessInvokerWrapper]   File name: 'C:\windows\system32\chcp.COM'
[2026-09-29 03:02:14Z INFO ProcessInvokerWrapper]   Arguments: '65001'
[2026-09-29 03:02:14Z INFO ProcessInvokerWrapper]   Working directory: 'C:\Devops_training\DevOpsCICDProject\actions-runner\_work'
[2026-09-29 03:02:14Z INFO ProcessInvokerWrapper]   Require exit code zero: 'False'
[2026-09-29 03:02:14Z INFO ProcessInvokerWrapper]   Encoding web name:  ; code page: ''
[2026-09-29 03:02:14Z INFO ProcessInvokerWrapper]   Force kill process on cancellation: 'False'
[2026-09-29 03:02:14Z INFO ProcessInvokerWrapper]   Redirected STDIN: 'False'
[2026-09-29 03:02:14Z INFO ProcessInvokerWrapper]   Persist current code page: 'True'
[2026-09-29 03:02:14Z INFO ProcessInvokerWrapper]   Keep redirected STDIN open: 'False'
[2026-09-29 03:02:14Z INFO ProcessInvokerWrapper]   High priority process: 'False'
[2026-09-29 03:02:14Z INFO ProcessInvokerWrapper] Process started with process id 27580, waiting for process exit.
[2026-09-29 03:02:14Z INFO ProcessInvokerWrapper] STDOUT/STDERR stream read finished.
[2026-09-29 03:02:14Z INFO ProcessInvokerWrapper] STDOUT/STDERR stream read finished.
[2026-09-29 03:02:14Z INFO ProcessInvokerWrapper] Finished process 27580 with exit code 0, and elapsed time 00:00:00.0298943.
[2026-09-29 03:02:14Z INFO StepsRunner] Successfully returned to code page 65001 (UTF8)
[2026-09-29 03:02:14Z INFO HostContext] Well known directory 'Bin': 'C:\Devops_training\DevOpsCICDProject\actions-runner\bin'
[2026-09-29 03:02:14Z INFO HostContext] Well known directory 'Root': 'C:\Devops_training\DevOpsCICDProject\actions-runner'
[2026-09-29 03:02:14Z INFO HostContext] Well known directory 'Work': 'C:\Devops_training\DevOpsCICDProject\actions-runner\_work'
[2026-09-29 03:02:14Z INFO HostContext] Well known directory 'Temp': 'C:\Devops_training\DevOpsCICDProject\actions-runner\_work\_temp'
[2026-09-29 03:02:14Z INFO ExecutionContext] Write event payload to C:\Devops_training\DevOpsCICDProject\actions-runner\_work\_temp\_github_workflow\event.json
[2026-09-29 03:02:14Z INFO HostContext] Well known directory 'Bin': 'C:\Devops_training\DevOpsCICDProject\actions-runner\bin'
[2026-09-29 03:02:14Z INFO HostContext] Well known directory 'Root': 'C:\Devops_training\DevOpsCICDProject\actions-runner'
[2026-09-29 03:02:14Z INFO HostContext] Well known directory 'Work': 'C:\Devops_training\DevOpsCICDProject\actions-runner\_work'
[2026-09-29 03:02:14Z INFO HostContext] Well known directory 'Temp': 'C:\Devops_training\DevOpsCICDProject\actions-runner\_work\_temp'
[2026-09-29 03:02:14Z INFO ExtensionManager] Getting extensions for interface: 'GitHub.Runner.Worker.IFileCommandExtension'
[2026-09-29 03:02:14Z INFO ExtensionManager] Getting extensions for interface: 'GitHub.Runner.Worker.IActionCommandExtension'
[2026-09-29 03:02:14Z INFO ActionCommandManager] Register action command extension for command internal-set-repo-path
[2026-09-29 03:02:14Z INFO ActionCommandManager] Register action command extension for command set-env
[2026-09-29 03:02:14Z INFO ActionCommandManager] Register action command extension for command set-output
[2026-09-29 03:02:14Z INFO ActionCommandManager] Register action command extension for command save-state
[2026-09-29 03:02:14Z INFO ActionCommandManager] Register action command extension for command add-path
[2026-09-29 03:02:14Z INFO ActionCommandManager] Register action command extension for command add-mask
[2026-09-29 03:02:14Z INFO ActionCommandManager] Register action command extension for command add-matcher
[2026-09-29 03:02:14Z INFO ActionCommandManager] Register action command extension for command remove-matcher
[2026-09-29 03:02:14Z INFO ActionCommandManager] Register action command extension for command warning
[2026-09-29 03:02:14Z INFO ActionCommandManager] Register action command extension for command error
[2026-09-29 03:02:14Z INFO ActionCommandManager] Register action command extension for command notice
[2026-09-29 03:02:14Z INFO ActionCommandManager] Register action command extension for command debug
[2026-09-29 03:02:14Z INFO ActionCommandManager] Register action command extension for command group
[2026-09-29 03:02:14Z INFO ActionCommandManager] Register action command extension for command endgroup
[2026-09-29 03:02:14Z INFO ActionCommandManager] Register action command extension for command echo
[2026-09-29 03:02:14Z INFO ScriptHandler] Which2: 'pwsh'
[2026-09-29 03:02:14Z INFO ScriptHandler] pwsh: command not found. Make sure 'pwsh' is installed and its location included in the 'Path' environment variable.
[2026-09-29 03:02:14Z INFO ScriptHandler] Defaulting to powershell
[2026-09-29 03:02:14Z INFO ScriptHandler] Which2: 'powershell'
[2026-09-29 03:02:14Z INFO ScriptHandler] Location: 'C:\windows\System32\WindowsPowerShell\v1.0\powershell.EXE'
[2026-09-29 03:02:14Z INFO HostContext] Well known directory 'Bin': 'C:\Devops_training\DevOpsCICDProject\actions-runner\bin'
[2026-09-29 03:02:14Z INFO HostContext] Well known directory 'Root': 'C:\Devops_training\DevOpsCICDProject\actions-runner'
[2026-09-29 03:02:14Z INFO HostContext] Well known directory 'Work': 'C:\Devops_training\DevOpsCICDProject\actions-runner\_work'
[2026-09-29 03:02:14Z INFO HostContext] Well known directory 'Temp': 'C:\Devops_training\DevOpsCICDProject\actions-runner\_work\_temp'
[2026-09-29 03:02:14Z INFO ScriptHandler] Which2: 'pwsh'
[2026-09-29 03:02:14Z INFO ScriptHandler] pwsh: command not found. Make sure 'pwsh' is installed and its location included in the 'Path' environment variable.
[2026-09-29 03:02:14Z INFO ScriptHandler] Defaulting to powershell
[2026-09-29 03:02:14Z INFO ScriptHandler] Which2: 'powershell'
[2026-09-29 03:02:14Z INFO ScriptHandler] Location: 'C:\windows\System32\WindowsPowerShell\v1.0\powershell.EXE'
[2026-09-29 03:02:14Z INFO ProcessInvokerWrapper] Starting process:
[2026-09-29 03:02:14Z INFO ProcessInvokerWrapper]   File name: 'C:\windows\System32\WindowsPowerShell\v1.0\powershell.EXE'
[2026-09-29 03:02:14Z INFO ProcessInvokerWrapper]   Arguments: '-command ". 'C:\Devops_training\DevOpsCICDProject\actions-runner\_work\_temp\ab781b62-e57a-4b8f-8f60-55d8c3398369.ps1'"'
[2026-09-29 03:02:14Z INFO ProcessInvokerWrapper]   Working directory: 'C:\Devops_training\DevOpsCICDProject\actions-runner\_work\DevOpsCICDProject\DevOpsCICDProject'
[2026-09-29 03:02:14Z INFO ProcessInvokerWrapper]   Require exit code zero: 'False'
[2026-09-29 03:02:14Z INFO ProcessInvokerWrapper]   Encoding web name:  ; code page: ''
[2026-09-29 03:02:14Z INFO ProcessInvokerWrapper]   Force kill process on cancellation: 'False'
[2026-09-29 03:02:14Z INFO ProcessInvokerWrapper]   Redirected STDIN: 'False'
[2026-09-29 03:02:14Z INFO ProcessInvokerWrapper]   Persist current code page: 'True'
[2026-09-29 03:02:14Z INFO ProcessInvokerWrapper]   Keep redirected STDIN open: 'False'
[2026-09-29 03:02:14Z INFO ProcessInvokerWrapper]   High priority process: 'False'
[2026-09-29 03:02:14Z INFO ProcessInvokerWrapper] Process started with process id 4116, waiting for process exit.
[2026-09-29 03:02:14Z INFO JobServerQueue] Got a step log file to send to results service.
[2026-09-29 03:02:14Z INFO JobServerQueue] Starting upload of step log file to results service ResultsLog, C:\Devops_training\DevOpsCICDProject\actions-runner\_diag\blocks\18992a38-1bf9-4361-a4b9-910b2c944550_79a49e5d-20e0-4275-9caa-86f7a3ef413a.1
[2026-09-29 03:02:14Z INFO JobServerQueue] Try to append 1 batches web console lines for record '7bcc32a5-784a-43ec-8a66-9a7a7d59f1cc', success rate: 1/1.
[2026-09-29 03:02:14Z INFO JobServerQueue] Try to upload 1 log files or attachments, success rate: 1/1.
[2026-09-29 03:02:15Z INFO JobServerQueue] Tried to upload 1 file(s) to results, success rate: 1/1.
[2026-09-29 03:02:16Z INFO JobServerQueue] Try to append 1 batches web console lines for record '7bcc32a5-784a-43ec-8a66-9a7a7d59f1cc', success rate: 1/1.
[2026-09-29 03:02:17Z INFO JobServerQueue] Try to append 1 batches web console lines for record '7bcc32a5-784a-43ec-8a66-9a7a7d59f1cc', success rate: 1/1.
[2026-09-29 03:02:17Z INFO ProcessInvokerWrapper] STDOUT/STDERR stream read finished.
[2026-09-29 03:02:17Z INFO ProcessInvokerWrapper] STDOUT/STDERR stream read finished.
[2026-09-29 03:02:17Z INFO ProcessInvokerWrapper] Finished process 4116 with exit code 1, and elapsed time 00:00:02.5348816.
[2026-09-29 03:02:17Z INFO CreateStepSummaryCommand] Step Summary file (C:\Devops_training\DevOpsCICDProject\actions-runner\_work\_temp\_runner_file_commands\step_summary_356860a4-9faf-4514-9c0f-03f77f4fffbf) is empty; skipping attachment upload
[2026-09-29 03:02:17Z INFO StepsRunner] Step result: Failed
[2026-09-29 03:02:17Z INFO ExecutionContext] Publish step telemetry for current step {
  "action": "powershell",
  "type": "run",
  "stage": "Main",
  "stepId": "7bcc32a5-784a-43ec-8a66-9a7a7d59f1cc",
  "stepContextName": "__run_2",
  "result": "failed",
  "errorMessages": [
    "Process completed with exit code 1."
  ],
  "executionTimeInSeconds": 3,
  "startTime": "2026-09-29T03:02:14.3436189Z",
  "finishTime": "2026-09-29T03:02:17.067744Z"
}.
[2026-09-29 03:02:17Z INFO StepsRunner] Update job result with current step result 'Failed'.
[2026-09-29 03:02:17Z INFO StepsRunner] Current state: job state = 'Failed'
[2026-09-29 03:02:17Z INFO StepsRunner] Processing step: DisplayName='Push Docker Image'
[2026-09-29 03:02:17Z INFO StepsRunner] Evaluating: success()
[2026-09-29 03:02:17Z INFO StepsRunner] Result: false
[2026-09-29 03:02:17Z INFO StepsRunner] Skipping step due to condition evaluation.
[2026-09-29 03:02:17Z INFO StepsRunner] No need for updating job result with current step result 'Skipped'.
[2026-09-29 03:02:17Z INFO StepsRunner] Current state: job state = 'Failed'
[2026-09-29 03:02:17Z INFO StepsRunner] Processing step: DisplayName='Deploy to Kubernetes'
[2026-09-29 03:02:17Z INFO StepsRunner] Evaluating: success()
[2026-09-29 03:02:17Z INFO StepsRunner] Result: false
[2026-09-29 03:02:17Z INFO StepsRunner] Skipping step due to condition evaluation.
[2026-09-29 03:02:17Z INFO StepsRunner] No need for updating job result with current step result 'Skipped'.
[2026-09-29 03:02:17Z INFO StepsRunner] Current state: job state = 'Failed'
[2026-09-29 03:02:17Z INFO StepsRunner] Processing step: DisplayName='Wait for Deployment'
[2026-09-29 03:02:17Z INFO StepsRunner] Evaluating: success()
[2026-09-29 03:02:17Z INFO StepsRunner] Result: false
[2026-09-29 03:02:17Z INFO StepsRunner] Skipping step due to condition evaluation.
[2026-09-29 03:02:17Z INFO StepsRunner] No need for updating job result with current step result 'Skipped'.
[2026-09-29 03:02:17Z INFO StepsRunner] Current state: job state = 'Failed'
[2026-09-29 03:02:17Z INFO StepsRunner] Processing step: DisplayName='Verify Kubernetes Deployment'
[2026-09-29 03:02:17Z INFO StepsRunner] Evaluating: success()
[2026-09-29 03:02:17Z INFO StepsRunner] Result: false
[2026-09-29 03:02:17Z INFO StepsRunner] Skipping step due to condition evaluation.
[2026-09-29 03:02:17Z INFO StepsRunner] No need for updating job result with current step result 'Skipped'.
[2026-09-29 03:02:17Z INFO StepsRunner] Current state: job state = 'Failed'
[2026-09-29 03:02:17Z INFO StepsRunner] Processing step: DisplayName='Post Checkout Code'
[2026-09-29 03:02:17Z INFO StepsRunner] Evaluating: always()
[2026-09-29 03:02:17Z INFO StepsRunner] Result: true
[2026-09-29 03:02:17Z INFO StepsRunner] Starting the step.
[2026-09-29 03:02:17Z INFO HostContext] Well known directory 'Bin': 'C:\Devops_training\DevOpsCICDProject\actions-runner\bin'
[2026-09-29 03:02:17Z INFO HostContext] Well known directory 'Root': 'C:\Devops_training\DevOpsCICDProject\actions-runner'
[2026-09-29 03:02:17Z INFO HostContext] Well known directory 'Work': 'C:\Devops_training\DevOpsCICDProject\actions-runner\_work'
[2026-09-29 03:02:17Z INFO StepsRunner] Which2: 'chcp'
[2026-09-29 03:02:17Z INFO StepsRunner] Location: 'C:\windows\system32\chcp.COM'
[2026-09-29 03:02:17Z INFO ProcessInvokerWrapper] Starting process:
[2026-09-29 03:02:17Z INFO ProcessInvokerWrapper]   File name: 'C:\windows\system32\chcp.COM'
[2026-09-29 03:02:17Z INFO ProcessInvokerWrapper]   Arguments: '65001'
[2026-09-29 03:02:17Z INFO ProcessInvokerWrapper]   Working directory: 'C:\Devops_training\DevOpsCICDProject\actions-runner\_work'
[2026-09-29 03:02:17Z INFO ProcessInvokerWrapper]   Require exit code zero: 'False'
[2026-09-29 03:02:17Z INFO ProcessInvokerWrapper]   Encoding web name:  ; code page: ''
[2026-09-29 03:02:17Z INFO ProcessInvokerWrapper]   Force kill process on cancellation: 'False'
[2026-09-29 03:02:17Z INFO ProcessInvokerWrapper]   Redirected STDIN: 'False'
[2026-09-29 03:02:17Z INFO ProcessInvokerWrapper]   Persist current code page: 'True'
[2026-09-29 03:02:17Z INFO ProcessInvokerWrapper]   Keep redirected STDIN open: 'False'
[2026-09-29 03:02:17Z INFO ProcessInvokerWrapper]   High priority process: 'False'
[2026-09-29 03:02:17Z INFO ProcessInvokerWrapper] Process started with process id 4580, waiting for process exit.
[2026-09-29 03:02:17Z INFO ProcessInvokerWrapper] STDOUT/STDERR stream read finished.
[2026-09-29 03:02:17Z INFO ProcessInvokerWrapper] STDOUT/STDERR stream read finished.
[2026-09-29 03:02:17Z INFO ProcessInvokerWrapper] Finished process 4580 with exit code 0, and elapsed time 00:00:00.0176127.
[2026-09-29 03:02:17Z INFO StepsRunner] Successfully returned to code page 65001 (UTF8)
[2026-09-29 03:02:17Z INFO HostContext] Well known directory 'Bin': 'C:\Devops_training\DevOpsCICDProject\actions-runner\bin'
[2026-09-29 03:02:17Z INFO HostContext] Well known directory 'Root': 'C:\Devops_training\DevOpsCICDProject\actions-runner'
[2026-09-29 03:02:17Z INFO HostContext] Well known directory 'Work': 'C:\Devops_training\DevOpsCICDProject\actions-runner\_work'
[2026-09-29 03:02:17Z INFO HostContext] Well known directory 'Actions': 'C:\Devops_training\DevOpsCICDProject\actions-runner\_work\_actions'
[2026-09-29 03:02:17Z INFO ActionManager] Load action that reference repository from 'C:\Devops_training\DevOpsCICDProject\actions-runner\_work\_actions\actions\checkout\v4'
[2026-09-29 03:02:17Z INFO HostContext] Well known directory 'Bin': 'C:\Devops_training\DevOpsCICDProject\actions-runner\bin'
[2026-09-29 03:02:17Z INFO HostContext] Well known directory 'Root': 'C:\Devops_training\DevOpsCICDProject\actions-runner'
[2026-09-29 03:02:17Z INFO HostContext] Well known directory 'Work': 'C:\Devops_training\DevOpsCICDProject\actions-runner\_work'
[2026-09-29 03:02:17Z INFO HostContext] Well known directory 'Actions': 'C:\Devops_training\DevOpsCICDProject\actions-runner\_work\_actions'
[2026-09-29 03:02:17Z INFO ActionManifestManagerLegacy] Loaded action.yml file: {
  "name": "Checkout",
  "description": "Checkout a Git repository at a particular version",
  "inputs": {
    "type": 2,
    "map": [
      {
        "key": {
          "type": 0,
          "file": 2,
          "line": 4,
          "col": 3,
          "lit": "repository"
        },
        "value": {
          "type": 3,
          "file": 2,
          "line": 6,
          "col": 14,
          "expr": "github.repository"
        }
      },
      {
        "key": {
          "type": 0,
          "file": 2,
          "line": 7,
          "col": 3,
          "lit": "ref"
        },
        "value": ""
      },
      {
        "key": {
          "type": 0,
          "file": 2,
          "line": 12,
          "col": 3,
          "lit": "token"
        },
        "value": {
          "type": 3,
          "file": 2,
          "line": 24,
          "col": 14,
          "expr": "github.token"
        }
      },
      {
        "key": {
          "type": 0,
          "file": 2,
          "line": 25,
          "col": 3,
          "lit": "ssh-key"
        },
        "value": ""
      },
      {
        "key": {
          "type": 0,
          "file": 2,
          "line": 37,
          "col": 3,
          "lit": "ssh-known-hosts"
        },
        "value": ""
      },
      {
        "key": {
          "type": 0,
          "file": 2,
          "line": 42,
          "col": 3,
          "lit": "ssh-strict"
        },
        "value": {
          "type": 0,
          "file": 2,
          "line": 47,
          "col": 14,
          "lit": "true"
        }
      },
      {
        "key": {
          "type": 0,
          "file": 2,
          "line": 48,
          "col": 3,
          "lit": "ssh-user"
        },
        "value": {
          "type": 0,
          "file": 2,
          "line": 51,
          "col": 14,
          "lit": "git"
        }
      },
      {
        "key": {
          "type": 0,
          "file": 2,
          "line": 52,
          "col": 3,
          "lit": "persist-credentials"
        },
        "value": {
          "type": 0,
          "file": 2,
          "line": 54,
          "col": 14,
          "lit": "true"
        }
      },
      {
        "key": {
          "type": 0,
          "file": 2,
          "line": 55,
          "col": 3,
          "lit": "path"
        },
        "value": ""
      },
      {
        "key": {
          "type": 0,
          "file": 2,
          "line": 57,
          "col": 3,
          "lit": "clean"
        },
        "value": {
          "type": 0,
          "file": 2,
          "line": 59,
          "col": 14,
          "lit": "true"
        }
      },
      {
        "key": {
          "type": 0,
          "file": 2,
          "line": 60,
          "col": 3,
          "lit": "filter"
        },
        "value": {
          "type": 0,
          "file": 2,
          "line": 64,
          "col": 14,
          "lit": ""
        }
      },
      {
        "key": {
          "type": 0,
          "file": 2,
          "line": 65,
          "col": 3,
          "lit": "sparse-checkout"
        },
        "value": {
          "type": 0,
          "file": 2,
          "line": 69,
          "col": 14,
          "lit": ""
        }
      },
      {
        "key": {
          "type": 0,
          "file": 2,
          "line": 70,
          "col": 3,
          "lit": "sparse-checkout-cone-mode"
        },
        "value": {
          "type": 0,
          "file": 2,
          "line": 73,
          "col": 14,
          "lit": "true"
        }
      },
      {
        "key": {
          "type": 0,
          "file": 2,
          "line": 74,
          "col": 3,
          "lit": "fetch-depth"
        },
        "value": {
          "type": 0,
          "file": 2,
          "line": 76,
          "col": 14,
          "lit": "1"
        }
      },
      {
        "key": {
          "type": 0,
          "file": 2,
          "line": 77,
          "col": 3,
          "lit": "fetch-tags"
        },
        "value": {
          "type": 0,
          "file": 2,
          "line": 79,
          "col": 14,
          "lit": "false"
        }
      },
      {
        "key": {
          "type": 0,
          "file": 2,
          "line": 80,
          "col": 3,
          "lit": "show-progress"
        },
        "value": {
          "type": 0,
          "file": 2,
          "line": 82,
          "col": 14,
          "lit": "true"
        }
      },
      {
        "key": {
          "type": 0,
          "file": 2,
          "line": 83,
          "col": 3,
          "lit": "lfs"
        },
        "value": {
          "type": 0,
          "file": 2,
          "line": 85,
          "col": 14,
          "lit": "false"
        }
      },
      {
        "key": {
          "type": 0,
          "file": 2,
          "line": 86,
          "col": 3,
          "lit": "submodules"
        },
        "value": {
          "type": 0,
          "file": 2,
          "line": 94,
          "col": 14,
          "lit": "false"
        }
      },
      {
        "key": {
          "type": 0,
          "file": 2,
          "line": 95,
          "col": 3,
          "lit": "set-safe-directory"
        },
        "value": {
          "type": 0,
          "file": 2,
          "line": 97,
          "col": 14,
          "lit": "true"
        }
      },
      {
        "key": {
          "type": 0,
          "file": 2,
          "line": 98,
          "col": 3,
          "lit": "github-server-url"
        },
        "value": ""
      },
      {
        "key": {
          "type": 0,
          "file": 2,
          "line": 101,
          "col": 3,
          "lit": "allow-unsafe-pr-checkout"
        },
        "value": {
          "type": 0,
          "file": 2,
          "line": 109,
          "col": 14,
          "lit": "false"
        }
      }
    ]
  },
  "execution": {
    "executionType": "nodeJS",
    "hasPre": false,
    "hasPost": true,
    "script": "dist/index.js",
    "pre": null,
    "post": "dist/index.js",
    "nodeVersion": "node20",
    "cleanupCondition": "always()",
    "initCondition": "always()"
  },
  "deprecated": null
}
[2026-09-29 03:02:17Z INFO ActionManager] Action pre node.js file: N/A.
[2026-09-29 03:02:17Z INFO ActionManager] Action node.js file: dist/index.js.
[2026-09-29 03:02:17Z INFO ActionManager] Action post node.js file: dist/index.js.
[2026-09-29 03:02:17Z INFO HostContext] Well known directory 'Bin': 'C:\Devops_training\DevOpsCICDProject\actions-runner\bin'
[2026-09-29 03:02:17Z INFO HostContext] Well known directory 'Root': 'C:\Devops_training\DevOpsCICDProject\actions-runner'
[2026-09-29 03:02:17Z INFO HostContext] Well known directory 'Work': 'C:\Devops_training\DevOpsCICDProject\actions-runner\_work'
[2026-09-29 03:02:17Z INFO HostContext] Well known directory 'Temp': 'C:\Devops_training\DevOpsCICDProject\actions-runner\_work\_temp'
[2026-09-29 03:02:17Z INFO ExecutionContext] Write event payload to C:\Devops_training\DevOpsCICDProject\actions-runner\_work\_temp\_github_workflow\event.json
[2026-09-29 03:02:17Z INFO HostContext] Well known directory 'Bin': 'C:\Devops_training\DevOpsCICDProject\actions-runner\bin'
[2026-09-29 03:02:17Z INFO HostContext] Well known directory 'Root': 'C:\Devops_training\DevOpsCICDProject\actions-runner'
[2026-09-29 03:02:17Z INFO HostContext] Well known directory 'Work': 'C:\Devops_training\DevOpsCICDProject\actions-runner\_work'
[2026-09-29 03:02:17Z INFO HostContext] Well known directory 'Temp': 'C:\Devops_training\DevOpsCICDProject\actions-runner\_work\_temp'
[2026-09-29 03:02:17Z INFO ExtensionManager] Getting extensions for interface: 'GitHub.Runner.Worker.IFileCommandExtension'
[2026-09-29 03:02:17Z INFO ActionManifestManagerLegacy] Input 'repository': default value evaluate result: {
  "type": 0,
  "file": 2,
  "line": 6,
  "col": 14,
  "lit": "Prabhatkumarkhemariya/DevOpsCICDProject"
}
[2026-09-29 03:02:17Z INFO ActionManifestManagerLegacy] Input 'ref': default value evaluate result: ""
[2026-09-29 03:02:17Z INFO ActionManifestManagerLegacy] Input 'token': default value evaluate result: {
  "type": 0,
  "file": 2,
  "line": 24,
  "col": 14,
  "lit": "***"
}
[2026-09-29 03:02:17Z INFO ActionManifestManagerLegacy] Input 'ssh-key': default value evaluate result: ""
[2026-09-29 03:02:17Z INFO ActionManifestManagerLegacy] Input 'ssh-known-hosts': default value evaluate result: ""
[2026-09-29 03:02:17Z INFO ActionManifestManagerLegacy] Input 'ssh-strict': default value evaluate result: {
  "type": 0,
  "file": 2,
  "line": 47,
  "col": 14,
  "lit": "true"
}
[2026-09-29 03:02:17Z INFO ActionManifestManagerLegacy] Input 'ssh-user': default value evaluate result: {
  "type": 0,
  "file": 2,
  "line": 51,
  "col": 14,
  "lit": "git"
}
[2026-09-29 03:02:17Z INFO ActionManifestManagerLegacy] Input 'persist-credentials': default value evaluate result: {
  "type": 0,
  "file": 2,
  "line": 54,
  "col": 14,
  "lit": "true"
}
[2026-09-29 03:02:17Z INFO ActionManifestManagerLegacy] Input 'path': default value evaluate result: ""
[2026-09-29 03:02:17Z INFO ActionManifestManagerLegacy] Input 'clean': default value evaluate result: {
  "type": 0,
  "file": 2,
  "line": 59,
  "col": 14,
  "lit": "true"
}
[2026-09-29 03:02:17Z INFO ActionManifestManagerLegacy] Input 'filter': default value evaluate result: {
  "type": 0,
  "file": 2,
  "line": 64,
  "col": 14,
  "lit": ""
}
[2026-09-29 03:02:17Z INFO ActionManifestManagerLegacy] Input 'sparse-checkout': default value evaluate result: {
  "type": 0,
  "file": 2,
  "line": 69,
  "col": 14,
  "lit": ""
}
[2026-09-29 03:02:17Z INFO ActionManifestManagerLegacy] Input 'sparse-checkout-cone-mode': default value evaluate result: {
  "type": 0,
  "file": 2,
  "line": 73,
  "col": 14,
  "lit": "true"
}
[2026-09-29 03:02:17Z INFO ActionManifestManagerLegacy] Input 'fetch-depth': default value evaluate result: {
  "type": 0,
  "file": 2,
  "line": 76,
  "col": 14,
  "lit": "1"
}
[2026-09-29 03:02:17Z INFO ActionManifestManagerLegacy] Input 'fetch-tags': default value evaluate result: {
  "type": 0,
  "file": 2,
  "line": 79,
  "col": 14,
  "lit": "false"
}
[2026-09-29 03:02:17Z INFO ActionManifestManagerLegacy] Input 'show-progress': default value evaluate result: {
  "type": 0,
  "file": 2,
  "line": 82,
  "col": 14,
  "lit": "true"
}
[2026-09-29 03:02:17Z INFO ActionManifestManagerLegacy] Input 'lfs': default value evaluate result: {
  "type": 0,
  "file": 2,
  "line": 85,
  "col": 14,
  "lit": "false"
}
[2026-09-29 03:02:17Z INFO ActionManifestManagerLegacy] Input 'submodules': default value evaluate result: {
  "type": 0,
  "file": 2,
  "line": 94,
  "col": 14,
  "lit": "false"
}
[2026-09-29 03:02:17Z INFO ActionManifestManagerLegacy] Input 'set-safe-directory': default value evaluate result: {
  "type": 0,
  "file": 2,
  "line": 97,
  "col": 14,
  "lit": "true"
}
[2026-09-29 03:02:17Z INFO ActionManifestManagerLegacy] Input 'github-server-url': default value evaluate result: ""
[2026-09-29 03:02:17Z INFO ActionManifestManagerLegacy] Input 'allow-unsafe-pr-checkout': default value evaluate result: {
  "type": 0,
  "file": 2,
  "line": 109,
  "col": 14,
  "lit": "false"
}
[2026-09-29 03:02:17Z INFO ExtensionManager] Getting extensions for interface: 'GitHub.Runner.Worker.IActionCommandExtension'
[2026-09-29 03:02:17Z INFO ActionCommandManager] Register action command extension for command internal-set-repo-path
[2026-09-29 03:02:17Z INFO ActionCommandManager] Register action command extension for command set-env
[2026-09-29 03:02:17Z INFO ActionCommandManager] Register action command extension for command set-output
[2026-09-29 03:02:17Z INFO ActionCommandManager] Register action command extension for command save-state
[2026-09-29 03:02:17Z INFO ActionCommandManager] Register action command extension for command add-path
[2026-09-29 03:02:17Z INFO ActionCommandManager] Register action command extension for command add-mask
[2026-09-29 03:02:17Z INFO ActionCommandManager] Register action command extension for command add-matcher
[2026-09-29 03:02:17Z INFO ActionCommandManager] Register action command extension for command remove-matcher
[2026-09-29 03:02:17Z INFO ActionCommandManager] Register action command extension for command warning
[2026-09-29 03:02:17Z INFO ActionCommandManager] Register action command extension for command error
[2026-09-29 03:02:17Z INFO ActionCommandManager] Register action command extension for command notice
[2026-09-29 03:02:17Z INFO ActionCommandManager] Register action command extension for command debug
[2026-09-29 03:02:17Z INFO ActionCommandManager] Register action command extension for command group
[2026-09-29 03:02:17Z INFO ActionCommandManager] Register action command extension for command endgroup
[2026-09-29 03:02:17Z INFO ActionCommandManager] Register action command extension for command echo
[2026-09-29 03:02:17Z INFO HostContext] Well known directory 'Bin': 'C:\Devops_training\DevOpsCICDProject\actions-runner\bin'
[2026-09-29 03:02:17Z INFO HostContext] Well known directory 'Root': 'C:\Devops_training\DevOpsCICDProject\actions-runner'
[2026-09-29 03:02:17Z INFO HostContext] Well known directory 'Externals': 'C:\Devops_training\DevOpsCICDProject\actions-runner\externals'
[2026-09-29 03:02:17Z INFO ProcessInvokerWrapper] Starting process:
[2026-09-29 03:02:17Z INFO ProcessInvokerWrapper]   File name: 'C:\Devops_training\DevOpsCICDProject\actions-runner\externals\node24\bin\node.exe'
[2026-09-29 03:02:17Z INFO ProcessInvokerWrapper]   Arguments: '"C:\Devops_training\DevOpsCICDProject\actions-runner\_work\_actions\actions\checkout\v4\dist/index.js"'
[2026-09-29 03:02:17Z INFO ProcessInvokerWrapper]   Working directory: 'C:\Devops_training\DevOpsCICDProject\actions-runner\_work\DevOpsCICDProject\DevOpsCICDProject'
[2026-09-29 03:02:17Z INFO ProcessInvokerWrapper]   Require exit code zero: 'False'
[2026-09-29 03:02:17Z INFO ProcessInvokerWrapper]   Encoding web name: utf-8 ; code page: '65001'
[2026-09-29 03:02:17Z INFO ProcessInvokerWrapper]   Force kill process on cancellation: 'False'
[2026-09-29 03:02:17Z INFO ProcessInvokerWrapper]   Redirected STDIN: 'False'
[2026-09-29 03:02:17Z INFO ProcessInvokerWrapper]   Persist current code page: 'True'
[2026-09-29 03:02:17Z INFO ProcessInvokerWrapper]   Keep redirected STDIN open: 'False'
[2026-09-29 03:02:17Z INFO ProcessInvokerWrapper]   High priority process: 'False'
[2026-09-29 03:02:17Z INFO ProcessInvokerWrapper] Process started with process id 29352, waiting for process exit.
[2026-09-29 03:02:17Z INFO JobServerQueue] Try to append 1 batches web console lines for record '7bcc32a5-784a-43ec-8a66-9a7a7d59f1cc', success rate: 1/1.
[2026-09-29 03:02:17Z INFO JobServerQueue] Try to append 1 batches web console lines for record '9f6116fb-340c-47aa-a081-e45264e27196', success rate: 1/1.
[2026-09-29 03:02:17Z INFO AddMaskCommandExtension] Add new secret mask with length of 32
[2026-09-29 03:02:17Z INFO JobServerQueue] Try to append 1 batches web console lines for record '9f6116fb-340c-47aa-a081-e45264e27196', success rate: 1/1.
[2026-09-29 03:02:17Z INFO JobServerQueue] Got a step log file to send to results service.
[2026-09-29 03:02:17Z INFO JobServerQueue] Starting upload of step log file to results service ResultsLog, C:\Devops_training\DevOpsCICDProject\actions-runner\_diag\blocks\18992a38-1bf9-4361-a4b9-910b2c944550_7bcc32a5-784a-43ec-8a66-9a7a7d59f1cc.1
[2026-09-29 03:02:17Z INFO JobServerQueue] Try to append 1 batches web console lines for record '9f6116fb-340c-47aa-a081-e45264e27196', success rate: 1/1.
[2026-09-29 03:02:17Z INFO JobServerQueue] Try to upload 1 log files or attachments, success rate: 1/1.
[2026-09-29 03:02:18Z INFO JobServerQueue] Tried to upload 1 file(s) to results, success rate: 1/1.
[2026-09-29 03:02:18Z INFO HostContext] Well known directory 'Bin': 'C:\Devops_training\DevOpsCICDProject\actions-runner\bin'
[2026-09-29 03:02:18Z INFO HostContext] Well known directory 'Root': 'C:\Devops_training\DevOpsCICDProject\actions-runner'
[2026-09-29 03:02:18Z INFO HostContext] Well known directory 'Work': 'C:\Devops_training\DevOpsCICDProject\actions-runner\_work'
[2026-09-29 03:02:19Z INFO JobServerQueue] Try to append 1 batches web console lines for record '9f6116fb-340c-47aa-a081-e45264e27196', success rate: 1/1.
[2026-09-29 03:02:20Z INFO JobServerQueue] Try to append 1 batches web console lines for record '9f6116fb-340c-47aa-a081-e45264e27196', success rate: 1/1.
[2026-09-29 03:02:22Z INFO ProcessInvokerWrapper] STDOUT/STDERR stream read finished.
[2026-09-29 03:02:22Z INFO ProcessInvokerWrapper] STDOUT/STDERR stream read finished.
[2026-09-29 03:02:22Z INFO ProcessInvokerWrapper] Finished process 29352 with exit code 0, and elapsed time 00:00:05.1899698.
[2026-09-29 03:02:22Z INFO CreateStepSummaryCommand] Step Summary file (C:\Devops_training\DevOpsCICDProject\actions-runner\_work\_temp\_runner_file_commands\step_summary_dec139e8-caa9-4666-b225-79dd28db5137) is empty; skipping attachment upload
[2026-09-29 03:02:22Z INFO StepsRunner] Step result: 
[2026-09-29 03:02:22Z INFO ExecutionContext] Publish step telemetry for current step {
  "action": "actions/checkout",
  "ref": "v4",
  "type": "node24",
  "stage": "Post",
  "stepId": "9f6116fb-340c-47aa-a081-e45264e27196",
  "result": "succeeded",
  "errorMessages": [],
  "executionTimeInSeconds": 6,
  "startTime": "2026-09-29T03:02:17.0824566Z",
  "finishTime": "2026-09-29T03:02:22.3257211Z"
}.
[2026-09-29 03:02:22Z INFO StepsRunner] No need for updating job result with current step result 'Succeeded'.
[2026-09-29 03:02:22Z INFO StepsRunner] Current state: job state = 'Failed'
[2026-09-29 03:02:22Z INFO JobRunner] Finalize job.
[2026-09-29 03:02:22Z INFO HostContext] Well known directory 'Bin': 'C:\Devops_training\DevOpsCICDProject\actions-runner\bin'
[2026-09-29 03:02:22Z INFO HostContext] Well known directory 'Root': 'C:\Devops_training\DevOpsCICDProject\actions-runner'
[2026-09-29 03:02:22Z INFO HostContext] Well known directory 'Diag': 'C:\Devops_training\DevOpsCICDProject\actions-runner\_diag'
[2026-09-29 03:02:22Z INFO HostContext] Well known directory 'Bin': 'C:\Devops_training\DevOpsCICDProject\actions-runner\bin'
[2026-09-29 03:02:22Z INFO HostContext] Well known directory 'Root': 'C:\Devops_training\DevOpsCICDProject\actions-runner'
[2026-09-29 03:02:22Z INFO HostContext] Well known directory 'Diag': 'C:\Devops_training\DevOpsCICDProject\actions-runner\_diag'
[2026-09-29 03:02:22Z INFO JobExtension] Initialize Env context
[2026-09-29 03:02:22Z INFO JobExtension] Initialize steps context
[2026-09-29 03:02:22Z INFO JobExtension] Total accessible running process: 344.
[2026-09-29 03:02:22Z INFO JobExtension] Wait for all connectivity checks to finish.
[2026-09-29 03:02:22Z INFO JobExtension] Connectivity check result: {
  "endpointUrl": "https://broker.actions.githubusercontent.com/health",
  "endpointIPs": null,
  "startTime": "2026-09-29T03:01:58.8059383Z",
  "statusCode": "http_OK",
  "requestId": "6211:7BED6:170884:188A39:6ABB2A27",
  "httpRequestDurationInMs": 733,
  "dnsResolutionDurationInMs": 0,
  "dnsError": null
}
[2026-09-29 03:02:22Z INFO JobExtension] Connectivity check result: {
  "endpointUrl": "https://token.actions.githubusercontent.com/ready",
  "endpointIPs": null,
  "startTime": "2026-09-29T03:01:58.8149035Z",
  "statusCode": "http_NoContent",
  "requestId": "1058:1EE2:662177:761E78:6ABB2A27",
  "httpRequestDurationInMs": 889,
  "dnsResolutionDurationInMs": 0,
  "dnsError": null
}
[2026-09-29 03:02:22Z INFO JobExtension] Connectivity check result: {
  "endpointUrl": "https://run.actions.githubusercontent.com/health",
  "endpointIPs": null,
  "startTime": "2026-09-29T03:01:58.8162516Z",
  "statusCode": "http_OK",
  "requestId": "30BE:328B56:176FA1:18F1CC:6ABB2A27",
  "httpRequestDurationInMs": 780,
  "dnsResolutionDurationInMs": 0,
  "dnsError": null
}
[2026-09-29 03:02:22Z INFO ExecutionContext] Publish step telemetry for current step {
  "action": "complete_job",
  "type": "runner",
  "stage": "Post",
  "stepId": "5afc2599-6e73-4eec-b54c-1ae29e7a36a8",
  "result": "succeeded",
  "errorMessages": [
    "Node.js 20 is deprecated. The following actions target Node.js 20 but are being forced to run on Node.js 24: actions/checkout@v4. For more information see: https://github.blog/changelog/2025-09-19-deprecation-of-node-20-on-github-actions-runners/"
  ],
  "executionTimeInSeconds": 1,
  "startTime": "2026-09-29T03:02:22.3471527Z",
  "finishTime": "2026-09-29T03:02:22.4229166Z"
}.
[2026-09-29 03:02:22Z INFO JobRunner] Job result after all job steps finish: Failed
[2026-09-29 03:02:22Z INFO JobRunner] Completing the job execution context.
[2026-09-29 03:02:22Z INFO JobRunner] Shutting down the job server queue.
[2026-09-29 03:02:22Z INFO JobServerQueue] Try to append 1 batches web console lines for record '5afc2599-6e73-4eec-b54c-1ae29e7a36a8', success rate: 1/1.
[2026-09-29 03:02:22Z INFO JobServerQueue] Fire signal to shutdown all queues.
[2026-09-29 03:02:22Z INFO JobServerQueue] All queue process task stopped.
[2026-09-29 03:02:22Z INFO JobServerQueue] Web console line queue drained.
[2026-09-29 03:02:22Z INFO JobServerQueue] Uploading 3 files in one shot.
[2026-09-29 03:02:23Z INFO JobServerQueue] Try to upload 3 log files or attachments, success rate: 3/3.
[2026-09-29 03:02:23Z INFO JobServerQueue] File upload queue drained.
[2026-09-29 03:02:23Z INFO JobServerQueue] Starting results-based upload queue...
[2026-09-29 03:02:23Z INFO JobServerQueue] Uploading 3 file(s) in one shot through results service.
[2026-09-29 03:02:23Z INFO JobServerQueue] Got a step log file to send to results service.
[2026-09-29 03:02:23Z INFO JobServerQueue] Starting upload of step log file to results service ResultsLog, C:\Devops_training\DevOpsCICDProject\actions-runner\_diag\blocks\18992a38-1bf9-4361-a4b9-910b2c944550_9f6116fb-340c-47aa-a081-e45264e27196.1
[2026-09-29 03:02:23Z INFO JobServerQueue] Got a step log file to send to results service.
[2026-09-29 03:02:23Z INFO JobServerQueue] Starting upload of step log file to results service ResultsLog, C:\Devops_training\DevOpsCICDProject\actions-runner\_diag\blocks\18992a38-1bf9-4361-a4b9-910b2c944550_5afc2599-6e73-4eec-b54c-1ae29e7a36a8.1
[2026-09-29 03:02:24Z INFO JobServerQueue] Got a job log file to send to results service.
[2026-09-29 03:02:24Z INFO JobServerQueue] Starting upload of job log file to results service ResultsLog, C:\Devops_training\DevOpsCICDProject\actions-runner\_diag\blocks\18992a38-1bf9-4361-a4b9-910b2c944550_b67fd62e-8871-50fa-8a7f-f0c40b88a454.1
[2026-09-29 03:02:25Z INFO JobServerQueue] Tried to upload 3 file(s) to results, success rate: 3/3.
[2026-09-29 03:02:25Z INFO JobServerQueue] Results upload queue drained.
[2026-09-29 03:02:26Z INFO JobServerQueue] Timeline update queue drained.
[2026-09-29 03:02:26Z INFO JobServerQueue] Disposing job server ...
[2026-09-29 03:02:26Z INFO JobServerQueue] Disposing results server ...
[2026-09-29 03:02:26Z INFO JobServerQueue] All queue process tasks have been stopped, and all queues are drained.
[2026-09-29 03:02:26Z INFO TempDirectoryManager] Cleaning runner temp folder: C:\Devops_training\DevOpsCICDProject\actions-runner\_work\_temp
[2026-09-29 03:02:26Z INFO HostContext] Well known directory 'Bin': 'C:\Devops_training\DevOpsCICDProject\actions-runner\bin'
[2026-09-29 03:02:26Z INFO HostContext] Well known directory 'Root': 'C:\Devops_training\DevOpsCICDProject\actions-runner'
[2026-09-29 03:02:26Z INFO HostContext] Well known directory 'Diag': 'C:\Devops_training\DevOpsCICDProject\actions-runner\_diag'
[2026-09-29 03:02:26Z INFO HostContext] Well known config file 'Telemetry': 'C:\Devops_training\DevOpsCICDProject\actions-runner\_diag\.telemetry'
[2026-09-29 03:02:26Z INFO JobRunner] Raising job completed against run service
[2026-09-29 03:02:27Z INFO Worker] Job completed.
